date,MSFT,GOOGL,AMZN,JPM,JNJ,PG,XOM,CAT,NEE,APD,SPY
2015-01-02,0.006673842840199784,-0.0020917348218643106,-0.0058965683905267685,0.004953659316105474,-0.0004781486084731723,-0.007135799758913097,0.004110329909195576,0.0038238828798817792,0.0037632891180721106,0.008320044373548718,-0.0005351756346134717
2015-01-05,-0.009302822925364329,-0.019053913698342417,-0.020517308440295534,-0.03104496719558547,-0.006984309223820762,-0.004754533392121285,-0.027361844232806964,-0.05278624292509704,-0.010591433125339722,-0.03197414563688139,-0.018059679696165176
2015-01-06,-0.014570966001709262,-0.02467947483811994,-0.022833316787451596,-0.025928984310108927,-0.004913768185385581,-0.004555049438990766,-0.005316203344247428,-0.006434562794048193,0.0038840469847980508,-0.00035516408584590486,-0.0094189966291236
2015-01-07,0.01270536692194879,-0.0029409442603650637,0.010599749398895852,0.0015259409982588679,0.022075910146976296,0.005245535715202143,0.01013250194924975,0.015496704058650002,0.009153534020116982,0.010800824273088816,0.01246121509327991
2015-01-08,0.029418126758096852,0.0034841136290582053,0.006836002948864106,0.022346368714339482,0.007862826828820113,0.011435550126939198,0.01664462081084639,0.010249402118728046,0.006078174677768722,0.02312829525528226,0.017745044733585402
2015-01-09,-0.008405127127270928,-0.012211240654138478,-0.011748652066830845,-0.01738698460004362,-0.013629100479999767,-0.009330406146835557,-0.0014095196799195353,-0.01194904745840697,-0.00882981689530693,-0.014978700014078639,-0.008013598834608726
2015-01-12,-0.012502648865307053,-0.007309474359473489,-0.018590240123935065,-0.008594539940611323,-0.0034305317323892748,-0.0036565096946820086,-0.01921824104187242,-0.00867084997171197,-0.002531882970972732,-0.0069056919639227665,-0.007833537331471851
2015-01-13,-0.0052575107300990576,0.00953607210778551,0.011427198792079984,0.00016998130271561607,0.0017211703965140934,0.004225978646511974,-0.0036532713377199766,-0.005984578202730462,0.003948481711151475,-0.005267963756975136,-0.0028127313103600837
2015-01-14,-0.00862905835371608,0.00823037066288812,-0.004987446563072484,-0.03450033990473578,-0.007254677358142225,-0.003433001107036815,-0.002888888888824659,-0.0034734282723400955,0.006180353965180574,-0.011933342748367104,-0.006037212984577156
2015-01-15,-0.010336198454498291,-0.0037949914010108055,-0.02155010740955443,-0.032036613272223846,-0.01451923076921291,-0.0014446049561936958,-0.008691776242284344,-0.012199372605075642,-0.003815728243059202,-0.0033588222680730473,-0.00916060937996832
2015-01-16,0.016710642040140167,0.012787444692881733,0.013207875936574354,0.017094017093616465,0.015123426676200147,0.015468506565636808,0.024280575538031535,-0.005455407969382153,0.011023916294748304,0.0017926287109348849,0.0131142598733478
2015-01-20,0.0032439446362479973,-0.0010089038197838018,-0.00447134897158985,-0.003933488287190201,-0.026432141484351912,-0.0006575342459118616,-0.00032923617103775005,0.001311709994016752,0.006560709665347719,0.011953331901569664,0.0021326191539046135
2015-01-21,-0.01013149385628298,0.020492606974309657,0.02698313985627432,0.003231017768496436,0.006022312172347277,0.002013378660165266,0.008562959709987883,0.01667262117321333,0.008812999170699332,0.0121657943130149,0.005048005543082157
2015-01-22,0.026350174214426314,0.032494859620823435,0.043969722455845295,0.030416890321596002,0.018253189401898462,0.009809324368132977,0.010884946118867811,0.016984889306184137,-0.0030940030928273687,0.008525506639081692,0.0148709868032606
2015-01-23,0.0010608953972452984,0.008654383026230672,0.006670533642691545,-0.015801354401752565,-0.015034695450907631,-0.016808557082326647,-0.021320124905194415,-0.013936880903270277,-0.0006389776343708187,-0.005958980044254991,-0.005482775351641989
2015-01-26,-0.0036032217048029835,-0.009650336745525512,-0.008739076154806513,0.0015878616785733879,0.0005870841480477562,-0.0055506216702324584,0.009572010122401498,0.00490596892903028,0.0024662038730789426,-0.0026488219711976457,0.002341806117839962
2015-01-27,-0.09253350351027134,-0.028935012669396243,-0.009397403603952692,-0.010040514354442753,-0.0016624291021620774,-0.03449430676455545,-0.008827375763419187,-0.07183540625430496,0.01339407744886767,-0.008596589320290504,-0.013190557313499274
2015-01-28,-0.03445850914251469,-0.016807690095124728,-0.009258353708231581,-0.025800711744700333,-0.005975119991550204,-0.01549312059258423,-0.03298515667933788,0.00200375704429101,-0.011688545226381408,-0.021290095171746404,-0.012824306994177692
2015-01-29,0.019907744598849808,0.0015611888472097935,0.025895824421703795,0.01680365296869102,0.008868742608620916,0.006106870229614314,-0.004206935758648056,-0.00012498437601293766,0.0158296943234979,0.05877692141550428,0.009243529529607386
2015-01-30,-0.03832420852255525,0.047386162150577116,0.13711591506831744,-0.023172265133387326,-0.021879273294934443,-0.016108322633896943,-0.0018269011187930229,-0.0003750000004848486,-0.0216729357005383,-0.009388393768930636,-0.012574879944712403
2015-02-02,0.021782178219459603,-0.009952562554335964,0.028037119566750368,0.02004413387052284,0.006890353505375479,0.009846956935213313,0.02470830473607455,0.01087907965571544,0.0075979494729114805,0.014216056589600568,0.012384056154785883
2015-02-03,0.007751937984806556,0.0020668921469062518,-0.0025242132411448237,0.022534703445002746,0.016165823663557122,0.009750939848805817,0.02980576021303105,0.038099950519182135,0.001544471699235217,0.0049431202601963875,0.014461172741384365
2015-02-04,0.005769230767331379,-0.013500843804033269,0.0033007839361849367,-0.005994358252744192,-0.010735896935515132,-0.0018615474109761054,-0.008563685636333473,-0.023474737845459503,-0.007256894050922447,6.738090443736411e-05,-0.0038078500295263273
2015-02-05,0.014579349904563665,0.0070899068640755125,0.025058259081562673,0.006917346577129724,0.010852407261375374,0.010607296886786743,0.009840367372950798,0.019768151311518878,0.002467105263386671,0.020886672954698593,0.01009507007771937
2015-02-06,-0.0009422850409165351,0.007634524279015675,0.0010430875391156391,0.0197287299629616,-0.01327347257499012,-0.012572087657306441,-0.001840623646084616,-0.004307765945541053,-0.03563941299918205,-0.007919746568091357,-0.002765379390862077
2015-02-09,-0.0011789672236287574,-0.008606883633925255,-0.009939083039435692,-0.0012091898428024939,-0.0130563798218426,-0.0065412919056723196,0.0006557377048295177,0.017545968032616877,-0.012098298674266261,-0.0036588610958425694,-0.00447579664300668
2015-02-10,0.005665722380527205,0.020556227327575227,0.006571135578583798,0.011068834314030829,0.005712567649121869,0.0039976484414274704,-0.006006989952316966,-0.009094130151111268,0.03166858017218965,0.0034719903851003764,0.010653374382992853
2015-02-11,-0.005164319251280247,-0.00399881516439804,0.0057507473290527855,-0.0015395141967425863,0.00029895366183607663,0.002927743295791263,-0.004504999450598901,-0.0058402860550230695,-0.025688583877940152,-0.0018630647413481194,0.0005802427351386807
2015-02-12,0.016753185465625986,0.014888475835751258,0.0054113131097721645,0.020558506080148975,-0.01932655907556957,0.004553946753903304,0.01953642384201837,0.0014386764179705747,0.002665143726677144,0.014732351176583336,0.009616778620676225
2015-02-13,0.018101647714997338,0.00943206168263333,0.012355171408118482,0.0016786973328200006,0.011986997155287726,-0.0015111007793496833,0.01082602576564784,0.019154794684507204,-0.01632808050349488,0.003875968991621681,0.004116408194540178
2015-02-17,0.000455892407895897,-0.01115828434584476,-0.016761385957101305,0.007206301322293607,0.008231278859365698,-0.0047729918510029945,-0.0034272250188595033,0.0029366850695478064,-0.0019301293151514631,0.004253648321904446,0.0015730765560895144
2015-02-18,-0.0011473152814154286,-0.004330195774282175,-0.005487041525717107,-0.012146422628597886,-0.004778972520868563,0.009006901392907496,-0.021923696937662274,-0.006793159990638786,0.029684780504874553,0.0026717059816128153,9.518823468090964e-05
2015-02-19,-0.0006891798754521394,0.007002672070534288,0.015065484639901427,-0.0023580933131140958,0.007402961184642454,-0.01217250173930351,-0.017250851553644586,-0.017688679246327332,-0.009953986292601469,0.014362773770068893,-0.0007138438105748213
2015-02-20,0.008160919539747624,-0.00850947021684012,0.012308869510151643,0.009623501604543172,0.00258192651460587,-0.003990142001449537,0.005366726296231139,0.013685474189926827,0.0016124442803711059,0.010123013838963413,0.006000571483101957
2015-02-23,0.006726713032090714,-0.012550756735339563,-0.009174790178804071,-0.007525083611689021,-0.0007979253945534781,0.006127017790895195,-0.010120106761405179,-0.011250592136370807,0.003693181817371105,-0.009894710135294082,-0.00014201855758566584
2015-02-24,-0.0013590033965307224,0.0068224299051813375,-0.004077445151786208,0.024768323504536394,0.005190656818069739,0.0012882070506008425,0.004606224019759297,0.012097257157416719,0.0008491367076666201,0.005637411915706547,0.0028407745846688037
2015-02-25,-0.0022680880028389527,0.016114359975479164,0.01790855542935632,0.005261427162416288,0.005064548162956095,-0.0004678362572320127,0.002012972489104259,0.007692307692343636,-0.014423076922731703,0.0004459166768260303,-0.0008498182334190085
2015-02-26,0.0014776085463339417,0.021851533810560708,-0.0014790980097050266,0.007196597970886787,0.015709910088312018,-0.0033934004214928315,-0.010602678570604152,-0.015854374633313184,-0.0028907303886704927,-0.0026743075451507448,-0.0011813069979742519
2015-02-27,-0.004653274315513323,0.005971857175478323,-0.012058212058212003,-0.004871711593713801,-0.002821011673360907,-0.00046964893734124935,-0.0012408347438153111,-0.010739856801598724,-0.00019327406245039924,-0.0031283917514286497,-0.0034061879078469692
2015-03-02,0.0006841505126207181,0.022021577235426415,0.014454440235690313,0.007996083550880995,0.006926153545496083,0.00328908727773336,-0.005647165122956599,0.00120627261651296,-0.01855789677098796,0.012744972460969173,0.006313490933175014
2015-03-03,-0.013673655422071218,0.006564989042306513,-0.0027096757464574184,0.003237817710222135,-0.008525479557764282,-0.002927057720284676,-0.004770558836246885,-0.0019277108432129708,0.003939334249033921,-0.013090495162275895,-0.004103967168252454
2015-03-04,-0.005198706101486761,-0.0008033932556316126,-0.004914068796963211,0.0025818944641164965,-0.0067422317767941164,-0.009511507750961212,-0.005021684546842375,-0.013399323997848933,-0.005395330587172453,-0.008458285275294797,-0.004215611974169531
2015-03-05,0.0012774358396860919,0.005368907025373071,0.013351797658862852,-0.002092386930000245,0.008558780128529175,0.003319502074137226,-0.005047029135057279,-0.0026917900395452277,0.007298550157112782,0.0007754943780913237,0.0010940731577449014
2015-03-06,-0.017397355603008147,-0.014679198880305666,-0.019957197741278465,-0.017903225805770195,-0.023507608271362113,-0.023277797469938077,-0.012796864191968904,-0.01778922831637353,-0.033584647020574954,-0.01452925222767154,-0.014064463088232837
2015-03-09,0.011567516525002652,0.002094606389342557,-0.004025362414165068,0.010018065362458861,0.0054939566473852786,0.005202032421935732,-0.005488730584961354,0.009367974020044079,0.0023302938176030796,0.008387392700033747,0.0041445783132703085
2015-03-10,-0.019136522753702256,-0.024821459675280377,-0.023906382079459054,-0.02504065040644088,-0.011225909000724399,-0.018654471056521293,-0.010568341945044413,-0.011137235490333408,-0.00950166784306039,-0.011631684970003886,-0.01622192359342789
2015-03-11,-0.0011896264564362768,-0.007430561758732246,-0.008497740250602126,0.004669779853223366,-0.012157138550527247,-0.00183958793115091,-0.0028483266077315994,-0.002627956451095592,-0.00010205122962736457,-0.005259697567087329,-0.002341691872840279
2015-03-12,-0.02286803239665869,0.009861613491205956,0.021481016458771096,0.01875830013339752,0.015358014645838969,0.008600565178560116,0.002380385620858405,0.006148055207233272,0.02592365788855089,0.013152676800548546,0.012713936430316597
2015-03-13,0.008776206727820535,-0.014558868078166642,-0.00977982043608383,-0.00602900439857712,-0.006210557948545081,-0.003167255450809092,-0.004155782474556169,-0.011971567527759075,0.0008953442093186936,-0.008415421749498608,-0.006132303234647418
2015-03-16,0.004349927500911344,0.015623869798918388,0.007474769280587212,0.013934426227861785,0.01864731377870621,0.021141390688716566,0.010611660904936926,0.009339896503691048,0.023456912832547916,0.0041447368422045106,0.013360540251248443
2015-03-17,0.0032483156886458087,-0.00717541485431783,-0.003830186152403936,-0.0038803556989492893,-0.011577280823008018,-0.00849688846444041,-0.008022652193983681,-0.0190071276721111,0.0030105856048063817,6.551791933118167e-05,-0.0029724805830696477
2015-03-18,0.01930687132765896,0.015333297464032558,0.008644332114433162,0.002272358383372808,0.01571728901780145,0.010863005431367867,0.023667935299718446,0.036711281069325974,0.03505034856758549,0.013364779873745736,0.012021542604614632
2015-03-19,-0.005058823531286505,-0.004398050019021049,-0.005051514788009692,-0.008906882590440035,0.002266903213209881,-0.004417910447853557,-0.019286627164460945,-0.015246526496125345,-0.013283442468025264,-0.0157745021979101,-0.00456143685235888
2015-03-20,0.014071183635844475,0.002270832221559438,0.014066016504125978,0.00898692810391033,0.0069820041296921875,0.016310865915698525,0.0015401018828131718,0.01373454863183965,0.004835039818837039,0.0030872306881986056,0.008786682577134552
2015-03-23,-0.0005830223876405194,0.0007434286246059685,-0.008930222727152493,-0.009878542508837684,0.005664062500420508,0.0014160962943126076,0.01052756091905449,-0.0012316787770544346,-0.002358713089155917,-0.005369654900641785,-0.0019485765884027506
2015-03-24,0.001050052501869514,0.02152572651224216,-0.0027192023673057175,-0.011122015048337541,-0.009904835890644725,-0.011077068111973398,-0.010651995785846524,-0.007522505858176043,-0.00851144316010466,0.0019092764492223413,-0.005619047618914297
2015-03-25,-0.033566433566903586,-0.018249818191588774,-0.0083669705151167,-0.014058881905988141,-0.01588858375807589,-0.010843660629836882,0.004022716515613922,-0.00770377733554406,-0.01354444868208049,-0.00998817190138468,-0.014653768796007216
2015-03-26,-0.006029908343889945,-0.005925925928864539,-0.009731507440155163,-0.001174299614155716,-0.001993223042417558,-0.010360197566506968,-0.006363422106143046,0.00025043826673920577,-0.0067685167271543945,0.0033187309176549995,-0.0023814152411296696
2015-03-27,-0.005823829169175787,-0.010804768998148195,0.008738260514495666,0.00016795431707672392,0.0019972039152817977,0.0019476567268608136,-0.008776091081047044,-0.002628943415212248,0.007982866041820635,0.010518655729109039,0.0022896672673669016
2015-03-30,-0.0002440810347282829,0.006429916598244878,0.010875431778929245,0.0236775818645536,0.012058999401368453,0.004981168752285381,0.024527398899160557,0.02133801933022661,0.011589723778465677,0.012176759410550853,0.012199863905710373
2015-03-31,-0.007446289062874922,-0.011467828596810392,-0.006647267679329438,-0.006233595800183123,-0.009354997538017051,-0.0094294003869424,-0.007357234614933761,-0.01646798574538233,-0.006587741072481279,-0.016384915474415118,-0.008739495798339325
2015-04-01,0.001598819335150825,-0.009392464397455003,-0.004958344531040049,-0.0037966325532614587,-0.014413518886388088,0.00463753966239433,-0.006352941175612803,-0.004873172559988093,0.006823642478746672,-0.007866208355957083,-0.0035363077068327753
2015-04-02,-0.010559921415574713,-0.014886531146017346,0.005388178417577105,0.009507923269638896,0.004942007059613118,0.001336248785845262,-0.0018943878769420719,0.007533902561313255,-9.54562809392101e-05,0.006329535612002335,0.00359747204668337
2015-04-06,0.031149168529061466,0.004877057509729665,0.01286769644056407,-0.000826173165252464,-0.004817342432120286,0.007400218366703459,0.00984578885058851,0.01557826520422334,0.007541766108292158,0.006951800847726508,0.006733191241984793
2015-04-07,-0.0003610542782334081,0.0016729478790531438,-0.006975387226819341,0.006284107820732743,0.009479628882216762,-0.007827552986042319,0.007282978972979581,-0.011657872131494385,-0.011843850672540679,-0.005983299362161132,-0.0026463936872521687
2015-04-08,-0.0026486876965580164,0.007304628713551642,0.018135199380358236,0.003286770747400025,0.0005994005994922613,0.004612210218917667,-0.01970845481097716,-0.0012416190701397545,-0.0023971617583655735,-0.0013890726287077992,0.0033770744888004245
2015-04-09,0.00144857556914757,-0.0014940602014216209,0.0061385099685205,0.00687960687955913,0.011681309903885717,0.0014498006521694862,0.007018796097719937,0.0029835902525319202,-0.00028835063411702944,0.00715373915337536,0.004423502259362833
2015-04-10,0.005785920924403776,0.000948870481626507,-0.0023204880846847686,0.00374166260024289,0.00720418434814496,0.0055495234655791315,0.0107501476666918,0.023797719386523974,0.008556869529415367,-0.0008549819137121384,0.005457156534264929
2015-04-13,0.0009587727701638737,0.00018230211082004288,-0.0007578727296485566,0.005996758509493327,-0.014795218498725338,0.0009598080382324792,-0.00257129499668296,-0.005569007265253001,-0.010962821735630901,-0.008820431805851014,-0.004522948010029948
2015-04-14,-0.0026340996149653018,-0.016149023039769728,0.0071921749136940605,0.015627517318719475,-0.0002983590260874358,0.0020376363423322275,0.015116006561838313,0.010469929388984278,0.005879518072322121,0.008367645105035848,0.0019130517959009552
2015-04-15,0.014525810322106869,0.0023342843387570422,-0.00431045675261621,0.01855964466929816,0.0007958615206720143,-0.0010765550245698252,0.016737850628092188,0.026024096385765638,-0.0017247987719593016,0.0033587987353929094,0.004487087689464264
2015-04-16,-0.002248254642805314,0.004583764599252804,0.0067544660320773,-0.006229559258039807,-0.008051689861385825,-0.00011974613734033746,-0.003973660308889904,-0.0014091122595473182,-0.004031483971682515,-0.0049885132917907304,-0.00028513044721178993
2015-04-17,-0.012926944973349785,-0.019833676770051434,-0.027147445860532637,-0.015201379093769396,-0.0021044192801256134,-0.011616766467606232,-0.009118887495115802,-0.012568176427430466,-0.005878951426402157,-0.011478329704825874,-0.011503541379240145
2015-04-20,0.030998438063467137,0.02213087059112806,0.037144530833954637,0.006365372373620337,0.006326571601004138,0.004119714042692291,0.0035660876574989953,0.01585014409200114,0.013087736305309683,0.010143476810198448,0.00913681173326264
2015-04-21,-0.006292972845197808,-0.002947496005590633,0.004287438063207638,-0.014705882351311206,0.000898113960136282,0.0025340895382433004,-0.004126547456596685,-0.00803782506021411,-0.010526315785394535,0.0036995441628706605,-0.0011913271383747759
2015-04-22,0.008209217778405664,0.011520928304851408,-0.003527787719208697,0.010110736639292961,0.0012961116654315319,0.0001203659131847612,0.006675874770144974,0.011320305052562984,-0.0010638297915172013,-0.0030277101289987174,0.0049141221371904464
2015-04-23,0.008258694893075846,0.015077023928962596,0.0004874294510006649,-0.0022243406418612777,0.000298715522613735,-0.017777109160186932,0.0009147038651193817,-0.0009426181220556495,0.009584664538778709,-0.005743711626779779,0.002516260742059684
2015-04-24,0.10452238117266033,0.029060381012106618,0.14131131567476074,-0.0031847133776077285,0.006171610591318988,0.0006176652258835791,-0.0065113091168061965,-0.0022408302853796913,0.007383966243403872,-0.003585657370033135,0.002320515248599442
2015-04-27,0.003342385627784328,-0.013143673953648127,-0.014693327342170215,-0.004153354631943107,-0.004946576968593797,-0.004938271605038458,0.0004599287122328821,0.008628841607460025,-0.011708710138018108,0.006664001065952885,-0.004157807701103078
2015-04-28,0.023422860712275284,-0.003091217409267877,-0.021091754834002274,0.00673724735317216,0.0015907735134110812,-0.002233250620562899,0.009079416159075038,0.010195710769850042,0.0026969755374093296,0.012577783662191866,0.0031788205154206217
2015-04-29,-0.0019326619885832175,-0.005280223966806941,0.00013975914840091974,0.013384321223606666,-0.003474290251081369,-0.007087789106737241,0.0007972665140816293,0.015081206495880961,-0.013448607107064636,-0.007126046024600985,-0.004114642452221817
2015-04-30,-0.008560945781687868,-0.02247991592240073,-0.017677061741621425,-0.005345911949342197,-0.011853770296063049,-0.004257983720074576,-0.005690224194681681,-0.007085714285510858,-0.01723466407065699,-0.055573846053008746,-0.010020420762485882
2015-05-01,0.00030838816008338377,0.004355194341704838,0.00258428564654567,0.00553272209922917,0.009374999999361089,0.009810086781912863,0.01693945290226373,0.005639963168349471,0.009412464081060001,0.0221013734922737,0.010841408423549526
2015-05-04,-0.008529441990601572,0.0030481167026767952,0.00040201480360391173,0.017450086463952186,0.002197143713053906,0.0007472910710812908,0.0029262802478200456,-0.0008011903406844878,0.00863761288089604,0.0066848567536264,0.002847380410343936
2015-05-05,-0.01326699834180256,-0.01771760364902475,-0.004373108925869951,-0.004944375771629317,-0.008470353760631322,-0.0034847542014631028,-0.005611042533368971,-0.003436426117272018,-0.02539898793689932,-0.014703889416171512,-0.011451826614003013
2015-05-06,-0.02773109243673466,-0.014667292765241813,-0.004962131104727208,-0.007453416148706871,-0.0033165829157668636,0.004121393780268878,-0.004739871345712077,-0.00011494252819765904,-0.0011982026949030056,0.0009627948553581067,-0.004116802297829514
2015-05-07,0.00907519446952354,0.013007400764387445,0.018563588642328988,0.009073842301292823,0.004941010387194744,-0.0024875621891055077,-0.006690100918181785,-0.00643752155420918,0.005698290513230342,0.0043971143943235536,0.003989617381336519
2015-05-08,0.022483940041689632,0.012748136667112497,0.015952961019490175,0.015348837209490984,0.018161749950080575,0.00947630922746856,0.015867579907764107,0.010181649889446476,0.006063618290288453,0.012175935426278928,0.01316608416713061
2015-05-11,-0.007958115182431613,-0.005774660715728297,-0.001936867347644755,-0.0006107802709106602,-0.004336257022890755,-0.008522727272982089,-0.016631082143041764,0.01672202496982078,-0.011856535915656385,-0.013245928228907355,-0.004772705792992049
2015-05-12,-0.00042220814831328557,-0.012917292683661485,-0.004227792537830677,-0.0013750954933196002,-0.005542908047061146,-0.003986545408300568,0.0027656141970042736,-0.006871690886880888,-0.0009999000091189814,-0.010478734332897033,-0.002991310954232107
2015-05-13,0.005807814148238721,0.0014107252260462388,-0.009628323511669978,0.0024479804167272246,0.000796257589906757,-0.003126954346955202,-0.005286141117336829,0.003176043557171493,0.0029026123485591526,0.0032530454039856327,0.00019049433319806575
2015-05-14,0.02299212598495659,0.017998480044916,0.012673647714761094,0.008089133088184708,0.012729985081723516,0.0109159347558061,0.004736598891259991,0.0033921302582282653,0.008782435132803856,0.018420144877215217,0.010427578325896913
2015-05-15,-0.008723316913914703,-0.004934450110162469,-0.014527620986397705,-0.002573807720238186,0.004615535697231943,0.005957552438307978,0.00436932275526436,-0.003493351364907582,0.010486743175164293,0.005825768866275727,0.0010838320528976375
2015-05-18,-0.005901232009782764,0.0003293747402228764,-0.0017840375586855028,0.008196721310821387,0.010948191593238787,-0.0038247995064689677,-0.0057240984548735385,-0.0015831731312930808,0.0015664773825998513,-0.0037042025861807604,0.003106759555421501
2015-05-19,-0.0024994792757924156,0.0047743611293953325,-0.008301194619509067,0.008882866607244022,0.005221427189571637,0.001114689125695234,0.001611974669077032,-0.011892626570804476,0.0020527859219443556,-0.0028391806936806097,-0.00032848427952925086
2015-05-20,0.0,0.005880425283686375,0.005098290294278218,-0.0079092672746226,-0.003462870333957091,-0.0043300754666913965,0.0016093803886578772,0.007909215956528826,9.75514583085868e-05,-0.002643888549521134,-0.0007041261794907827
2015-05-21,-0.003362757460771304,0.007782664567967057,0.018331524559995982,0.0025571600489844304,-0.004150579151432687,-0.0008697813123994536,0.0009181682543935032,0.015921755942235105,-0.0035115099461896504,0.005913539967216108,0.0029124389326826705
2015-05-22,-0.01096583720020139,-0.004112713491190245,-0.009267196441396508,-0.0027006751699252263,-0.010447178284810454,-0.005720681506876657,-0.00791193670503243,-0.007836113287813196,0.0006851996861609866,-0.008243800257005662,-0.0023887587819059197
2015-05-26,-0.006609808101200487,-0.013218639545036992,-0.005051095573275988,-0.01113284188260677,-0.005229403059303861,-0.010131332083517908,-0.013522884883014452,-0.008913460454738176,-0.011738237308240751,-0.004973768480806107,-0.010751678482445959
2015-05-27,0.021893110107503055,0.012902282568859613,0.01398453474980621,0.011258177391391344,0.0030747867491918157,0.0031589588076739172,-0.002811950789165074,0.0009107468126010598,0.005641888548325369,0.010271158586693696,0.009492168960147707
2015-05-28,-0.0033606385209763445,-0.0001262967973094664,-0.011241945204209514,-0.004061982849086654,0.00019776525289594282,-0.0007557626900125403,0.0,-0.021724294813179612,0.01428146384848561,0.004473363155542476,-0.001128349787994476
2015-05-29,-0.012434141200145521,-0.015987585258470216,0.006235787795672687,-0.00634441087608506,-0.009985170538697519,-0.011849237363660503,0.0010574550582300724,-0.008022322986253383,0.0006844626963455891,-0.009716599190148223,-0.006212934199509412
2015-06-01,0.007895860007564037,0.007133426243222107,0.003937283041725914,0.004560656735120627,-0.0009986019585267458,0.005868095419927277,-0.0008215962441858737,0.00246132208234795,0.011627906979788438,0.004701553556238469,0.0020365634176764402
2015-06-02,-0.006563624813601399,0.008630578467018202,0.00016244314489921585,-0.0009079903144710855,-0.0005997600953635551,-0.00393151553582094,0.00011746740280349499,0.007482754589259288,-0.01265333720065731,0.004747371991284277,-0.0009925792882904405
2015-06-03,-0.0014919011088904144,0.0024189908841421026,0.012993340912782259,0.01029990911777845,0.0011002200447252086,0.00025464731330182566,-0.0022316185108360864,0.0006962980153337739,-0.019565642731610988,0.0012824839689566936,0.002649507948441654
2015-06-04,-0.0104589114188125,-0.006483098920093799,-0.013307679974346565,-0.005547226387340842,-0.00859226695976456,-0.00521894093601194,-0.008593290171258983,-0.00881363794482215,0.0014967072476914645,-0.016246460834049126,-0.008446583616462333
2015-06-05,-0.004745470232781712,-0.003915242257818807,-0.008890849157342506,0.016432986583282183,-0.006449662400441425,-0.009213051824299323,0.0007124198528141168,0.006786006784916365,-0.015941018233754933,-0.0023984101961616044,-0.0017132251459568426
2015-06-08,-0.008885999133886102,-0.011009408039934221,-0.00808057149549124,-0.007861168793720563,-0.006390100416382216,0.003616169444504269,0.006763170384885164,0.0011621150500449318,-0.0065809456309267045,-0.007143838439146233,-0.0064356199648711865
2015-06-09,-0.001749398645309319,-0.002428792224697607,0.00467532467532461,0.004335476155137963,0.00255206206591696,0.015313344485414104,-0.0031820860343894086,0.006732443413095313,0.000713412147932857,-0.000761035008333022,0.0001439401209260005
2015-06-10,0.021029572837210297,0.01925630809810297,0.012433016828052867,0.016076213159418318,0.006822115873804435,0.008111533586633524,0.007448569402246363,0.020177562549703376,0.009471432933980006,0.010454891643503217,0.012041256895949148
2015-06-11,-0.0036472859902263455,-0.004632645672601909,0.005107133737261238,0.003808965718713253,0.0036407766995250057,-0.0016343977870515447,-0.001408285412603405,-0.003503616636427398,0.005548829704010716,0.0017815540630385929,0.003270762229603319
2015-06-12,-0.010120585700476359,-0.004672387463965699,-0.007044367970067245,-0.003940455341195248,-0.008968158000538184,-0.006800151115122222,-0.01257492067306254,-0.0036293523868009547,-0.004314236983885333,-0.008549931600405847,-0.008126624143220629
2015-06-15,-0.010767892105675192,-0.008164830950045499,-0.014537588388537359,-0.0038095238089292938,-0.00874428063043342,-0.009509319132511518,-0.0035705784339458146,-0.00819578827590206,-0.0012091898435758752,-0.0056571231460867955,-0.003953698852059762
2015-06-16,0.0078064870817016185,0.003443830570126094,0.008473576132367322,0.005589057213115867,0.008923992203793363,0.01254480286781412,0.011466794076261833,-0.0061976357163224804,0.004136400326380851,0.010962325678413487,0.0054997608798110775
2015-06-17,0.003054767620738641,0.003175069282145282,0.0012872723868371239,-0.003364048557876642,0.003761691744547102,0.012389380531393268,0.0005904581955991084,0.007622127265568324,0.011755249672847023,0.003156955596940625,0.001617122473237087
2015-06-18,0.016314988034141553,0.01752652762832385,0.027068090974965653,0.009392427353666744,0.0165096728447387,0.00924075923974188,0.008851646404919533,0.0021776504301249666,0.015491559085589746,0.005267838817416104,0.010066954746368761
2015-06-19,-0.013270547945407274,0.002409291956323223,-0.010173194656228013,-0.010177377144447664,-0.004982064567107147,-0.0034644889872673668,-0.0031586335968325496,0.0009149130834726904,-0.012712693134494968,-0.01204573295243494,-0.0040897466032038254
2015-06-22,0.0028199566168698453,0.0038743004720820373,0.0031500045985468628,0.012925969448748686,0.002303224515200819,-0.0011174571642492692,-0.00046942847086772765,0.008569469835796317,-0.0019809825668423153,0.0046841633953838,0.005123096627231316
2015-06-23,-0.006921912177527467,0.0066287878773461095,0.022232918471658758,0.011455916473783523,-0.00309721250927375,-0.008203853324699972,-0.0011741223436259052,0.0020391979148515205,-0.014589122669006804,-0.00671923208831815,0.0007551087828077119
2015-06-24,-0.005989980396203909,-0.008555352419761686,-0.01154734411085434,-0.010465949821527154,-0.004509921827611008,-0.003509211681760771,-0.004584459856892487,-0.0031656302996087016,-0.0076543458568442135,-0.00793815144573895,-0.007262438104152502
2015-06-25,0.0003286950786618448,-0.001109977261920525,-0.0016786135559387905,-0.005360764996169554,-0.0021141649054907674,-0.0015092441192340322,-0.00885687293398607,-0.016445503005898754,-0.005480564293192214,-0.006192596715724585,-0.0032302503444673336
2015-06-26,-0.008543263964877479,-0.008764226184548973,-0.004544421722335712,0.00436999271720806,0.005246166262913299,-0.0006298022425398342,-0.0008340283570200668,0.0011531365320154308,0.007245637309975184,-0.0052509976900246835,0.0003336033929857152
2015-06-29,-0.01966416261576054,-0.021353921818098143,-0.018808491212052192,-0.025380710659700045,-0.019670814932797542,-0.012856062515841926,-0.012401621749449698,-0.017507486753791435,-0.00536980749635374,-0.029138513513580766,-0.02110528823227964
2015-06-30,-0.004958305160966292,-0.00223556582067308,0.009840413157772288,0.008333333333266468,-0.0022522522523242827,-0.0010214504589738382,0.004588263702777873,-0.005627198124051325,-0.0014260975903637174,-0.0021877050968649447,0.0020440940280406217
2015-07-01,0.006681766705134207,0.006036589881831755,0.007602110161487152,0.011068476976911379,0.010363225938735399,0.018916155418893466,-0.009975961537201594,-0.010257014856427049,0.004080383560482348,0.012351092596823987,0.008159696925574611
2015-07-02,-0.0010124873433943193,0.007436039022248098,0.0007316125197194268,-0.008079917731290909,-0.00030466131924533624,0.002634219770017987,0.009348063614059932,0.005122096487017336,0.01818551254309675,-0.008229858504612775,-0.0012044129692543315
2015-07-06,-0.00022522522569379255,-0.003142470858649049,-0.003815311507619268,-0.002813981041916991,-0.0024380333187392633,0.0015013136484436362,-0.0073370218893467065,-0.014576913960778204,0.0023947315920289647,-0.00924443150357146,-0.0031352498553017805
2015-07-07,-0.0020274836690873377,0.00808254829422772,0.001559489955049953,-0.007871676816966544,0.00733197555968812,0.020861961274879715,0.004119714041699973,0.010102224894778633,0.02408918972480789,0.0059510689885255985,0.006483766391153445
2015-07-08,-0.001354401803431049,-0.015144628477044342,-0.016074372595713426,-0.020508982035210455,-0.011625556005169346,-0.008932941752247237,-0.010860383732353873,-0.02047862840749526,-0.009039657851772964,-0.028702892199898966,-0.016729964905842998
2015-07-09,0.006329113924050445,0.005445818719198359,0.010914591575517774,0.010392786183784697,0.006443694385309229,-0.004074577108110211,-0.004513846529519472,-0.007049957457611056,-0.007552721922940986,-0.005489134521607375,0.0013200997408535642
2015-07-10,0.0020215633412903333,0.021041035529603347,0.020994958447478007,0.014218726364299883,0.011483739837456541,0.003595338456179542,0.007598039216196284,0.005631044190772094,0.004546353033563211,0.027748374413634647,0.013085937499997202
2015-07-13,0.02084734364391827,0.0280879682073234,0.027192171540664223,0.015510812826610598,0.007434944237786123,0.0118591723291821,0.002432498175788389,0.01813755325592359,0.003246753246188394,0.004119767527382967,0.010989010989138182
2015-07-14,0.0017566974099709753,0.02177601315285993,0.021950523519985943,0.013952122191499994,-0.004886805624909951,0.0015871078010263329,0.008371754427138667,0.009803921569764729,0.00019613612209479214,0.005128580848867248,0.004576659039164932
2015-07-15,0.003068829459489164,-0.000376596254087036,-0.009407822668986432,0.002172653534941116,0.006414111044258597,0.0013408093612310434,-0.0042112862454899425,-0.0035519772677913286,0.007647808608288509,0.0022596399151950664,-0.0004271070616880257
2015-07-16,0.019667832168056787,0.030515788750804518,0.03098506038725901,0.005347593582297527,0.0068711412068471756,0.0018259281814463346,0.0018124697903438847,0.0043963878323705075,0.016152573704637296,-0.0031272727270186262,0.0077861653139115194
2015-07-17,-0.0008572653229060867,0.16258433314418008,0.01583662824934806,-0.005031627371240521,-0.010186925131195235,-0.0007290400983844814,-0.0036183813757004746,-0.007163323781619435,-0.0074691180691606185,-0.0062741664847209,0.0009421962591340538
2015-07-20,0.006435006435906665,-0.009690975099671206,0.010538084097637679,0.000722438953514537,0.0028976818547972183,-0.000607976654125264,-0.010289311222083874,-0.010942760942568963,-0.004823926672501311,-0.007121356728785,0.0007059820212966805
2015-07-21,0.007672634269684009,0.003622770049017454,-0.00020487604998986608,-0.00231013572037575,-0.0002988940915619187,-0.006813480957562179,-0.0012230919765986448,-0.00036474164122679564,-0.009888511876989692,-0.013309671694700431,-0.004044774715886046
2015-07-22,-0.036802030457093515,-0.0003595311708827209,0.0005532786885245056,0.014182344428005589,-0.0015945784339943536,-0.0016795295845588587,0.0015919666912651564,-0.0299197275606079,0.006560266325279507,-0.004796163069520909,-0.0022194937661657033
2015-07-23,0.012516469038690081,-0.02930513595402251,-0.012472607368873678,-0.006278538813954793,0.00019964064708899443,-0.001608313745588008,-0.007947181807599013,-0.036108324975387185,-0.007101167313621981,-0.0006777108426312406,-0.005442756401424886
2015-07-24,-0.003686835827465318,-0.02958220325197669,0.09797171180886788,-0.010482481332259375,-0.010479041916572007,-0.005080545228841049,-0.014789253141729408,-0.01014568158199658,0.0020574115789717684,-0.01996835204594749,-0.010469211001767453
2015-07-27,-0.012842838483824282,0.00534538845929422,0.0037588304181934706,-0.013060513712272681,-0.008774583963171212,-0.003985552373321877,-0.00850637978540425,-0.010249671483498202,0.011928040673281126,-0.009534061202469135,-0.005770895450795677
2015-07-28,-0.0002205071669415526,0.0021115955462087665,-0.010124009710016701,0.0005881488001449053,0.007529507529375312,0.003251219206904299,0.04062578854472454,0.03266064790099277,0.005700483091103159,0.031051079024822847,0.012431072845075164
2015-07-29,0.020952801058595316,0.002683200436142563,0.0056460658137367226,0.013078618664303487,0.0071702686327717036,0.004861024554807969,0.008001939862787966,-0.005785548984235889,0.004803535403401948,0.009938262309839185,0.006975299794520495
2015-07-30,0.012745733418589422,0.004732171204736346,0.01466918714555776,0.001450536697788385,0.0011029780400639844,-0.04006450012366203,-0.0015636276161752338,0.013190223717590932,0.002868343055653977,0.06113016251644554,0.00023722541149884258
2015-07-31,-0.003839590441742202,-0.010623570484037503,-0.0011364483195469566,-0.0073870220153081645,0.003705929487116455,-0.008915880604919213,-0.04577761715378792,0.0035737077206767776,0.0029554771624700216,0.0011943234511160306,-0.0017550517026845291
2015-08-03,0.002355460385350394,0.010980988594178731,-0.002088967639653161,0.0,-0.001896018360455165,-0.003911342894169723,-0.014518368893790767,-0.0174233753017361,0.023859315590153418,0.023647463336010865,-0.0034212401999108577
2015-08-04,0.015594958342327603,-0.005175111324384751,-0.005850139244528374,-0.00102145046144142,-0.0021995600880533317,-0.006413612565194793,-0.011401486035095276,-0.008542583483434285,-0.010862501159987437,0.001439539347625196,-0.001954894387532935
2015-08-05,0.0008413967178528825,0.018161746912712884,0.009607068997931956,0.003943908852090061,0.007214428857329258,-0.001844289291154655,0.0,0.0036553524793079273,-0.005443964708205962,0.00930932986509947,0.0037263519968324665
2015-08-06,-0.020176544767075866,-0.0046636664734989175,-0.014059328504124724,-0.006983849846941781,-0.014424990051772557,-0.000395935066268005,0.01192173124141993,0.00754422476696659,-0.00198187995343424,-0.002916242794816837,-0.00832936696847364
2015-08-07,0.002574002574362577,-0.008595090649172299,-0.01291882295168656,-0.002930402930772291,-0.0022206520642696903,-0.0034327964084519547,-0.016135228581440564,-0.0021946811267533617,0.011820330967494241,-0.0056454904092179126,-0.0020638348931414363
2015-08-10,0.012623020965906173,-0.001881425067182807,0.002640541885117198,0.012343864805276494,0.009509357612230929,0.011923688393594256,0.024990238187787783,0.0371328761811498,-0.004392523363113576,0.014775292427586573,0.01303385917666433
2015-08-11,-0.01943798858937895,0.040956660733552974,0.00660305343511447,-0.009580490637098538,-0.007816414469407729,-0.0020947892104126176,-0.00673015873061289,-0.026447105788511283,0.0009387027100946632,-0.011122345804006284,-0.009352893699719256
2015-08-12,0.00711053652203697,0.0016949152549512458,-0.002938611458688789,-0.014509746444635208,-0.0030299969710995134,0.0022303857245702385,0.01677635824134871,0.011276268580128201,0.01659945606609159,-0.008997955010180858,0.0012460461993308858
2015-08-13,-0.0002139495083613996,-0.0071731239237902145,0.007130497613660136,0.004610350980243094,-0.0023300577444232973,-0.007985338395096742,-0.0017768752389173414,-0.014698428789133189,0.00479704797023528,0.002476269087895444,-0.0010530346544856961
2015-08-14,0.0057778728863591144,0.004165999039057677,0.0035116867424385134,0.0050333086602929455,0.0033509341992568054,-0.0021113750333479064,-0.0036872218696963888,0.009387860082807231,0.0011017260381598337,0.006861534239021916,0.0031624341161740066
2015-08-17,0.006808510640080145,0.006875843160952133,0.006961167971101689,0.002651347768586776,0.010727659145045143,-0.0011901613318352489,0.005232261357857482,0.0006370238244981508,0.00449376375354249,0.00013629548906424205,0.005731753916883964
2015-08-18,0.0054945054936264,-0.007750932850772552,-0.0003736781136728373,0.0020567063313865486,-0.005006508461903203,-0.005295908911259861,-0.011044814015435223,0.003565062389166762,-0.00018259837336043194,-0.0049741073864049135,-0.002992021276749024
2015-08-19,-0.0139623439827532,0.007709842755723173,-0.00392508691263882,-0.008942970237252545,-0.000603803964377092,-0.013443364833401583,-0.02143774069158555,-0.017888860696422815,-0.0040178979097947876,-0.009450112989984882,-0.007859762778037127
2015-08-20,-0.020381892295567527,-0.02097861794878142,-0.03216242588005702,-0.024556213019429562,-0.005236129291911862,-0.0028332433900349896,-0.021776203596072463,-0.012918227618624711,-0.0075181076339043695,-0.029519529900269403,-0.02050124831940614
2015-08-21,-0.05672360928643505,-0.052172249367449575,-0.0413160649889488,-0.035486806187261966,-0.025103755441017395,-0.0280070355825931,-0.03272093334968018,-0.018453082056838266,-0.011916859122537149,-0.020586978202150497,-0.03127297681523977
2015-08-24,-0.032273043881499874,-0.040246572362313215,-0.06289562561935003,-0.05267295597360122,-0.028673084972543172,-0.03758351893255574,-0.047275752114522396,-0.029066666666516472,-0.03664921466123339,-0.03760273474439502,-0.04113747912723986
2015-08-25,-0.029030710173249652,-0.009124589475509315,0.0064743077885922595,-0.0056431535270097255,-0.022516698987149697,-0.010413653456559313,-0.00014551804514417732,-0.010436693216552273,-0.024553571427724075,0.01881801692881191,-0.01197889182111278
2015-08-26,0.055349641709246056,0.07717929041566496,0.07376117674807547,0.05007511266856013,0.048275101950057575,0.0362467114880658,0.055159365448971265,0.02511795725744448,0.019102576854166387,0.022105185075663725,0.03979063184331055
2015-08-27,0.027862327322648817,0.012459453723214553,0.03514587535195801,0.024956286758481383,0.011670697087226678,0.00818053596657875,0.03241379310512871,0.024231758494357658,0.0059020263666969,0.020756223237673233,0.023012122457662043
2015-08-28,0.0006833712995515384,-0.012380980896006033,-0.0006944846345274813,-0.0054280397013587445,-0.01091249220431334,-0.0037772803583060455,0.002939211755969451,0.003832936823186195,-0.004302757676169167,0.000142196943230255,0.0004016870857330712
2015-08-31,-0.009333029820885463,-0.01799329988424836,-0.009883979073763038,-0.0004677997831094016,-0.01250394031790747,-0.007583204606424698,0.002264553083017873,0.006451612902983017,-0.03349047338695532,-0.008104073363612185,-0.008532423208064799
2015-09-01,-0.039062499999917066,-0.028186842024610415,-0.03187818050654134,-0.04134165366458198,-0.02011066184329946,-0.02504598839573624,-0.04199893673449129,-0.020146520145523872,-0.031094400976551362,-0.025872572205863364,-0.0292092740711416
2015-09-02,0.03682448589186893,0.024382108139263003,0.02821524952672494,0.018226200161956863,0.013682267347894683,0.013207547169573175,0.015954495005319203,0.01602136181436009,-0.0032511798613846787,0.022292525014345088,0.018981071074376077
2015-09-03,0.0032287822887893114,-0.012187747127248572,-0.011419057878758188,0.00175803100560179,-0.007605784681904648,0.0017189514399120753,0.007647139150323223,-0.021681997370448847,0.001367845119772726,0.004677941705859556,0.0012281868890220426
2015-09-04,-0.020459770115535902,-0.012699160190772218,-0.011333016325883682,-0.018825781748570858,-0.014356649394902554,-0.016731016732379644,-0.01802412250966845,-0.01813297515258261,-0.005779132084561045,-0.026504297994588755,-0.01564017377972804
2015-09-08,0.03003989673752372,0.02372169931105006,0.037154308617234344,0.026991869918376876,0.028802978862333184,0.017742873763867406,0.014352746341937506,0.016415868673422596,0.026104417673831648,0.02465047829249123,0.02528687886238612
2015-09-09,-0.018683071313461364,-0.0007299496791123294,-0.0012559415697337428,-0.015516149461299866,-0.01830955929221245,-0.02143469562610978,-0.020408163264375667,-0.01803499327031488,-0.018436502215986583,-0.014578096947628572,-0.013673655424322195
2015-09-10,0.005107963779496405,0.011920859172351417,0.010350364681073199,0.00771952396236264,0.005421817391966677,-0.0023364485985247763,0.00722222222067459,-0.007401315789013818,0.0005246589711207506,-0.005174172860833437,0.005596631752061487
2015-09-11,0.004389004387450157,0.00648153836786225,0.01378676470588247,-0.0015959144581164653,0.0022648835206411366,0.0014637002334452198,0.0023441809170148264,0.002899751448996568,0.005243838489882746,-0.0006592923597699141,0.004544294102551971
2015-09-14,-0.010119595215425048,-0.0043186326878393855,-0.015223632517376906,-0.002877237851806713,0.004196707198604432,-0.005261619408436946,-0.0027514100972546585,0.0019275781369627598,0.00292123109052711,-0.006890485266533131,-0.0038629663515740154
2015-09-15,0.021840148699658224,0.019311232699891878,0.0018988070121601641,0.01923693491314249,0.01157308186884376,0.020423156037742585,0.005104152295646314,0.02487288717837477,0.0010402579828945324,0.0010333628584642263,0.012603326870233023
2015-09-16,0.007276034561080502,0.0006766205052288754,0.00961004651875097,0.00880780119603819,0.0022245762715449313,0.00935925126002024,0.019763930826742326,0.014212925716526437,0.01330146524003517,0.022563043799212368,0.008515998992444818
2015-09-17,-0.0011286681717079805,0.009240894338341965,0.02176757238476279,-0.02323043342761133,0.0024310326609899846,0.001997146934260785,0.0021534320328320256,-0.020888418824856148,0.012203876528029456,0.0025237957886161677,-0.0021984610773966295
2015-09-18,-0.017401129944777605,-0.016004883350616894,0.0025794718577765163,-0.027294493215569426,-0.015288907634732674,-0.004271070616720163,-0.023905452593052545,-0.029705644073884208,-0.014285714288023499,-0.031863626555952984,-0.016557686530076277
2015-09-21,0.014489420423537513,0.009169037100059452,0.015048310072927729,0.008368887431422944,-0.002784023984234052,0.010151558479935874,0.009768849753928555,0.004174784303358603,0.007811696992263695,0.002005943537123356,0.005528255528379988
2015-09-22,-0.004760825209817909,-0.02066028966414668,-0.018216962380787294,-0.008787632221760822,0.0011811446356833066,-0.006510969568431557,-0.008856792479354114,-0.006651884700453636,-0.010198878123577781,-0.016682731519390148,-0.012930156790941671
2015-09-23,-0.0006833712969157579,0.00013778322088575656,-0.004327637444279442,-0.004432769660379532,-0.0026812526806496706,0.0009972930613741937,-0.006048941435641386,-0.020647321427759158,-0.0007212776933483989,-0.016136329362492874,-0.0015471892725135161
2015-09-24,0.0009117848194313272,0.0024797563133145406,-0.004327793012106618,-0.00692612137312143,-0.005484460695783566,0.015656134357846963,0.005947441216686444,-0.0626780626793968,0.0055681583817388525,-0.007817290005590727,-0.003460743801683819
2015-09-25,0.0006832156669220879,-0.022537447894972917,-0.01779859484777524,0.020757223515853518,-0.016003460206647224,0.01835762331911628,0.006874742198317962,-0.012462006079211552,0.011177194419806469,-0.014135640352911594,-0.0003109936245687672
2015-09-28,-0.014792899407629623,-0.024837928609589555,-0.03851216022889836,-0.024239466407107613,0.00406593406531397,-0.012384752994136883,-0.008603031545747819,-0.018313327176062932,-0.010749416890109442,-0.01864765337242824,-0.025716804065161192
2015-09-29,0.0034650034654648554,-0.0026271525829012488,-0.01585128754513354,-0.002334111370079328,0.01827733391765829,0.007106033162222136,0.005096418733767649,0.008151747922434893,-0.0077908764774421435,0.011017964071273756,0.0009046884150163415
2015-09-30,0.017495395947559,0.023433610123679394,0.03144717479388004,0.018883689837789985,0.0033319002580729506,-0.004703929164216691,0.018911881594913638,0.016327165292204127,0.007852050835596813,0.013988237164644035,0.018662271373659056
2015-10-01,0.00927601810026224,0.007532956685170733,0.01768718119100199,0.007380679022855663,-0.001928227103024982,0.00013900472665628882,-0.00390047074716271,-0.01484088127244132,-0.010251153254914325,0.013246590374447864,0.0028185187118952015
2015-10-02,0.021519838600955854,0.023348909658296613,0.02269933937624824,-0.00276782806796505,0.008157132124558153,0.006532314105759163,0.024574669187296116,0.02034477403313062,0.020611082340116438,0.009669683607884005,0.014937802529568778
2015-10-05,0.02326091727018187,0.022359548850035438,0.02091861644195747,0.019898043084139783,0.008836367506877219,0.011046672190002216,0.012256193991174058,0.05296803652947446,0.0221229957340614,0.01838798651614426,0.017794871794902356
2015-10-06,0.002573450567653568,-5.955216762132398e-05,-0.011403766921718739,0.00048371493027454804,-0.014140987757367829,0.002458344715904115,0.014060669184049024,0.02370627348979193,-0.008637807782344464,-0.0009780318996222004,-0.0034262105105249407
2015-10-07,0.0010695187167204523,-0.0024417842890228636,0.008297983180769686,0.0012892828375179466,0.01669877970454814,0.004359673023406341,0.016818590319979343,-0.006212934199332554,0.0008012018050633785,0.010392348822119146,0.00819050508132868
2015-10-08,0.01388888888827089,-0.004477611940483017,-0.01620105546739492,0.0,0.0010528532320217554,0.009224091155445313,0.010479797978596217,0.020744529695194025,0.009206444508975675,0.027875083848132975,0.009026628554234195
2015-10-09,-0.007165437301433819,0.006356821589993178,0.012454047565458648,-0.0032190568158750876,0.003050063104634182,0.001075268817386954,-0.009621391978141491,-0.0075167037857296615,0.001983143280031463,0.014792255818985689,0.0005963918293132586
2015-10-12,-0.0023349607300255926,0.0077319587618165375,0.019247869581326515,-0.0033909252397068546,0.006500996120607061,-0.002013963480014591,0.0005046681818023924,-0.011220196353686651,0.003958436418753042,-0.008145766344398453,0.0009437242337559937
2015-10-13,-0.0023404255317336364,0.009964076107363384,-0.002344644577327748,-0.0027543745948622744,-0.005625585999241234,-0.0029597739804837486,-0.0017654476680243336,-0.0046808510624150035,-0.0020699852132803898,-0.0037461278005997967,-0.006302104009557996
2015-10-14,-0.004478566858706179,-0.004039990047034703,-0.007414829659318722,-0.025345247764899326,-0.009638554216397366,0.0013493455667112908,0.0126326427489587,0.00769559640823636,-0.003062030815711325,0.0017354834039380318,-0.0047940074908758845
2015-10-15,0.007069408739811989,0.01853294337192013,0.0323220086999616,0.03167194532283846,0.027716068972565067,0.0008085163735092049,0.016467065869342212,0.00169707254933682,0.022490835231987916,0.008878943189100319,0.01535450850513942
2015-10-16,0.010636034885151746,0.003318807539516966,0.014792688997937509,0.008725157539074768,0.011219763252121817,0.008482563618371852,0.012272950417359318,-0.016236058168032086,0.004457364337453029,-0.006439610761074022,0.004546577712359445
2015-10-19,0.002315302041499656,0.006658804579196875,0.004187399257130853,-0.003363767421032837,-0.003053745927653284,0.0034712950597617365,-0.01806498545134594,-0.005884041331889689,0.001061161489404494,-0.005977243266706123,0.0004919565107506241
2015-10-20,0.003149937001683867,-0.028502035859959696,-0.02140800837477097,0.004821600771814705,-0.003573616500471277,-0.009712613090557043,-0.0019755525378363226,0.014436263896171475,0.0016382384122146654,-0.004926465261479107,-0.0012784579829282494
2015-10-21,-0.011932175003443346,-0.012058823531472918,-0.009110683212095294,-0.007357645553825676,0.00040987806173786723,-0.002379416903168896,-0.007670419399148476,-0.008538494379933481,0.002501443143804627,-0.013178012377162429,-0.006203535030221641
2015-10-22,0.017584745761117127,0.013902947305644009,0.014646346510247099,0.018208185627025086,0.01946123117870835,0.017121891561922675,0.03341229273286728,0.028419692838401733,0.014491362759981863,0.016895381438135182,0.016646024275691174
2015-10-23,0.1007703518629437,0.05606776874161956,0.062279441754889975,0.010761196393614947,0.007836833116322328,0.029124916499018827,0.0010857763291396427,0.012274266365427167,-0.010878819410319429,0.01567147935786828,0.011256761366200463
2015-10-26,0.02610175903159284,0.016390252041155406,0.015992521242675695,0.00046970408604329883,-0.0036885654478967522,0.005971699339090364,-0.02120993010310135,-0.003205574913051068,-0.006790359601158813,-0.0015715408238137218,-0.00255397070159058
2015-10-27,-0.010322580643988832,0.0023251996933448815,0.003943412037265226,-0.0040688575908356395,0.0025015009013287237,-0.002580978191010219,-0.0016005909875898006,-0.015799776286436584,0.002407318244957324,-0.003863490019363036,-0.002029083530778575
2015-10-28,0.005401378281729485,0.005594825469696252,0.009967103648058195,0.029226901319153065,0.002894500449032611,-0.010091861820030745,0.01467505240984135,0.02244637022400342,-0.011047070123584302,0.020828844357914544,0.011473108389728814
2015-10-29,-0.011485735456117085,0.010761005264793289,0.015313563441905709,-0.0044274809144654315,0.008857484076317368,0.0066657953225619515,-0.000607681088872325,0.0,-0.011364740165667575,-0.03356082459699805,-0.00023930314965814325
2015-10-30,-0.01349325337423668,-0.010015439350672617,-0.0010374271805920765,-0.014721668456015413,-0.003354049521331892,-0.008309529993444253,0.006202116015887604,0.014172571903790177,0.008646099429486354,0.011793826441608646,-0.004595720235189393
2015-11-02,0.011398176291118611,0.014035991809782544,0.00391436331682371,0.0200778210118997,0.01128377709523809,0.0028803351667603394,0.03069857384614294,0.0184956843410935,-0.004188583673006896,-0.0030220175563108187,0.011830904631309203
2015-11-03,0.01709241172237208,0.0014443523130882596,-0.0048380679557571415,0.0036618858702732737,-0.0020553978666317807,0.005874673628554428,0.018409943715392618,0.005515200429899725,0.0007825491561734843,0.0010825635101967546,0.0028993773469174755
2015-11-04,0.004616805169296523,0.00866696936460909,0.025011594249252367,0.0010641532392230424,-0.00019615535393824324,0.00012978585344325388,-0.010017271157109708,-0.0026755852842649253,0.008894536210404036,-0.0037488284911061376,-0.002938388625762234
2015-11-05,-0.0003676470580220581,0.00709642398628918,0.022934706295342888,0.008959757022305004,0.003825779870178625,-0.008694523747530658,-0.013607815770518283,-0.004426559356282445,-0.010850610342729827,-0.006440408133944531,-0.0010932598158275297
2015-11-06,0.009930121367770717,0.0012226063875329096,0.005673758865248235,0.030403371464287288,-0.0040066451674837245,-0.010734389317542226,-0.004008961207919826,-0.0051199137691505525,-0.031929480905151686,0.009613983976283436,-0.0005234356410099839
2015-11-09,-0.013838310268803111,-0.008967962186408496,-0.005884404810652444,-0.01562956471019561,-0.010596546310827404,-0.0022495699351332554,-0.021190955368557862,-0.026408450704921038,0.0007082152988642232,-0.016519982686443835,-0.009331555893776433
2015-11-10,-0.01200147710646926,0.004623925168570908,0.006392164640192766,0.004303309096753027,0.006049186830062503,0.004907161803971549,0.004881025014618512,0.007511475867292283,0.000909918105344909,0.002860705640972183,0.002306805074511864
2015-11-11,0.002616333396411319,0.009218473875682642,0.020570579674993983,-0.004875886524786099,0.004041399704177273,0.00250758875562318,-0.008864602307854685,-0.0071793455756956615,0.007272727272668478,0.0005851375074621412,-0.003931722285753225
2015-11-12,-0.006150978564300136,-0.011394968965339314,-0.01136279242480509,-0.02004454342933404,-0.015609660317755902,-0.01711427066971305,-0.02707669688690484,-0.045195383118380894,0.010128359407516108,-0.010964912280622685,-0.01395975738933064
2015-11-13,-0.009002250562538006,-0.021757233683673105,-0.03493088942307698,-0.006666666667284438,-0.0038894983541059025,-0.009375837128422715,-0.01649666288860374,0.014127585202174942,-0.002978258708299708,0.015373244641578854,-0.011228275727108161
2015-11-16,0.017505677517173357,0.013985163563702052,0.008500038919592168,0.014490543014416879,0.01341609931940213,0.018117901568001304,0.035851472470576295,0.010914835559692193,0.016827641140303884,0.021618867375421402,0.015206872716027942
2015-11-17,-0.008090765368449993,-0.0059166866558237885,-0.006961917846282195,-0.005713426553746959,0.0027662517280167,-0.003054448869992399,-0.01161928306625637,-0.014206563432220043,-0.01341558950104349,-0.006270039188401189,-0.0007295010208659969
2015-11-18,0.016613177271107116,0.01880747473104938,0.03146277009171472,0.019960683502063814,0.011527093596394034,0.011056347408743283,0.009754877440529164,0.013402507566034894,-0.010421836227952563,-0.00028680002875258737,0.015866063172180755
2015-11-19,0.001671309190500292,-9.210405114234987e-05,-0.003421044699641329,0.0031134173475964033,-0.001753189830841495,0.004216073781033947,-0.005449591281705413,-0.004266211604069037,0.01293881645075623,0.0038011905620680686,-0.0008623580706347278
2015-11-20,0.004634779384528942,0.02244914072157611,0.0108578946572504,-0.001773573751630786,0.007220216605395402,-0.005247966413579608,-0.006351183062640042,0.01599542987781244,0.0002970591123465649,-0.00478708202325151,0.0036442100218079254
2015-11-23,0.0,-0.0003861003855968326,0.01576782107861474,-0.009771986970613544,0.002829820452777243,0.0019783698248114767,0.006141120439415726,-0.001686814732226427,-0.0052464858420661065,0.0063895469875776545,-0.0011466246235357636
2015-11-24,0.001107215355089508,-0.009102613620252331,-0.011546561805033995,-0.0014952153117770983,-0.007103240244593412,0.0063182835325836795,0.01993024414686695,0.00535060546430266,-0.00308488407118801,-0.005064916535773789,0.001339264360761705
2015-11-25,-0.010322580646899837,-0.0004807504924909667,0.00624301571928787,0.0011979634631322789,-0.0007840062724135954,-0.007194244604645905,-0.007694186614861431,0.0012605042004114608,-0.0053314555874147684,-0.008030400802276128,-0.00014330069230639175
2015-11-27,0.004470106165476384,0.0035228661317410204,-0.003079930109278428,0.004636553993625281,0.00402118477889557,-0.0026350461135898895,-0.00024615384699788745,-0.0037767519930836935,0.004955501618612024,-0.0032526201665958876,0.001146569844985068
2015-11-30,0.007787873170244541,-0.011813930593432054,-0.012565724979948123,-0.007294923328870717,-0.01103839015324426,-0.011360634081879706,0.005293610736555765,0.02007862959848472,0.004931065714482319,-0.007324147933721159,-0.004151555640419358
2015-12-01,0.01600735970483358,0.027449695223102255,0.02145006016847173,0.013947210556511491,0.011062821019190539,0.014698022448570658,0.002816556452591268,-0.015003441156666408,0.007109953935557467,0.008108700417020387,0.009535674925019055
2015-12-02,-0.00018109380617636894,-0.007578560584235894,-0.004491502959974136,-0.014051175859979281,-0.0030285267683631822,-0.0019752436131469375,-0.02857491757184094,-0.007406372275150952,-0.025653773492749554,0.003623188405769806,-0.0102050503134119
2015-12-03,-0.018293787357030245,-0.012405990871652617,-0.014437656247688668,-0.01290129013048158,-0.012346888780480403,-0.0006597176413642991,-0.01433060967887656,-0.01956919611294139,-0.016022043064463087,-0.019711191335554545,-0.014002781374268358
2015-12-04,0.03154981549786462,0.014332205154583999,0.009590994371482031,0.03176291793359809,0.021430697490467443,0.0275944019014438,0.005739063893405838,0.004882251579148678,0.017838622689894335,0.019665610959406887,0.01950294246339257
2015-12-07,-0.001788588803442237,-0.007982443757078572,-0.0041775689819218975,-0.013109441743135108,0.0035939776581199734,0.006938198638280602,-0.026122241947091784,-0.023149471278089417,0.004381495824381965,-0.011774053741380741,-0.00605858219638622
2015-12-08,-0.00035835871831302324,0.0027814072616867414,0.011196870847827167,-0.015522388060963288,-0.008710801392585066,-0.00791119050758804,-0.028255208334455495,-0.02662375658150873,0.007811707414524749,-0.02806812367559952,-0.006719462443007362
2015-12-09,-0.014518730955040082,-0.016242227210210625,-0.01851387063912724,-0.007580351728209589,-0.0026362038663448883,-0.0006430868154906344,0.013399437225092514,-0.009467989179564484,-0.0058385343273562595,0.006618034142757079,-0.0077796569214748645
2015-12-10,0.0052746453260197335,-0.003291587435240384,-0.003715459017133216,0.0022914757105270134,0.0047968673515312865,0.0011583011574713975,0.0007933359784153549,0.007130936124772447,-0.011745646006808053,-0.010011206574143117,0.0025810850296776877
2015-12-11,-0.021892527591515276,-0.012657228568970225,-0.03347324556105813,-0.0234720317016488,-0.009353078722164176,-0.00012855122776456174,-0.017835909632978764,-0.014311539621235991,-0.0019467213145336615,-0.015319598521302602,-0.01938116286968461
2015-12-14,0.019977802440549253,0.01615095546538825,0.02774349761774575,0.003121585765104795,0.0046223446113691224,0.006556955515482743,0.02273338714047779,0.010545621275169781,0.005851555285591115,-0.011649294911056596,0.005052506439054305
2015-12-15,0.0010881392835020431,-0.0032129462045542567,0.0011095742578772771,0.028473626886178716,0.019383259911687434,0.01775450249084365,0.04471918979291911,0.009528130671637713,0.007552561743846553,0.019696029776618218,0.010497782158672475
2015-12-16,0.016847826085777395,0.021707955635025256,0.026008137981294643,0.021633888048934402,0.010755786036520387,0.01644076305152531,-0.0035251164548834035,0.014531835205702004,0.049939222043633436,0.005399239543609768,0.014632005072433119
2015-12-17,-0.007660787456499785,-0.008704721924378878,-0.007576542314692847,-0.0185102917228972,-0.015296912114737382,-0.008643042349348318,-0.015034744155280055,-0.04164205552323108,-0.002315484803715684,-0.013992890098203037,-0.015238186799727216
2015-12-18,-0.0281867145435446,-0.0168608653874468,-0.009707000670990729,-0.028364514181278833,-0.016306445387692325,-0.026902478516236505,-0.008722421754220444,0.003235747304910941,-0.012571318057447045,-0.019254372507274242,-0.017711851996341732
2015-12-21,0.012931830777828779,0.005218999803004998,0.0005571114524045573,0.017701863354089964,-0.0036292300150826406,0.010495328298565587,-0.00025879917272975117,0.001996621100957885,0.001860738422281294,0.016425498631291502,0.008249175082186033
2015-12-22,0.00948385920247663,0.008320189274199752,-0.002046620818347278,0.002136100091838067,0.011124237055746056,0.008233058899351331,0.005047890240653663,0.04858982219647756,0.005962854347375313,0.01231242785697706,0.009074230177808396
2015-12-23,0.008491418246720395,0.001798912831224797,0.0008293749528764938,0.015986601704373937,0.007594197254009005,0.004020100502264423,0.032710882163694555,0.021634263995589764,0.010397434652889226,0.012390725959380955,0.012383292383455036
2015-12-24,-0.002687208885717385,-0.0034742553780064966,-0.0013711014012356415,-0.0019481492586134186,0.0022224369501655517,-0.0016266266278955888,-0.010724529242346681,-0.007297181284280141,-0.0004808617054643527,7.5086349808684e-05,-0.0016503252113214684
2015-12-28,0.005029638944626713,0.02141439465267858,0.01872387935846942,-0.0033033033026155234,-0.00482067103706052,0.001629276853008843,-0.00743728728155324,-0.011530700489977952,0.0005773116556546665,-0.004429761994773296,-0.0022851030724023724
2015-12-29,0.010723860589856304,0.01498261402999912,0.02779917061611381,0.010394697197509961,0.00784731641129044,0.005505505504745711,0.0053340106682324695,0.008894721492524349,0.006346764110683578,0.004524886877992129,0.01067199454216139
2015-12-30,-0.004244031830662465,-0.0046098040194259005,-0.007060823954926132,-0.007156701953313527,-0.0024031529364791915,-0.0036087605768684305,-0.013264274886828575,-0.007226477814668897,0.002484472048286168,-0.000975975975734733,-0.007087753134226715
2015-12-31,-0.014739833067833441,-0.015551056560936138,-0.019127229454191874,-0.008409671120945927,-0.010213914048519568,-0.008242787560589271,-0.002048393290436712,-0.010627456689595971,-0.009722619387986353,-0.016255859670142647,-0.010003399213244557
2016-01-04,-0.01225666906875822,-0.02386858780733936,-0.0575537439524183,-0.029834923519504897,-0.021806853583521635,-0.013096587331611675,-0.006286080821283235,0.0004414361390918664,-0.003080180957723666,-0.00707093997469721,-0.013979477117996852
2016-01-05,0.004562043795639514,0.0027520278090313877,-0.0050236267445329386,0.0017290160320122538,0.004179936306338838,0.0031899961710566416,0.008520526722052946,-0.010442712162921142,0.009751858643938682,-0.01788064091560182,0.0016913590353413444
2016-01-06,-0.018165304268922267,-0.0028889209868937504,-0.0017987030404391646,-0.014435901459814326,-0.0050545094149493375,-0.009666751461718248,-0.008320532513260925,-0.01575505350800266,-0.0032510996383018353,-0.024353720051114913,-0.012614193421376041
2016-01-07,-0.03478260869665073,-0.02413970210619565,-0.03905793092547227,-0.040439420473264875,-0.011654547265722792,-0.008733624454042799,-0.016006195946577928,-0.034430685594413646,0.004412893326850131,-0.03352451732752093,-0.023991569420157233
2016-01-08,0.0030668966834936917,-0.013616734141626452,-0.001463960259236119,-0.022399203583802874,-0.010683329974692679,-0.015677636693457675,-0.020202020202816584,-0.010165780418080583,0.004489016232775089,-0.005182213306843986,-0.01097657803204366
2016-01-11,-0.0005732849212920499,0.0029552202038511943,0.017609752079729812,-0.0015274949099889357,-0.006010594947084891,0.009214163485682603,-0.013388673181816246,-0.02875651761793674,0.003898450130804587,0.00394891614902404,0.000990011473463781
2016-01-12,0.009177820266408121,0.016737828584083125,0.00024282060413760576,0.002209756928114759,0.006866864815445295,-0.002086865790071335,0.020491247116801947,0.0021148527739069944,-0.0018942981626149935,0.01439451000022407,0.008068309780678184
2016-01-13,-0.021599090562988033,-0.03457482491302788,-0.05839227046885376,-0.027476255088563106,-0.012418566775547424,-0.00862632335612501,0.005984042551622437,-0.011525974025275887,-0.007211994687221668,-0.021945384043497995,-0.02494062738940328
2016-01-14,0.028466305188999286,0.01642647692473309,0.019233082965229187,0.014998256017744849,0.019274376417891093,0.0039551746881962835,0.04586913417208671,0.022663820002282176,0.01022748996490419,-0.0014339940951431096,0.016416835074840375
2016-01-15,-0.03991715307784072,-0.028575725674368835,-0.038482293423271474,-0.019931271478870194,-0.019112144808088205,-0.015364412345429401,-0.019464105157485423,-0.02617632889036603,-0.0040685022254133285,-0.004730528805668488,-0.021466134269217063
2016-01-19,-0.008433026084481599,0.012090247576897362,0.007541478129713397,-0.0005259467038604138,0.005154639176268683,0.023339557215531714,-0.01521010569649539,-0.014030399196947152,0.024225726771679446,0.015022916313053303,0.0013311325418725595
2016-01-20,0.004549050633843477,-0.0007231462414765133,-0.004717309566912742,-0.026311173477241656,-0.017948717948784942,-0.0030900560408990696,-0.04214659686028399,-0.003726918516985256,-0.023188943510370152,-0.0169746634339899,-0.012815080430036208
2016-01-21,-0.0061035636954756,0.01128646181181625,0.005684103748010649,-0.004683840749943768,0.001984334203175342,0.011736779639655026,0.012571740912712404,0.014963441591185234,-0.0025638590835760366,-0.0033174549169456835,0.005601982405863293
2016-01-22,0.03585578447113025,0.02585767955150331,0.0371465340335988,0.03076923076904703,0.008442776735184676,0.008342022940144078,0.033333333333475546,0.021611660244393205,0.014851485150206178,0.015362294103250296,0.020515303224462933
2016-01-25,-0.009562057754866626,-0.01588281061451402,0.0002515174888493288,-0.02265144863950319,-0.0036175710597249333,-0.006592554291807384,-0.033825257933228436,-0.05034437520453672,-0.0016885553476623238,-0.02235857779305761,-0.015116549126301893
2016-01-26,0.007337323806382523,0.00023172759984380065,0.007912426868724065,0.02551203736918728,0.04958506224144421,0.025504229018146196,0.03676669370094432,0.021585218443407328,0.0013155421928645605,0.018055197317733418,0.013643135864472411
2016-01-27,-0.01820969906085912,-0.02209078891920513,-0.029771309771309706,-0.0007007708476569618,0.009685708637262813,-0.00012688745169819882,-0.018383311603797914,-0.01419878296225674,0.0015953453436814424,-0.002871379106144323,-0.010883238867458345
2016-01-28,0.016302225692727657,0.04281055770823383,0.0891403102768491,0.004207573633197681,0.001076742365417882,0.01294416243691554,0.022579359808447164,0.047325102880242165,0.014710015926977515,0.007961378842922251,0.0052091424755142945
2016-01-29,0.05830371722206196,0.017439529599238224,-0.0760997875186904,0.038756983238776854,0.021218343600943657,0.023427712352334762,0.011170281856119013,0.018991486574884364,0.03148661126865515,0.06470044534003994,0.024377346389095278
2016-02-01,-0.006897803592907148,0.012372758914853454,-0.02076660988074963,-0.010756302521221839,-0.000670241287173523,-0.006977598235898941,-0.020038535647127764,0.007390745501563822,0.011368722581735824,0.035908768053649176,-0.00036138240581629066
2016-02-02,-0.03125571193538512,0.013155675494512575,-0.03950870722499611,-0.0310907237502851,-0.009198045415760858,-0.011094674556320072,-0.02228339231850973,-0.03237639553462113,0.008231545405946505,-0.003428310224374953,-0.01802215392799056
2016-02-03,-0.015849056604276046,-0.040375971621842144,-0.03809092555696436,0.006663159740180058,0.007059278600431762,0.01096983295943188,0.05215176297272173,0.042854788198521954,0.007374242827331345,0.01964681599329099,0.005994946235314158
2016-02-04,-0.003067484662150899,-0.02582134564701799,0.00977272299320231,0.017244382511875322,-0.002304589976100946,-0.004932182491531489,0.0172018348619023,0.04251620041201565,-0.01071895425043179,0.020842705052789734,0.0015682331165467467
2016-02-05,-0.03538461538521387,-0.03598482254158142,-0.0636445008018498,-0.011130136986444716,-0.032338787295014715,0.006195786864261477,0.0031316547662187944,0.0024257125526494505,0.0007928118395914563,-0.0041128084607471305,-0.019050150760411833
2016-02-08,-0.014952153110123101,0.0005683755818428615,-0.027940971461573705,-0.02095238095100027,0.014521583449444764,0.017487684730208786,0.013486513485353235,-0.023290986086266674,0.004929143562453886,-0.03576696165210114,-0.013461021763139014
2016-02-09,-0.0026310463478371737,-0.00445921381495884,-0.012354025814382275,-0.006013441811069109,-0.0002941176471952245,0.00024207213753535406,-0.0043124691968239315,-0.010065035614263751,0.01033546465887536,0.013078393881374106,5.390464982490961e-05
2016-02-10,0.008725649351635223,0.00831645316891061,0.017445599186840077,-0.01209964412803688,-0.002353633421372403,-0.012342691191045141,-0.009115884114080264,-0.027999374316605707,-0.013957520592159711,-0.015174392268897385,-0.0008628000109269784
2016-02-11,-0.00040233353357743695,-0.0006932163816374404,0.027197847007013554,-0.044128242076532875,-0.0002948982602368755,-0.021073266356357312,0.003150598612322808,-0.011747666558673209,-0.016177246351127716,-0.024837102338526207,-0.013008058228394681
2016-02-12,0.016301066612605997,0.0007503256120218182,0.006470564884283991,0.08328622573919309,0.0011799410034969426,0.013642052565366214,0.017964824121544876,0.02833414753384944,-0.0020554066147902006,0.024683594057357316,0.020616887123117378
2016-02-16,0.018811881188204538,0.015207458020486175,0.02764849727853602,0.014959123326811152,0.00491062659559649,0.005926657612993491,0.002344810563865929,0.03262074425966155,0.006089370469672284,0.007671653241272169,0.016878282782063936
2016-02-17,0.026032491680643144,0.01996822919495056,0.024947227019765927,0.007197943444158694,0.0017591868642441444,0.012028967716803507,0.009603545923741574,0.031436896180341956,-0.008188696041397936,0.008831366578158306,0.016334735042696558
2016-02-18,-0.004387638305448971,-0.019754907987083237,-0.017038007863695914,-0.016334864727219123,0.016975609756131993,-0.0057004244981773144,0.005487804878270053,-0.016949152541861134,0.02602530737141162,-0.010112444344480886,-0.004095857422051541
2016-02-19,-0.007089480743509902,0.006411060473096031,0.018857142857142906,0.0001729804531407364,0.006427475057971144,-0.0023176384495823266,0.000606428139134918,-0.010586811856870604,0.0036735764888040645,0.0027445299999471207,-0.00046850956250599207
2016-02-22,0.016016981859259927,0.00961072412653774,0.0459899046550758,0.012971290212755893,0.005664362519715471,0.0041569874074349755,-0.0013333333329635932,0.028890247629898447,0.008278867101598975,0.010567931269719555,0.014479161458462508
2016-02-23,-0.027920227920191998,-0.016130580891287938,-0.011724754244861635,-0.04183028854515558,-0.00639618138448117,-0.0038962620242385393,-0.01407937856611885,-0.02273064923409529,0.003630077787082353,-0.012864881131432027,-0.012629592425967284
2016-02-24,0.0035169988275258746,0.005032831908047042,0.001989365934821352,0.0003563791873153477,0.008455034588286559,-0.003055861141340044,0.0035701095651443637,0.0015202189117466958,0.006458835686365738,0.0025912659102802493,0.004575654992041933
2016-02-25,0.014408099688637765,0.011402413651527388,0.0020034654537577357,0.01549697185704324,0.013528963414834116,0.009563511525139123,0.006010794896343263,0.008955676988622763,-0.001379310344049034,0.010946408209681735,0.012111780726325128
2016-02-26,-0.015355086372474291,-0.005842659645173831,0.00014410519679364242,0.009296614629984212,-0.005640157924891698,-0.015059509350619726,-0.0031703450782980536,0.006017752368463025,-0.028660220995232355,0.004887585532550309,-0.0023013041637028886
2016-02-29,-0.008187134502596116,-0.01053996633848564,-0.004880860184067859,-0.021550225930461298,-0.005388542256835049,-0.009987669544528344,-0.01957186544461409,0.012412142963515338,0.0026661926770983335,-0.008754863813072555,-0.007842524123969019
2016-03-01,0.03341194968493322,0.03478709461492291,0.047998262506334655,0.051509769094951086,0.019104647846600376,0.011707560094853298,0.014098565191704049,0.02053175775484184,-0.001950008861995256,0.014493847663459736,0.023506938659914267
2016-03-02,0.007036896158316708,-0.0036245065153879263,0.002020585797181562,0.009459459457955344,-0.0016787912696814011,0.016250153883323293,0.017470472440122675,0.004197423651667309,-0.0021314387222555187,-0.0012649750723958686,0.004492448616672418
2016-03-03,-0.011331444758754805,-0.010669659760639827,-0.004687957808379717,0.0033467202150834208,-0.003643497757777059,0.003513022410411182,-0.0036275695279278652,0.03415970020167669,-0.006585973657627253,0.004917299955603083,0.003919592965068164
2016-03-04,-0.006112702961320715,-0.0018726335792325077,-0.004069334533931324,0.0015010006665197029,-0.0014064697616406052,0.007846450990306009,-0.0013349514578423483,0.01519163763006226,0.023920444367456106,-0.000667259787127561,0.0032535489199669865
2016-03-07,-0.019219680951799156,-0.023855824271418302,-0.02145564558194535,-0.0018318068269226329,0.0022535211271990097,-0.004671218109897013,0.026370154333099416,0.026496430532746862,0.001399947501175891,0.0015579790784898684,0.0007982986857855146
2016-03-08,0.012149715853662313,0.001024130189459349,-0.0045131485429992235,-0.019352686020533194,-0.004871650739607825,-0.00048134777384312155,-0.02166706133105112,-0.04065801792150603,0.008737439930880164,-0.005777777777356774,-0.01091780270013576
2016-03-09,0.02303969022132546,0.016649615293898412,-0.0014100596151787048,0.005784280367444383,0.005836942194590522,-0.0012039489527558844,-0.002783492677261745,0.0019517635570120984,0.007016024250368069,0.0034272090596740856,0.004939571722046843
2016-03-10,-0.014950794852141791,0.00931886794950687,-0.0009651992063918202,-0.008626522326312003,0.0028079371024436472,-0.008196721311172106,-0.0026699029137825514,-0.007096145817417576,-0.004902804060762489,-0.0005940005941538207,0.0008024275049616225
2016-03-11,0.019596541785948496,0.01734569840557021,0.0191079383822661,0.012455212420683814,0.005320141871017592,-0.006441419543236737,0.00012168410784862971,0.020179372195642697,0.0011236926264981406,0.013893016344952658,0.01613712595479111
2016-03-14,0.0018843037511231397,0.007209311690685727,0.006601007707027762,-0.0037074486020457487,-0.00046420945237202194,-0.007094801222738312,0.0026767246635353015,-0.0009615384602864596,0.00017268175026874388,-0.0016120759145361596,-0.0012822795743778759
2016-03-15,0.007899191272949357,0.0004398592444674332,0.006365871950049673,0.001353179974638019,0.0009288500844981673,0.0017247751635114383,0.004975124377248452,-0.003987350475640916,-0.002071823205509693,-0.01614678899025679,-0.0016296395061086155
2016-03-16,0.014181750327394438,0.009046458026881643,-0.004765866001178454,-0.004729729730093002,-0.0032479584261958516,0.00036895830694883003,0.0006037189093415218,0.026228602982161453,0.013148788926714783,0.014994405072262795,0.005787198949545269
2016-03-17,0.005703771849238537,0.0014788211663367967,-0.025824089713897602,-0.002885268161320398,-0.006237780467596932,0.017334644701551882,0.014842524435185744,0.02098466505317398,0.010331284155289833,0.0360135234453447,0.006344098678842558
2016-03-18,-0.021405049396417852,-0.004047568819236624,-0.013156013156013224,0.02944680851029391,0.0071201049277902495,0.004833836858774143,0.0011890606419331373,-0.005665349144109211,0.001436660188181449,0.004469353008642374,0.003907559890528045
2016-03-21,0.006917180781522259,0.00893554493487514,0.0034415302130126335,-0.0003306878305578964,-0.0020465116284076323,0.0020444978948903625,-0.006888361044579683,0.005565125214793687,-0.007848101266074603,-0.0063563811010861615,0.0014188912464228043
2016-03-22,0.0038989973994463245,-0.002768447569097665,0.0117332755695152,-0.003638769432906086,0.0009321401947899322,-0.0069611137777064735,0.00597943075738705,-0.004480168664833695,-0.004507952708978746,0.016916625205049662,-0.0005374505354913683
2016-03-23,-0.0018494544101703703,-0.003276100257593173,0.016325292606337305,-0.004980079681502048,0.01043024771833978,0.0009668842157679602,-0.004398478364212033,-0.02475181998571918,0.005553656867700818,0.006011043544861483,-0.006599486767248641
2016-03-24,0.004446914952568104,-0.0035904746825149436,0.023383599880624217,-0.007674341009054175,-0.0017511520743275222,0.0008452064711943486,0.0027462686576589235,0.021851248641852505,0.0067125499185507476,-0.015076773431380697,-0.00044295062724486467
2016-03-28,-0.012359343294438552,-0.0020666631338862596,-0.005283471995882971,-0.0013449899120470121,-0.0007386206257152805,-0.0032573289899395785,0.002857823290128181,0.0003984592904642259,-0.007596218771792396,0.009664221219175761,0.0005908330199715373
2016-03-29,0.02185282032142033,0.016740123194153744,0.02412609722868919,-0.006228956228728322,0.008408019956928081,0.0021786492378177424,0.0036808359071436314,0.009160913436350615,0.01216193230208229,0.013274645427044263,0.009250098177783217
2016-03-30,0.006214585997950772,0.0031988927924913035,0.008133230054221396,0.011519566322147679,-0.001466006963005917,-0.0014492753625477972,-0.0001183011946407353,0.00657808183230868,-0.004285354169227706,0.00744673515838179,0.00438771949070027
2016-03-31,0.0032697547682603023,-0.007080198871556087,-0.008435083265128873,-0.008206330596870925,-0.007157276564371262,-0.004475084663664752,-0.011003312825179412,0.00039210560683611284,-0.0013502109741199142,-0.008261617900813034,-0.0024269487927572886
2016-04-01,0.006156074598268724,0.008874033295664052,0.00818677986658578,0.010976021614446996,0.009149722736067067,0.014822014335146738,-0.007536786697266984,0.003266266003525198,0.00312658441850977,0.0087469628603567,0.006811959774238652
2016-04-04,-0.0025193449708879045,-0.005911624462578868,-0.008872180451127809,-0.0038416569240227183,-0.005495008700885595,-0.0038309589359198926,0.002410800385402867,-0.013934106002474467,8.423890285613744e-05,-0.01796159933919772,-0.0032379567296416667
2016-04-05,-0.01569547176658015,-0.008560748640109028,-0.011884893541698416,-0.014189189190197626,0.0033152223962003013,-0.0006008893170851293,-0.011423761423166479,-0.006339144216128467,-0.019962938007628828,0.0,-0.009987869090774093
2016-04-06,0.010263929619050538,0.012523564074111704,0.027194868120244298,0.007710760794818805,0.004313905460887835,0.00781625781669737,0.013380367352001432,-0.0002658160556663347,0.003094112595206422,0.006937631394849042,0.010921181145793213
2016-04-07,-0.011973875180934845,-0.010350619083818735,-0.017688679245282946,-0.025335827238966768,-0.001370864558088325,-0.006801097721317206,-0.011283159286083477,-0.013959053441926716,-0.004455487964701077,-0.012805344839684318,-0.011965899737846453
2016-04-08,-0.0007344840263392438,-0.0008551281392011889,0.005359890435047365,0.007327285415733131,-0.001555779263034407,-0.0004805382028634231,0.010197887580207343,0.0024268572199144245,0.005336087446174531,0.004723299259921987,0.0026967541455520383
2016-04-11,-0.0020213156923299946,-0.0025412458681710604,0.00223679784729236,0.007966747487466286,-0.0011915673689572026,-0.005649038461633449,0.0013219564971322928,0.0037659717554232586,-0.004965328313164541,0.005893909626274674,-0.0023471687040234057
2016-04-12,0.006260357209765921,0.008950022440031624,0.012149077911835171,0.018556701030328693,0.00578140772725666,0.0012087513600373967,0.012361977916113709,0.019697172718572187,0.007054977199214996,0.006068638393106118,0.009312782878098114
2016-04-13,0.012808783164372617,0.009930395646052137,0.01931462108526616,0.042341430501177335,0.002463503648747034,-0.004466980562501388,0.005690574984785757,0.03981603153628965,-0.004869713793941521,0.0011786729523461936,0.010101019911580522
2016-04-14,0.00018066847368780614,0.00450829759880822,0.009645099378680078,0.01294707881373025,-0.0002730499680461129,0.002661896677639497,0.007072969469246182,-0.0010109945657329478,-0.002833104399901587,0.004709141274606754,4.805288453901824e-05
2016-04-15,0.005238439305802256,0.005945395220525285,0.008280306081353217,-0.011503435053156097,0.0030954115077452826,0.003536154126979163,-0.005384525342391311,0.0015180265660101888,0.011020232460851265,-0.0003446374416598008,-0.0011056968682489066
2016-04-18,0.014555256065133415,0.009846153846251093,0.01511447698477375,0.0064651689027999115,0.00680704302047741,0.006439854191230054,0.009532776272505705,0.0010104837689326462,0.002895341906967941,0.009928980210881289,0.00702669172689574
2016-04-19,-0.0012398157990823888,-0.014510968920399825,-0.011725820413944987,0.01686205235281113,0.015775714414816067,0.005432814199206382,0.005012823502590358,0.014384858043721138,0.0028020718347359086,0.018638629070723667,0.0031542199595391285
2016-04-20,-0.01418691257325655,-0.0017133655398163805,0.008106386367255913,0.01452937460493553,0.007987220446769694,-0.0207732949086461,0.006843753624131921,-0.00808558278354432,-0.021930567316448824,-0.002479892760942848,0.0009528918803545228
2016-04-21,0.003417880914038829,0.006555515407301371,-0.003143809538855291,-0.009962640100437015,-8.804366962855692e-05,-0.009196811772739344,-0.00011520737307590956,-0.003887634813079077,-0.022508873692600462,-0.003426728482212038,-0.005378414887001304
2016-04-22,-0.07171029042515464,-0.05414102564028245,-0.016640253565768703,0.005817610063854284,-0.0022012855499701223,0.001856435644059129,0.008526327917905308,-0.004322400203377819,0.013550615535271149,-0.0013484358145603448,0.0
2016-04-25,0.006373117032234754,0.006018135733712571,0.009186140209508364,-0.005783961232777468,0.0016766678426716197,0.005682520073887032,-0.002284930880535163,-0.019535240040725266,0.00026214610232733193,-0.0010802052390797012,-0.0017227353124281697
2016-04-26,-0.012857417002338778,-0.022688996375986092,-0.014883423826253517,0.005188679245806016,-0.0052858778954907315,-0.02284731605509316,0.0034352456196014014,0.011199374919109273,0.009172709005273783,-0.003176534198463088,0.0014860121684145966
2016-04-27,-0.009720062208742442,-0.00539035250828368,-0.01671313707690325,0.002815579540031532,-0.0012399256051949248,0.004274041484040536,0.009471642131676505,0.013264649065177547,0.011859418284098977,0.005559698962640525,0.0020582424091595275
2016-04-28,-0.02041617589313116,-0.02273168297726269,-0.007534167532189051,-0.007955077211470263,-0.0025716059238157785,-0.0016272374521498767,-0.004860954102368642,-0.01182003050294822,-0.0035931217369208346,0.001550805744628514,-0.009075753262585917
2016-04-29,-0.0006012024036416985,0.00399965960394244,0.09566445182724248,-0.006289308174298847,-0.0035561877666181463,0.004513540622405943,0.004203112575225987,-0.0003858520901246498,0.009530351161094464,-0.017840312373654243,-0.005398867274947539
2016-05-02,0.014838580308948801,0.009224727354277373,0.03678042420291394,0.009335443037201685,0.005977872948118357,0.010609086370515053,0.008257918552164512,0.0015440041177146036,0.0040823269285046315,-0.00013708958761637913,0.007948427199654384
2016-05-03,-0.016399920965431303,-0.008356545961396344,-0.018322731593185648,-0.019282019125310024,-0.0005321507758616617,0.001605532912434926,-0.011443958263074205,-0.019013360740227525,0.003049296967029491,-0.018715294440168506,-0.008703163876176423
2016-05-04,0.0018079550030818403,0.004135847778518276,-0.0006256330810939792,-0.015824808183627526,-0.004170733871362131,0.006165228114543453,-0.001929406424061586,-0.027763226819848885,0.008782300288791012,-0.0020259885430670144,-0.005578235242615026
2016-05-05,0.0014036494889935192,0.004695165665796086,-0.01760321955582045,-0.005359753127054723,0.005881304580540148,-0.0036764705892136096,0.0011371389582275349,-0.019531250000158762,-0.005106311737913871,0.002800140007218843,-0.00019508317194572022
2016-05-06,0.009010812974050486,0.014649298317455317,0.022546237994810925,0.0058785107770782385,-0.0012402551389310013,0.010209102091250477,0.005338482507766473,0.007830745981739273,-0.0030290281861822255,0.009214659685683912,0.003659072041701128
2016-05-09,-0.006350466362872065,0.005446923523675817,0.008605979672082542,-0.006331168830254419,0.008692566968657056,-0.00012175818816317907,0.0006778895046279931,-0.03516902944368783,0.0033758123051388367,-0.013557446219992886,0.0008263562084565024
2016-05-10,0.018973437189079734,0.014057849764400387,0.03430673041559418,0.013559875837067636,0.008353851564577797,0.004383828544119339,0.01603251665274552,0.024441932749289963,0.00597190680205939,0.011990743986908914,0.012433814232828633
2016-05-11,0.0005880047028949953,-0.011942438259877952,0.014450908159927112,-0.0037072856236998186,-0.00261620301641341,-0.004000969932849152,-0.004778308701544387,-0.0011032960985093432,0.000752508364338933,-0.013165188469762668,-0.009354747076078973
2016-05-12,0.009010773752355483,-0.0033947026196480268,0.006589739635181058,-0.000647144473334138,-0.0012240972290157304,0.0031649421802160127,0.009683594190553535,-0.01007869667218253,0.012198178628330947,0.0064597668871770875,0.0002905472155250166
2016-05-13,-0.008347893612917767,-0.004450121553979947,-0.011157076595211257,-0.009227780477067071,-0.005865359362907885,-0.014318650649999154,-0.011263521802195364,-0.022733612272393455,-0.003219149817591749,-0.010534393749720317,-0.008714189666339744
2016-05-16,0.014682850431212646,0.007546597131618427,0.001042370971376938,0.0075163398702293716,0.007749207468145558,0.004924289055993514,0.010263929619249046,0.008991008989571947,0.00596223915518812,0.0121271945287027,0.009865227824336298
2016-05-17,-0.018522091454260314,-0.013843625905684442,-0.02165592547772499,0.0,-0.005330304089883331,-0.012372902119802798,-0.0004465780958609056,0.004950495050103365,-0.013994073099695581,-0.0046673632881935045,-0.00933355744878217
2016-05-18,0.005939417937579128,0.0022077507323647882,0.0031354725502323877,0.038598767433513315,-0.0021084072732462378,-0.00955097990477538,-0.002010499274576638,-0.006474313863850778,-0.014693604942843441,-0.008258678610719605,0.0002928874700931505
2016-05-19,-0.009643770910543581,-0.008963950233622509,0.0015341601548497508,-0.010149906308456913,-0.006514657980448368,0.00425798371850572,0.00850587577059514,-0.016432922510066117,0.003304524655805663,0.0,-0.0034649699194903016
2016-05-20,0.0059618441976700964,0.008947169758163787,0.0061272404512398015,0.0018930430659793718,0.005228178997963795,-0.0021199650832736117,-0.00410609255398231,0.00633731816309635,0.007769614056232665,-0.0018348623859165691,0.006317375215032062
2016-05-23,-0.011655472147101942,-0.006179767496959032,-0.008608423449060987,-0.0007872775935960918,-0.004261363635788884,0.0022494376408599415,-0.0015600624025690069,0.007585515957624356,-0.011229363950582272,0.0016261312216194757,-0.0013625869537358115
2016-05-24,0.03118129122627078,0.022000697106419498,0.010692500897022006,0.017018594389620167,0.0047253922959318295,0.009600997506926001,0.000781250000036593,0.009801136364201657,0.016103059582771584,0.011505611633340518,0.012962272351314086
2016-05-25,0.010273308779712886,0.006916497277652756,0.005893212155637428,0.015184381779164813,0.005856775224156507,0.006298629121284316,0.006579681052561792,0.020818680546053736,-0.006589373596102455,0.002651779483358263,0.0067831049887099315
2016-05-26,-0.004412893321542821,-0.0015851510614730557,0.009260958565680877,-0.007478632478837732,-0.00397000441043549,-0.003190967108152587,-0.005096388210842018,-0.006752101419778445,0.013350125944497915,-0.004245545657569183,0.00028668291422495606
2016-05-27,0.008286760453579234,0.014478987146906208,-0.0037347358408750253,0.006151007227685801,0.0014171833479037499,0.0025855700566730366,0.0023385300669227504,-0.0016648168705428734,0.00016691704279514497,-6.989585450811742e-05,0.004299269213673629
2016-05-31,0.012996941896329162,0.0016720171219750668,0.01481242277883843,-0.002445361454689099,-0.0032725986207813307,-0.004789389660130983,-0.010998777915056435,0.007643135075710461,0.002336448601699681,-0.002935831120486676,-0.0019026302820056573
2016-06-01,-0.002830188678430323,-0.000520798557108848,-0.004634817858575668,0.006434809254329821,0.0007986511672499752,0.009254689043282971,0.00247135475285587,-0.0033098882920616912,0.000249750246265279,0.009534492429237984,0.002049218491240179
2016-06-02,-0.007000946074202319,-0.005598161559183579,0.01223173579450676,0.001826762063515952,0.015162262812997707,0.0019562293666868236,-0.007956073509258754,0.01867995018780433,-0.0028297960848163717,-0.0034722222229375266,0.003043705653346329
2016-06-03,-0.013147865853322283,-0.011299662755614892,-0.0037075689333185835,-0.01777845312205517,0.002358284566162494,0.006345332520770297,-0.0018072969618156964,0.019288236892206267,0.016609631916937095,-0.0017421602782108359,-0.0029870797400398663
2016-06-06,0.006564973933338658,-0.00788193406422566,0.0016401576756621683,0.009900990099813045,0.008800975949625256,0.0036376864307923196,0.010976575760507368,0.0183901918970244,-0.00041050903258676996,0.016125654450395377,0.005088486803842329
2016-06-07,-0.0005754843662765241,0.0014108429453396631,-0.004114320311532582,-0.00337009803954913,-0.00034551265492488437,-0.005436752446389637,0.015334676516151724,0.005103376079138355,-0.005256673511991106,-0.0021297059631215642,0.0015613295033791719
2016-06-08,-0.0011516314784648651,0.016194996510233928,0.004006963826788779,0.0029203811856048922,0.0006048561312808065,0.004008746356432669,0.0008819314308519122,0.016924879572670637,0.014945091238410368,0.011290877796893861,0.003259646744416367
2016-06-09,-0.008070714834159998,-0.0005518689505944474,0.0013899592645600922,-0.007662835248349542,0.010362694300257935,0.006291591045905598,-0.0013217314680399328,-0.01216233516752041,0.008623494955640743,-0.0019742664582653724,-0.0013655083432961845
2016-06-10,-0.00271212708232893,-0.012565318105824508,-0.013385556242699104,-0.014054054054717158,8.547008588211114e-05,0.00036070698546963875,-0.0076100143387930475,-0.01464489372702582,-0.0012098725599910543,-0.0014324693045599801,-0.009477531973761777
2016-06-13,-0.02602952602919928,-0.0017867128579346359,-0.0037191291387499437,-0.00892857142759984,-0.0018801811811235414,-0.00757211538472613,0.006779284285469478,-0.010522162304665739,-0.0019381409979188913,-0.016121319761786546,-0.007711762488953666
2016-06-14,-0.006182688474407394,0.0018718915672395475,0.005676416307812904,-0.018808281965783435,0.002825584382266433,0.009446530217383176,-0.0017661993600809334,-0.004918250697923954,0.01124686463323954,-0.00090258973854207,-0.001966917754315345
2016-06-15,-0.0028095524782267844,-0.0014456188211872112,-0.00700681217850696,-0.0017719072166699767,-0.006062158469829826,-0.0047990401921808035,-0.0029857348216740798,0.002805236440350356,-0.009121459435239232,-0.001737317581120279,-0.0013939290991914488
2016-06-16,0.014087341518683516,-0.010844179789042396,0.004550163805897123,0.004034210101292457,0.00197577527634496,0.005545509342753441,0.011756876663517213,-0.0010656720391281072,0.00815568475692996,0.004942568742739573,0.0029843321299634074
2016-06-17,-0.005159753920338961,-0.027614773904251377,-0.015498041839138277,0.0009643201528548584,-0.009945130314726769,-0.0033569116408098676,-0.005481254110466405,0.012535004667506788,0.002002402881902121,-0.00727348295917063,-0.003702783598858672
2016-06-20,-0.001196888089262882,0.0026695065695219178,0.010787242175002376,0.0014450867051567506,0.009179078627947534,-0.0010826416465407052,0.004409171075796747,0.006585012512552391,-0.006874500398000083,0.005093852488236683,0.006440063791453454
2016-06-21,0.022368683840978676,0.003894467022256043,0.0025349785017017012,0.009299342632849816,-0.003089068131262862,0.004455684008153771,0.0044995610176707945,0.0007850320540188083,0.00024146812702396936,-0.006178839212032328,0.0028385661921561667
2016-06-22,-0.00390701308884589,0.0022429748334624744,-0.007292336062138416,-0.0038125496410644777,0.0024100533657103185,0.0019182352240001421,-0.00393313667595685,-0.0007844162621094553,-0.005069606502374202,0.002444987775028329,-0.0016311456378929057
2016-06-23,0.018042753481373186,0.006193083452246562,0.016155361666197576,0.021368202838682127,0.007899708053766163,0.007658250568418845,0.0069101678186827,0.02342012298682694,0.0013749595604564124,0.017560975610236396,0.013022546477148289
2016-06-24,-0.040069350800017056,-0.04150404968686183,-0.03201861289607799,-0.0694769711164942,-0.014908843073596967,-0.02315639472734543,-0.026252723312275794,-0.06635131679866124,-8.076892039265982e-05,-0.040405423914599115,-0.03590907960657874
2016-06-27,-0.02809552478226751,-0.005925277292406994,-0.010873297470527676,-0.03338926174507861,0.007956412695164783,-0.012521274009567929,-0.005929074839622683,-0.02259345474489316,0.03295638125812217,-0.03782472166688122,-0.017909854902964706
2016-06-28,0.02085484203886545,0.014857444873203951,0.02399618143948179,0.03315396632444534,0.014414414414743115,0.015142188846935634,0.023069997748830007,0.015970860185247515,0.0045355020322350725,0.014092864559819285,0.018036026512042724
2016-06-29,0.02224919093821831,0.0056852703771754776,0.01080584787061234,0.028225806451435353,0.009303899179708086,0.01758428328926498,0.01704982950176337,0.023579702151598214,-0.005527012298012557,0.024868344060914538,0.01702759375567764
2016-06-30,0.01246537396256664,0.01199672031990584,2.794857462262712e-05,0.01535947712416541,0.016508841028927357,0.009057323321753241,0.013843824355679324,0.021285194664691254,0.020743639922690793,0.01996265977326206,0.01364556249603055
2016-07-01,-0.00019542700957997372,0.009551831477408346,0.01405774014141592,-0.006437077567046701,-8.244023014092328e-05,0.0012991614510999838,0.0010667804561586003,0.008442158027569757,-0.005138036811239921,-0.0077442973816227445,0.002100448770315566
2016-07-05,0.0001954652087612363,-0.007546638506248815,0.0033348032190498866,-0.027913809989636995,0.008079808722617932,0.007784854918495565,-0.008738277918386328,-0.02707652060160859,0.008787481694416677,-0.017383283666444704,-0.007193187949845692
2016-07-06,0.0041039671679627965,0.00578813715432025,0.013061392665842497,0.010747271200433728,0.0030260898007152814,-0.004798689138716394,0.011502902600688758,0.006050013444232727,0.00015282340908995273,0.006282042024482015,0.005997792697110205
2016-07-07,0.0,-0.002411949729591578,-0.001409959192527177,0.0064794816409552425,-0.0010600130460370893,-0.002352111019746861,-0.012009777872105998,0.002939997326860011,-0.019558407822027224,0.002224454650068708,-0.0006200753481085952
2016-07-08,0.017905799922420806,0.014874303651286391,0.012544632553593171,0.020633872566606426,0.002775283650748639,0.01108098549982417,0.006239242685556645,0.030912724849704976,0.012467856309620329,0.03350755351941692,0.014890445353031412
2016-07-11,0.005544933077369807,0.01312379837808142,0.010686367841675537,0.007116286592238508,0.0006512006511125712,-0.00023318176504216748,0.003741714774601279,0.005557709706857761,-0.0018471484668025617,0.003533079320790611,0.003526922272197197
2016-07-12,0.011789313557476921,0.007301980199597047,-0.007389423969858644,0.014934960655622165,-8.134710850227211e-05,0.0,0.01128980722102746,0.025706940874824946,-0.018197239568712997,0.019605135993557177,0.007263369463974101
2016-07-13,0.005638037963296982,-0.0041364623009643164,-0.007457799280950472,-0.0006329113927763252,0.000650829807917308,0.0016326530617627455,-0.0007372301211505672,-0.0013784461150931904,0.00659703133370293,0.001489505754678877,-0.00013956269087755935
2016-07-14,0.004298262007698339,0.008663705653094933,-0.0019255887858018461,0.015199493348845738,0.001463414634754523,-0.0002328559784336992,0.0007377740303882163,0.004642991592479717,-0.007255988140959513,0.006625202812016839,0.005583459013460912
2016-07-15,-0.0007443245251376185,-0.00023104104346005627,-0.00777118186724246,0.0009357454777807472,-0.0014612761818046938,0.001630371490784377,0.0017904160080406406,0.007994004495922802,0.00267211568775938,0.003022162525733396,-0.0013418147637612732
2016-07-18,0.004841713220342436,0.02388428965547229,0.0008566300445991271,-0.0034278591461395225,0.0011382113822289153,-0.0009301244035663236,-0.003153910849833963,-0.0013630731100926496,0.0052516068363896995,-0.001071309006303034,0.002687309431382845
2016-07-19,-0.01612305411329773,0.0002788104085578169,0.005271237789884253,-0.001563477172118577,0.01713496832869965,0.0027929710227452276,-0.0036912043874337552,-0.0010022550745056868,-0.0012475633529904773,0.0012735438033972812,-0.0010165981047766115
2016-07-20,0.053117347898971046,0.004871185677476575,0.007797824177309343,0.0010961478219699838,-0.0008782435129873756,-0.002094696529438833,-0.0057161003493522156,-0.0006270378718954417,-0.006870169415066796,-0.0002008300973180832,0.004162976972313048
2016-07-21,-0.001967447683346113,-0.0035267078783605132,-0.0017298718017486614,-0.003754106053668882,7.991050062483573e-05,-0.0007032348817918033,-0.0008516980723642931,0.004015560295381748,0.008254068079819987,-0.007030465349697423,-0.0037771984665537772
2016-07-22,0.013799283153121067,0.0064553757236738285,0.0005776231479119875,0.005495368190858718,-0.0009588493811412135,0.00539526155343828,0.001704848162276562,-0.007874015747994734,0.01208482769406638,0.00222521915002738,0.004485138863567606
2016-07-25,0.0028283542520262106,-0.0023179854595419824,-0.007048304379346559,-0.0026545908802266815,-0.0011197312646096247,0.0009332711160185969,-0.01925327092857121,-0.008692365835630045,-0.0024651413607726935,-0.0007400928478978885,-0.0027159408322284806
2016-07-26,0.0005288207300198078,0.00017161263046538977,-0.00543529698084122,0.004070768747336251,0.0020818320126834156,-0.006177156177202381,-0.007266811280644103,0.05159486592990281,-0.008185960309399887,0.008955022892174869,0.0004616016743543838
2016-07-27,-0.010042283298795862,0.005701841220109749,0.0014682091926210283,0.003118665211095717,-0.00303635637220645,-0.009499237716667719,-0.006773735386653046,0.016314199396340268,-0.009810791867826074,-0.005605605605827568,-0.001061111880239829
2016-07-28,0.00035593522062882244,0.005078940114417119,0.021637911140673483,-0.0035753147812092045,-0.0024845716120910355,0.0041439734792221294,-0.007809921900410743,-0.014030915577538439,0.001965872452664774,-0.00013421917935518834,0.0011546277268970062
2016-07-29,0.008361501512731628,0.03329677217309879,0.008237998432123028,-0.0020280811244342,0.006186726659260788,0.009197028652794037,-0.013858093127762205,-0.0019295706701601967,0.006827813528671678,0.0028860997384936304,0.0016145730200105568
2016-08-01,-0.001764290755273179,0.012131321555303165,0.011768426878928873,-0.002657495700638224,0.0013575021961713674,0.009580558475805523,-0.03473861719982607,-0.009787336877458253,0.0016369163628557892,-0.0018069870169612479,-0.000829002414320823
2016-08-02,0.0,-0.0010237970396638207,-0.009326073931278711,-0.0023510971780252854,-0.00438596491234533,0.004050457123653928,0.01374330305108451,-0.008663819402610407,-0.006770428014188479,-0.006168286959109981,-0.006407296889231806
2016-08-03,0.006892895015117695,-0.0014997750317882197,-0.00780982934076635,0.01586802827874334,-0.007609130957838328,-0.009105578607864984,0.005170036764438279,0.009724273756362756,0.003604168298954491,-0.0001349254539790845,0.002922709307675797
2016-08-04,0.007372301210631482,-0.002090321934407946,0.008123078554012508,-0.001546551191752732,-0.00032284100023061146,0.0009305571703348559,-0.0001142987762471348,-0.003169572106596741,-0.004996486845845083,0.005330274610704011,0.0010639791256910058
2016-08-05,0.009932043910787725,0.012141737221028182,0.0068483247236352796,0.026951672864206078,0.0030679799772457272,-0.0031377106332354243,0.0009144947409363002,0.009661244954950243,-0.011455472736431882,0.0014093959727812244,0.00817886866299089
2016-08-08,0.0017253278124387261,-0.0021067502754869016,0.0007571999268911611,-0.0030165912536548323,-0.004748873149299282,-0.00023315458091144325,0.011763362266176136,0.010658914728919111,0.0,-0.0030158836536019473,-0.0005957924843396079
2016-08-09,0.0024112986563873395,0.0027942327025565206,0.002282926320183565,-0.003479576397506623,-0.0017792155277268629,0.0026819029845752684,0.0012416751331929543,-0.007310642377578169,0.0006349710315960433,0.0022855606343825663,0.0005961476646376695
2016-08-10,-0.0030927835046529184,0.0012508049743658045,0.00032538949122096206,-0.008957036588520983,-0.0005671230652278814,0.003721362949153706,-0.017361894025606728,-0.0021731256788758424,0.0023796303638825567,-0.0004694835682362841,-0.0024749932046196355
2016-08-11,0.004825922095477608,-0.00035869336617799785,0.0034870406994900183,0.0027573529408047026,0.003323605706827326,0.004866180048817448,0.003587547737894603,0.007138535994835049,0.00514362586150674,0.0001342011678409083,0.004640668097267486
2016-08-12,-0.0061749571192940556,-0.0014229151206588408,0.001711529484985208,-0.002138710662271226,-0.004443726266529779,0.0035743110806221168,0.013030442803682929,-0.0028832292169217455,-0.0018107384684125094,0.0053002348200243965,-0.0008689092397401454
2016-08-15,0.003106662065658572,-0.0013505978571285437,-0.005268199233716464,0.006123698713637937,-0.007385164746193218,-0.00022977941119683987,-0.0004553215708492653,0.013855421685894154,-0.011593974286409181,0.011211959423830686,0.0028837726809185504
2016-08-16,-0.005505849966857879,-0.005918407861223107,-0.005790576325001018,-0.00015216068176937547,-0.01618837380343896,-0.005056308895598272,0.001252704703747387,0.001663695782322172,-0.010612831154945268,0.008249736008631547,-0.005157647636428564
2016-08-17,0.0020891364900759157,0.005279646526461068,0.0007722108790115811,0.002739309085006081,0.008144269924095004,0.004389004388783757,0.002161055505393472,0.0014236564236096427,0.014597951450971092,0.006218498396386218,0.0018810239806932305
2016-08-18,0.0006949270332556878,-0.003315040600619601,-0.00022232975426017543,0.0009106085906100958,-0.004863572665640636,0.005519779208794207,0.00907955964114704,-0.012202345693444694,0.00922098568968388,0.008131667967082201,0.0022439254988830815
2016-08-19,0.0003472222215412657,-0.0038617253192044787,-0.009353007351594611,-0.0013646702035304825,0.0,-0.0014867337596254915,-0.01248453492310242,0.005516910530362518,-0.014807813485509302,0.004581531909446213,-0.0014621584508623942
2016-08-22,0.0008677542532264937,-0.003376477209421136,0.002865405184138581,-0.0009110233834678239,-0.006587725149350798,-0.005268583209779409,0.0021640091120067595,-0.0029818702292762067,-0.0003197953279128196,-0.0012846865359893433,-4.5730760151796446e-05
2016-08-23,0.003814808392906599,-0.00045172219026323734,0.0039105703902670985,-0.0004559270519393088,0.002602199277634387,0.00633275762909058,-0.0030685305151979536,0.00502452446462609,-0.00615802943060928,-0.0003215847704420849,0.002013462691701662
2016-08-24,0.001036448436602333,-0.0037534992908963005,-0.006820119352088816,0.002736810095418152,-0.006111855324680837,-0.0010297482842145378,0.00341997264101912,-0.010236876562409014,-0.0009656393369739114,-0.0014154281668030677,-0.005114833058406099
2016-08-25,0.00379637618669304,-0.0028981854826325426,0.002601518653020829,0.0018195602740032069,-0.0011793446218131276,0.006757530637812481,-0.006362190411119739,-0.003728202043697282,0.0028997180844008152,0.00335029959395694,-0.0006885884597424008
2016-08-26,-0.002406738869918268,0.002426386957551818,0.012881641684887146,0.0022703193576196767,0.003963903180100203,-0.003640500568801608,-0.0021724216788703288,-0.0021728633508122375,-0.016223596498862625,-0.009503628073516013,-0.0018833440773839971
2016-08-29,0.0012062726181569783,0.0032777791793487943,0.0029778933680104647,0.011023859861650775,0.007392473117741716,0.008221055036086167,0.006531454107346679,0.005323009918763555,0.005920078935309547,0.010632090761613755,0.0049243316973146545
2016-08-30,-0.0036144578310194353,-0.004900605665805635,-0.00481012329992625,0.008215085883980455,-0.003752501667781072,-0.008607021518600932,-0.003642987249461549,-0.007460890493279915,-0.009154814451541538,0.0048752325356804516,-0.0016486581716343984
2016-08-31,-0.007427880462964387,-0.002613900393116708,0.0020584173636624126,0.0,-0.0010881392809257706,-0.0026273703444978924,-0.004341864715656563,-0.006425800193241016,-0.0023098498608273843,-0.006575167571412077,-0.0028440137611877025
2016-09-01,0.00226244343741544,0.001962397923649384,0.0018981746320660964,-0.00429629629689432,-0.0021786492378631506,0.011453441759539773,-0.0034427358282060894,-0.0061012812696151775,0.0004961137744359245,0.004369618301436118,4.597478964729618e-05
2016-09-02,0.0013891300584893962,0.006911801868728862,0.0023617347071189787,0.004166046719753735,0.002015451796964607,-0.0012456120483631539,0.006678949793455402,0.0029465930020471376,0.017603305786290546,0.005054382597086349,0.004508008668537622
2016-09-06,-0.0010404022887970932,0.013992244659233322,0.02127026047330527,-0.0007408504968052787,0.0036037546100167184,0.004988662131107935,0.013154884465925054,0.004774146162081605,0.017542434823525355,0.0019733910499304397,0.0030224115728105794
2016-09-07,0.0008679048769002495,-3.712779381803699e-05,-0.005564921977005199,-0.004151838669996688,-0.0011691022969132492,-0.007784296028915838,-0.0037258665474502184,0.019980506823753075,-0.0018357410777192218,0.0,-9.132995523697396e-05
2016-09-08,-0.003988900449933164,-0.0063738412620771845,-0.0005353864980622847,0.0013400833818157931,-0.0011704706968934664,-0.001932916429495446,0.009179510427211879,-0.0021500238904169633,0.002558771787183778,-0.009593392629944186,-0.0022830008282261893
2016-09-09,-0.02124325265686966,-0.017886502913941005,-0.03050786929571725,-0.008921933084945377,-0.01037917468745686,-0.017543859649175264,-0.024817518248882342,-0.03291836246110058,-0.03605040676017035,-0.0279684392841143,-0.023934813599829186
2016-09-12,0.014943960150195501,0.013113839286513329,0.014931459994211638,0.006151537884181435,0.0078660238515178,0.023307050093062998,0.0051819438041351695,0.0139868795648308,0.020105907657900213,-0.006269385600316313,0.01434732283527218
2016-09-13,-0.009114811568689651,-0.012643649384010525,-0.01358410348805561,-0.007903370115139752,-0.01300772071152878,-0.013597733711685045,-0.023828617252299122,-0.020629882812475242,-0.014194176332536834,-0.01905963607360739,-0.01437552028035427
2016-09-14,-0.0047762250128644546,0.002206106095632654,0.00010512345435675918,-0.001954005712855089,0.002125669586043877,-0.00045950603139066626,-0.007158784179643551,0.009846690763637422,0.0046075366156024256,-0.006025319883646851,-0.0003751911156653076
2016-09-15,0.016530394595115405,0.013624977861088405,0.01129958349209681,0.003614457831490503,0.006533174953136323,0.012067578439648674,0.005673758865113898,0.01246605776316878,0.005159705159978545,-0.0016346546792629368,0.009992986441744067
2016-09-16,0.0010491344639798061,-0.004068744305358862,0.01147215112577804,-0.012304921968209426,-0.003203236955559019,-0.0001135589368078671,-0.012341325812069148,0.00024381323920219522,0.004807300578024476,-0.005321326238440172,-0.003845856576903617
2016-09-19,-0.005589519649533914,-0.0032332042566383112,-0.004392950727020506,0.005621391673610088,-0.0049894291748371344,0.0036342986938966426,-0.002380102344347268,-0.002071907373255244,0.01151475835160376,0.006858710562392734,0.00018750996375915818
2016-09-20,-0.0021078517475824343,0.005519304995447616,0.006605599277512475,0.004079166037597393,0.0024647288799219957,0.0023763720720451076,-0.015388285815727487,-0.002198339032503882,0.002645502646433373,0.0018392370568585115,4.683004430550142e-05
2016-09-21,0.016722408026663027,0.006564305185456254,0.012201686703750214,0.00571772494677969,0.008139041966339855,-0.008805599458606261,0.009207656893412297,0.021664626683538968,0.02214759734600258,0.011355137009894323,0.01124547381908858
2016-09-22,0.0010387811633469912,0.013564711873923052,0.018942943247144628,0.008228605626317886,0.004625346901509619,0.013553530752640874,0.002881152460917802,0.00035941056688160167,0.0014862327913871543,-0.00396665322039802,0.006301482512630852
2016-09-23,-0.006745070909150441,-0.0012133096399604693,0.0013048340996644203,-0.002077459564952311,-0.005441151850967163,-0.013821777729107754,-0.0010773282255136518,-0.01269461077844547,-0.009997656802075983,-0.004657441781730887,-0.005479270827641769
2016-09-26,-0.00922862615410136,-0.015105035830077607,-0.008178715482469845,-0.021858736058793182,-0.008669303929744743,0.0010255241572521001,-0.004673457160327632,-0.0008491023779853002,-0.004102564099814798,0.006035535060447961,-0.008102226766954379
2016-09-27,0.01845342706544728,0.010066654207371295,0.02120977025877191,0.008817269686081097,0.012226184410722762,0.005805350029070011,0.002167108113638294,0.006191574601509986,0.004436346349856013,0.003302999662371464,0.0062080002280198165
2016-09-28,0.0013805004306415292,-0.0008264156983530668,0.015451348470181703,0.005274261604516717,0.0014259352459364827,0.012449071977244097,0.04396924555682147,0.04476351351433561,-0.0024449877735774894,0.006315506584216646,0.004963547642378163
2016-09-29,-0.01085645355759135,-0.009159815322820841,0.00039820445989002806,-0.01588967171296274,-0.017756931066069348,-0.013749161636300467,-0.005063291140892434,0.010162836355462446,-0.021979759645461394,0.004873814928897824,-0.00904729509332769
2016-09-30,0.0034843205565411317,0.001769161766377314,0.009963210904046615,0.014318354910905162,0.0073335038799635655,0.017227700329310647,0.00948415452300222,0.014862238481961665,-0.01115602263817872,-0.0011294930568429562,0.007546161975059862
2016-10-03,-0.0031249999997372546,-0.0045767728766920035,-0.0006807514540611015,-0.001201381587580319,0.0057563701003191525,-0.012144846797388476,-0.0026351970672920944,-0.005519882843741608,-0.009728580769937545,-0.06498603166143502,-0.002404086882784817
2016-10-04,-0.0031347962379800753,0.0030110697404606146,-0.003238759949327208,0.008570139827758227,8.416799959665155e-05,-0.003496503495275638,-0.009190120620125697,-0.008722247394141847,-0.018409972757456483,-0.023120153660247666,-0.005097812610630359
2016-10-05,0.006988120195731806,-0.0019432230097321535,0.012385645600278217,0.016366366366898255,0.003029792963928246,0.005659309563629922,0.008695652174161683,0.021826077019789336,-0.0030277544137782275,-0.002475968540422535,0.00442524702367475
2016-10-06,0.0017349063155633893,0.002308949988897302,-0.0031976881898717613,0.002659181562970403,-0.0036079879169003126,0.004164321890888445,0.0004597701149318123,-0.0014538134654032975,-0.004302345202232938,0.0066433055915406936,0.0006956082014575315
2016-10-07,0.0010391409767041004,-0.0029511381169080586,-0.002649525936839092,0.0035361720923903217,0.004126315789449997,0.008742434432227997,-0.0034466911755061114,-0.009183559188985169,0.03143268660876908,-0.01423046048328025,-0.003429446674527603
2016-10-10,0.0041522491345948875,0.016810081053802772,0.0027161288016870344,0.007781529879197668,0.004696410600128598,-0.010444444444907885,0.01959880101316802,-0.0028258166612700197,0.008542796121370655,0.002368966538771833,0.0052083846562347436
2016-10-11,-0.01464507236523327,-0.005649925691250557,-0.01272409737320468,-0.004807692307312372,-0.018030050083264304,-0.005838760386581154,-0.007914970600487403,-0.008501473588113484,-0.013275777816212364,-0.02031019202392559,-0.012629584333390564
2016-10-12,-0.001398845951316563,0.002717492000869459,0.0037184115523467565,-0.00263504611326959,0.0028051683101739666,0.0003388299080331336,-0.006952359244370876,0.001257574024696062,0.015105241438082562,0.001206181681331575,0.0013119711812570323
2016-10-13,-0.0033269129753379367,-0.009473126624602757,-0.005766763778489281,-0.005724350506619458,0.0024582520980906963,-0.0037258665474104724,-0.0065419488115301405,-0.006965060515934041,0.013416815742911536,-0.0041412544230994275,-0.0032755227977965262
2016-10-14,0.008784258609156659,0.0006467018198699215,-0.0076210688790274705,-0.003247711840399514,-0.005919161170427345,0.002153218495650755,-0.0002310536053209411,0.008048752443812202,-0.00481425017921,0.0029487373348180412,0.0005164076925314731
2016-10-17,-0.003483106932396507,0.002783992047123096,-0.012163410129289454,-0.005183649288288628,0.007910854031688785,-0.006785027705108582,0.0,-0.004334435952713878,0.00024187696268573866,-0.0027892951371829566,-0.003472175381603382
2016-10-18,0.0076896190150019805,0.018157255464571254,0.005781413371056088,0.00789042727322431,-0.02599375474646526,-0.004326539906417404,0.0026577305296209275,-0.0008019246195569707,0.008463646624446097,0.011641971575727217,0.006262369190583872
2016-10-19,-0.0022545959075029876,0.006816881521099161,4.892068733575172e-05,0.009601181684305349,-0.007105103543936453,-0.014185248714775223,0.004609888210106661,0.008942903003448022,-0.004236272081051928,0.0006725452094518136,0.0026671282640133853
2016-10-20,-0.004867025899776611,-0.006601458125410242,-0.009013195709865696,-0.001316752010742217,0.0024434941965227885,-0.007131166704587799,0.0004588734656314486,-0.006818181817950353,-0.0036121367785852954,0.0035844970499514517,-0.0018666884536350237
2016-10-21,0.04209606987008008,0.002957535631448849,0.010699476749925996,0.0033694696746195962,-0.012448855227598754,-0.00706464146913055,-0.006765279211388919,-0.003463003577798718,-0.0033835495061129706,0.00037205149205221666,0.0004675098075952455
2016-10-24,0.022460610123400837,0.014173725212824673,0.02332140807580063,0.005548255219242737,0.0014985895629444634,-0.0027273805301176735,0.0033479565932708066,-0.003938375999392507,0.00541589200651349,0.0027521570966539954,0.00425274800003228
2016-10-25,-0.00016393442498507937,-0.008603154089425247,-0.003472180792039037,-0.0010164077241640035,0.003080714725302469,0.034126040428561044,-0.002186169601128385,-0.017560181415974263,0.009165460683301374,-0.009643201543339641,-0.003350556114088743
2016-10-26,-0.005902606986096681,-0.007784684086236671,-0.015074594698148869,0.0047965116275261455,0.005265005264623257,0.004944233643891849,0.004266605165508919,-0.004142992424448821,0.0054174633526149485,-0.003969740094194485,-0.002007718186706864
2016-10-27,-0.008741547087550039,-0.00577788590177708,-0.005142294460180663,0.001446549978074474,0.009951117319435765,-0.009382151029879937,-0.0019520036738734925,-0.013312730298133957,-0.008557844690257332,0.003158369679380879,-0.002666824116747346
2016-10-28,-0.003826955075799332,0.0027038600344173602,-0.051371034752431655,-0.0017333525921613413,-0.0031979256698854153,0.0030030030035228528,-0.024620340543347052,0.01048066497996536,0.004875319695055946,0.0030734632682620777,-0.002955411201537861
2016-10-31,0.0008351428087232105,-0.01178681243533275,0.017389736191261163,0.0021704529008297335,0.0057227087478206595,-0.0004606172271639508,-0.01722104269744984,-0.005007153076660997,0.018054561359114762,-0.002914580374436593,4.7097018471609076e-05
2016-11-01,-0.002002670226802339,-0.005457463884779856,-0.005583550682433991,-0.0041871209938181275,-0.0056039313732729745,0.0005760368657079518,0.003960633700834659,-0.01461778097298816,-0.016484374998705476,-0.008694348673249364,-0.007245391570629978
2016-11-02,-0.006187290970010917,-0.02117991756459492,-0.025273424071504014,-0.004204726693228578,-0.004161609155239554,-0.0012665515250879222,-0.002390914524749488,-0.013740272373211293,-0.01755500834315904,0.009753515801848467,-0.00601862485187632
2016-11-03,-0.0037018340889546364,-0.007901879708707926,0.0019201630179215279,-0.004368083866526984,0.0014800626851860788,-0.0016140189073576838,0.0025164769317738145,0.0019726297615862975,0.001293661063788809,-0.0034444028453979314,-0.004577123949282003
2016-11-04,-0.008444519507390669,-0.0013935233135112801,-0.015618685057950943,-0.009066978648813895,0.0006954707467110577,-0.017551963048526464,-0.0010757829304256505,0.012796850006935312,-0.005329457366205603,0.0021038395072381366,-0.0011016189342164528
2016-11-07,0.029126213591692984,0.02679554474580148,0.03957353817627962,0.03128689492368153,0.01346538093984706,0.017395392571644575,0.022496111044104428,0.017494836593731522,0.01201493749242677,0.027817350228362292,0.022057017184467176
2016-11-08,0.000827540550659922,0.012406019723843364,0.0035926770540049002,0.002146536920097031,0.0033430481747824814,0.01039741219992485,0.007138677588618636,0.011104477611063146,0.004091127865839983,-0.0010942515313959733,0.00450390348106855
2016-11-09,-0.004961137755698619,-0.007869651961543767,-0.020145985401459843,0.04598029415942917,0.02785134557845681,-0.017493711411719515,0.011018637908767337,0.07699574870069448,-0.06135655508637816,0.0021178704447251118,0.010602045627847945
2016-11-10,-0.02443077945803096,-0.031405553692658295,-0.03821837591335442,0.04641638225232869,-0.006400132989583196,-0.03456301640788173,0.009275362318923897,0.024671052632451396,-0.0206826112865659,0.020113686050791335,0.0024955771677506178
2016-11-11,0.005451448041708051,-0.010944648785650046,-0.004539454187882264,0.0005218525775760874,-0.008950978752052197,0.007473481195477527,-0.01585295807017162,-0.004708400214556208,-0.013210498869242748,-0.010287183883441853,-0.0023049972554382014
2016-11-14,-0.015249068113122322,-0.024010366051231635,-0.026982043544742318,0.03677141739362533,-0.015784586814908685,-0.006939459200407616,-0.004552352047462738,0.01247177722896331,0.007926721862514974,-0.004042153889923794,0.0007855004230896689
2016-11-15,0.019614590502699425,0.02912827593482037,0.03361286105664263,-0.0018865551500002464,-0.002401372213642561,0.007469879517792322,0.018058161351300006,0.0028671551446821653,0.0051555400204506,0.0011595883454247335,0.0078027749720746
2016-11-16,0.013249532868698788,0.006218071107600087,0.004372746353802359,-0.024697580645192452,0.0003438789545830989,-0.0051423104521554075,-0.012324349229633436,-0.011541719610466905,-0.006433104406670553,0.004343419719674335,-0.0018783397555108827
2016-11-17,0.016596814753536693,0.00792328008412202,0.013275462497823076,0.008010335917391087,0.0018047438983985753,-0.0014424810676857414,-0.006064139940230362,-0.006106052491085534,0.004287339224497089,-0.005333717745575894,0.005140726238795912
2016-11-18,-0.004782321900488218,-0.012961738067085116,0.004970914859862674,-0.003973340169226014,-0.0035171999657128694,-0.012880703021427742,0.000586647893378478,-0.004742401378823091,-0.006011500260608704,-0.0002898550727452598,-0.0022375678744885885
2016-11-21,0.008450704226495631,0.011379305901749515,0.02609976846979567,0.004375241281999065,-0.003120665741876194,0.007804878048543129,0.014188555346554388,0.006064544075474965,0.002278902619201606,0.01290229051911762,0.007551459954590278
2016-11-22,0.004272099900688886,0.00025484199762826343,0.006833333333333247,0.0061499039071157835,-0.019652173912544035,0.0014520813168057423,0.0021967857566789206,0.007750269106732599,0.003060778311356316,-0.00021468441343941436,0.0019532501099690514
2016-11-23,-0.011780104712446837,-0.007643312102212363,-0.00663415379521981,0.004202215715055413,0.002927088876439221,-0.000966650555991655,0.0027688047980485297,0.027344584490636814,-0.0036018624273650435,0.007443991124438831,0.0005439976377448197
2016-11-25,0.002152317880432353,0.0015789473689502564,0.0003204635184330673,-0.00038042099950663655,0.009374723622919579,0.00943396226421056,0.002300966405470728,-0.003846953628587668,0.011814494797111719,0.005612788631695231,0.0037154826057863577
2016-11-28,0.0013216586831295007,0.0071261038396257526,-0.01742763048297602,-0.006469618165308555,-0.008761938141309988,-0.004672897196290937,-0.007460973370021495,-0.009497964721294827,0.013419309864759033,0.0016956337438633895,-0.00469487171025007
2016-11-29,0.007919485233111256,0.004645006937340712,-0.005542731197099693,0.0076608784461851265,-0.005745602404072625,-0.002166847237645486,-0.006591881577197256,-0.009062170705976147,0.008340498712203326,0.01191987586373644,0.0019503265961018368
2016-11-30,-0.01358651170371683,-0.017176732874505496,-0.01567172008603046,0.015838824126486628,-0.010490753911756023,-0.0051875980200167815,0.016298020955184178,0.016163334750627367,-0.025923083484403198,0.006900397295453109,-0.0023991625118663373
2016-12-01,-0.017590441421670766,-0.014886322628582027,-0.009219659725275609,0.020207059997221277,0.0007187780773643127,-0.007276255155267863,-0.0006872852230670468,0.007115948096017677,-0.011205462662920884,-0.002699709262287797,-0.0036754604844158045
2016-12-02,0.0008445945945978472,0.00017008360241033138,-0.0044510186243527095,-0.002323022374955408,0.005207398096421789,0.006596628391078996,-0.002292526363633418,-0.011429758936014056,0.012926073485678868,0.003331713750856613,0.0005009154096522472
2016-12-05,0.01637130801731712,0.017999633728669195,0.02569089877623787,0.020343137255512733,-0.0001786352260175761,0.007160194173619017,0.005055147057193787,-0.007252470044618486,0.005156891878472125,0.019232099619320264,0.006008772041385946
2016-12-06,-0.004483560279363474,-0.0026213667078163194,0.007058575642646225,0.005164544798921478,0.0010720028582340557,-0.0009639715630062051,0.0009144947418380234,0.008152461619531648,-0.0021739130421996045,-0.005158487748436746,0.003167407239684783
2016-12-07,0.023686405338243066,0.01969903888302249,0.007453708546919291,0.004540566377051025,-0.00856683919326462,0.015317814497950888,0.005824577432690603,0.022159210249665495,0.025533769064384426,0.013440676809571617,0.013080780510874579
2016-12-08,-0.00586605833398135,0.004674845539572425,-0.004010799304275503,0.012489592006224903,-0.0009900990104723117,-0.008077928248842792,0.002838651073793663,-0.010890783930136094,-0.006883072739399365,0.0035007405412530446,0.002448744368851674
2016-12-09,0.015735125388587345,0.01795842398422276,0.0017332829421499163,0.004346804510290125,0.011442472295007056,0.010419161677671873,0.0076992753612559195,-0.007686714448892129,-0.0032514760024888734,0.0032872668719770015,0.006040422102174148
2016-12-12,0.003227368081340165,-0.0019148804743925885,-0.01111024380090031,-0.008889928645838263,0.027614466417151595,0.009007941211337522,0.022247191011822487,-0.0047105621275013165,0.00824105073387904,0.0006018054166214704,-0.0011478301433787141
2016-12-13,0.013028792021197999,0.009209060527775037,0.01870757248855437,0.00035406585649844224,0.004594313453725407,0.0005873370133144817,0.017586282699642686,0.009886411443421173,0.013367390381331168,-0.003475006682690185,0.006674011049812911
2016-12-14,-0.00476341695778304,0.0031275296204165137,-0.0071286514967584536,-0.00035394053823856186,-0.007765984985952712,-0.009509274476925844,-0.0216029379989221,-0.02374505311442776,-0.025121828264498824,-0.006303648068413215,-0.00825425904994781
2016-12-15,-0.001595405232935443,-0.0027387546016127695,-0.010171431544444887,0.014988787914937962,0.007826767545197288,0.0036742918097454336,0.003422389047137653,0.008427565607725729,0.00861846074224859,0.006141179645705819,0.004117199306571395
2016-12-16,-0.004474272930308776,-0.0071231533114420875,-0.004244415243101041,-0.012325581395507879,-8.628872221605466e-05,0.0,0.003190670040715826,-0.020628371945512036,0.01597880885511005,-0.011134214232348394,-0.0019446894049491847
2016-12-19,0.021187800963517134,0.0032845994252495014,0.010860815286960257,0.005768777960917237,0.001208146358181672,0.00035427491662720634,-0.008335161218718024,0.0014041909698898625,0.002691337258160287,0.001967035203121581,0.0021774174161148796
2016-12-20,-0.0012574662052481367,0.0033230769237115876,0.006814621409921839,0.01287603886170996,-0.0031029132906642554,-0.0016526974386049664,0.00011059500133914213,0.01758170639587786,0.000671028349863434,-0.0014893040889750742,0.0038575577695894037
2016-12-21,0.0,-0.0036800785084917242,-0.0008039210601384905,0.002542470820163789,-0.003026111014743149,-0.0034291119780669455,-0.0016587415681821316,-0.005511977951768721,-0.005867560770279501,-0.0010169491528851937,-0.0027826414164451307
2016-12-22,0.00015738117650743177,-0.003102684066400019,-0.0055281598754217676,0.0016138328521757561,0.0011273957156223702,0.0022543901277616296,0.006535223748580288,0.0031976124487802515,0.0025295109614473787,-0.008551068883741242,-0.0017274172525630904
2016-12-23,-0.004878048779800803,-0.0023219049520571966,-0.00750319701438007,0.001841408677943912,0.004504504504540208,0.005800876050904291,-0.0017607571259137256,0.0021249468768105295,0.002775441545188162,0.0026695872409485677,0.001464202647611934
2016-12-27,0.0006325110678839785,0.002636791286530382,0.014212650705373475,0.0009190120621853648,-0.00043118316624524144,-0.004237288134793515,0.0004409657141615231,0.002438507209659546,0.00016774301742605857,0.006144183506621825,0.0024810463987086084
2016-12-28,-0.0045828065729141,-0.0066178558654138575,0.0009463313456052891,-0.007230575003509654,-0.006988180484803208,-0.006264775414022372,-0.0049586776846263225,-0.01480698043437545,-0.005031446541356122,-0.015334509431233934,-0.008264506858691067
2016-12-29,-0.0014287982226545148,-0.0021005008884419363,-0.009039928509447792,-0.007052023120879158,0.003388357949917209,0.003330557869018813,0.0005537098555110642,0.0015029522274012663,0.012895069535190373,0.0007579933839914066,-0.0002227629295046274
2016-12-30,-0.012082670905531834,-0.012990733360552786,-0.019969940534535824,0.004657119570812496,-0.002424452334420679,-0.0032009484304885705,-0.0009961261763916651,-0.005895594382462899,-0.005991013482890328,-0.003809655745229845,-0.0036550344464445494
2017-01-03,0.007080785322403305,0.019635308223751258,0.0050675450411405976,0.010893498667974066,0.005468275323910365,0.0014272121791252257,0.006979836028735864,0.013478542160609397,-0.006194542104732359,-0.002920317063115685,0.007650006744953863
2017-01-04,-0.004474272930308776,-0.0002970260290163784,0.00465721071556513,0.0018342313427317514,-0.0016401933708053429,0.0035629453687888724,-0.011002310484878985,-0.004468560484596984,0.0029481132092625817,0.008716875871754848,0.005949196280532032
2017-01-05,0.0,0.00649937482355889,0.030732454634300854,-0.009204924635638045,0.010462602680910926,0.006627218934513568,-0.014907108687546966,-0.006091696056884532,-0.0005878894779801636,-0.009885931559052707,-0.0007944566973125955
2017-01-06,0.008667736758373845,0.014993481095457728,0.019911589467614954,0.00011613053188463951,-0.004792058873388294,-0.0003526922165532076,-0.000564652739756033,0.00043010752644878636,-0.0029411764722979683,0.007959782153659889,0.003577796031354774
2017-01-09,-0.003182686187151007,0.0023872711181942563,0.001168356386386682,0.000696702275444494,-0.00017196904587468698,-0.007409149712377827,-0.01649717513979243,-0.007201203782701393,-0.002528445006561353,0.013507896924036977,-0.003300910949498581
2017-01-10,-0.00031928480240150936,-0.0014144442569830051,-0.0012799277217285798,0.0029009050817572213,-0.0010319917447634275,-0.010781990520875362,-0.012752757353495792,0.015805997618384193,0.0019433882585355722,-0.007176542957032628,0.0
2017-01-11,0.009102523155927855,0.004660960522308466,0.003920090463626069,0.007520536850491588,-0.01231060605986567,0.0031141454056113904,0.010240893750986357,0.008739209208544318,0.006999494011971974,0.005163155720991464,0.0028261016521289317
2017-01-12,-0.009178667512124372,-0.00039765743810760146,0.018297414332557382,-0.00964630225049079,-0.0009587727714065464,0.0010746268666366188,-0.005414122797768095,-0.006973058637878893,0.0007537057164255234,-0.0011643038145675577,-0.0025099382867066478
2017-01-13,0.0014374700534280915,0.0016997576943322823,0.00430165675237193,0.005333951762561018,-0.00017448961703825372,0.002027671755297611,0.00011582117235442446,0.005213320566019419,-0.0037656903769296424,-0.0033598464074480194,0.0022955193671625462
2017-01-17,-0.0027113237643218158,-0.0041880280158583805,-0.009080451330249484,-0.03633217993034488,0.0023560209420099287,0.014284013807248197,0.011696583671003902,-0.009631668077343836,0.009827803447458372,-6.879944902893342e-05,-0.0035234661501630793
2017-01-18,-0.00047976971018304226,0.001885287506323774,-0.002766388381168716,0.004667863554053353,-0.0014799338385904637,0.004571059736063754,-0.01236263736247889,0.0056642086134404135,-0.001580435867154284,0.006811614145552314,0.0022099447515524506
2017-01-19,-0.003200000000011416,-0.005609032351435395,0.0019319363947094548,-0.007624493686154921,-0.004359197907313539,-0.002708112564017151,-0.01796476587923601,0.0005357334197053643,-0.006248437891103631,-0.005877127041575836,-0.003704502756501249
2017-01-20,0.007062600321770862,0.004609580650795975,-0.0008775833086126505,0.004441776710650602,-0.00043782837090877713,0.032467532466877946,0.013690546441670559,0.012850717498366748,-0.00016767270261308642,0.007905410050800032,0.003674033842540725
2017-01-23,0.003506534904544445,0.01963365009471807,0.011814481709202962,0.00047806860304833165,-0.002102496715127522,-0.0056032018289482455,-0.010711375014026636,-0.0012687671817370738,-0.004024819723707718,-0.0037511935620282433,-0.0026021477771238644
2017-01-24,0.008894536214572923,0.006039576992052709,0.005575390032767746,0.01206546410241316,-0.018874550083475716,0.010349586015863554,0.0014122631510833372,0.01884395511272796,0.00025256777410187503,0.007256794688067059,0.00641172689995928
2017-01-25,0.0025188916869609557,0.010499923487664375,0.017119789893487614,0.015462700661902806,0.00930565497501723,-0.007967220577662415,0.002938065578435456,0.019846217789730947,0.0017675279851614434,0.009515394548284206,0.008655540193795552
2017-01-26,0.009265075377622889,-0.001712388607490567,0.003143977430306588,0.008369173543191666,-0.008510638297847817,-0.0064249655804073935,0.0030466369807502502,-0.009475292919108536,-0.0022685262965911335,0.0018851410493077037,-0.001045454513781574
2017-01-27,0.02349463202053803,-0.013944316087370678,-0.0040278853601859455,0.002074927954034189,0.013769670958302171,0.0013856812938066732,-0.001051401867807833,0.018206130425680422,0.022063157893603247,-0.0456958537731752,-0.0015697946055802658
2017-01-30,-0.00988142292493821,-0.025087866701289596,-0.006449142706725586,-0.010353157712340688,-0.0022049744227335966,0.0003459409587895923,-0.007601450122738496,-0.022224467117854974,0.008898409819503739,-0.007182592775452301,-0.006201677048426224
2017-01-31,-0.00736987563303293,-0.004418387290220593,-0.008309448686143694,-0.01627339300338715,0.001060726598436812,0.009798270894205263,-0.011430591563266979,-0.011674759789341627,0.010371580238931033,-0.008724022979820334,-8.791034832578148e-05
2017-02-01,-0.01655065738632766,-0.00603518696838401,0.010771360567348287,0.003781165071581105,-0.00017660044181222467,-0.0030821917812030586,-0.011324353320030456,-0.005749529583294777,-0.008891044295771477,-0.0077275329138821736,0.00039553465692598877
2017-02-02,-0.006448568731626914,0.0037044305972431246,0.009130774313690138,-0.004237786933783627,0.0030027377898744767,0.004923852054496969,0.006149023390477515,-0.014088949638260462,0.006850432231139125,0.004326507066806595,0.0006590326124567003
2017-02-03,0.008073452587571195,0.002285337178376201,-0.03541877492707912,0.030618276393293176,0.0006163599552995169,-0.003988149498367011,0.0010784901142844028,-0.005225551881345658,0.0060748420546747894,0.0063182079261348,0.006892883050365617
2017-02-06,-0.0006281407024659735,0.001816785143910149,-0.0031597136509503576,-0.004702913512430906,-0.0021119324184424304,-0.00011440338662849214,-0.0027531721334288495,-0.00439536878307023,-0.002817808551673351,-0.007919520547373327,-0.0017877518404157966
2017-02-07,-0.0032998114404103607,0.009262189333469228,0.006017532564013717,-0.0005762360261513111,0.0007054673722277638,0.006979405035635988,-0.006481814909006678,0.004737805534349215,0.003794606814228052,-0.0017979144196492713,4.372078907444177e-05
2017-02-08,-0.0014188869609526034,0.0007838597266991432,0.008873846153846232,-0.008763837639139349,-0.0007049700388669367,0.003635950459046411,-0.0065241029348444,-0.004286785982205776,0.01584492881969002,-0.0015129682997742089,0.001310400093567976
2017-02-09,0.011367224501303008,0.0002168988284629858,0.0020129070036962737,0.014425314099747455,0.005996472663360564,0.0038492018575881914,0.004418262149383789,0.011301259283825305,-0.013064133017846258,-0.0003607763905045802,0.005932651240338815
2017-02-10,-0.0009366219162582068,0.005770667180445388,0.007426706925099724,-0.002293577981154815,0.010168302944935537,-0.007894440059568741,0.00830889540718438,0.025010642827346885,0.0065784195765277165,0.011476829796008614,0.003946179428998109
2017-02-13,0.011250000000388782,0.004923040067903894,0.010961254924709563,0.013218390804681679,0.0055536272123803965,0.003864953962496198,0.005816771690605238,0.02273907174654366,0.004224117318184062,0.0026404053383097814,0.0054425684732686275
2017-02-14,0.003708281828393334,0.0012753885746656923,-0.00016735801465594946,0.015995462279354333,0.004142216086157724,-0.0050956856539338125,-0.0021686746992969352,-0.004162436547845649,0.0,0.01160142348742177,0.0039953300851984785
2017-02-15,-0.0006194827308759754,-0.0032260752598136655,0.007544327407070783,0.011500669942893005,0.007218975592265586,0.0371044844077808,0.004105288578387212,0.009481088796113202,-0.005634920635989915,0.001758953070613023,0.00522037233908601
2017-02-16,-0.00015496668276382408,0.005792289688230756,0.0017087931648274157,-0.0006623247608974481,0.007508532423098124,-0.0036215978934965865,-0.010341510341676297,-0.007675217128086831,0.007183334664260244,-0.0035819637582183983,-0.0008513408892358854
2017-02-17,0.001549907006416884,0.00520085018264127,0.0011017129859975938,-0.003313818622944331,0.006605691057516738,0.0033043286717628906,-0.006561360874526745,0.006004477916098372,0.005309453999521319,-0.0026080214284708303,0.0015763249762239528
2017-02-21,-0.0020117610655987495,0.0032130411676682957,0.013454506727253346,0.008644574975181119,0.006730607437119618,0.006367329014259404,0.0015900195693245855,-0.0075872534148689885,0.011035787480590198,-0.00021201413428439952,0.005955204491344901
2017-02-22,-0.0020158164048365013,0.0024609370415891174,-0.0009691280183082851,0.0005493901767843479,-0.0011699816144580266,-0.0025089996720069063,-0.01172304310623562,0.001019367991843767,0.00140339934681033,-0.007987559199863048,-0.0008880121595393753
2017-02-23,0.004039776258651484,-0.0004228528490283212,-0.00399714823342423,0.0007687239175648841,0.018239625167854046,-0.0033902012249006352,0.010502903744010084,-0.026985743380198768,0.005683587664194301,0.0001425110443122879,0.000677175388115403
2017-02-24,0.0,-0.003748531139689093,-0.008155458289817896,-0.008778667836667364,0.015036976170629268,-0.0008778667845078525,-0.008559550012146477,-0.000732600732471167,0.02146396221993263,0.0035622684532976567,0.0012688335201513912
2017-02-27,-0.006035283195075514,0.0021938877809788426,0.004022526146419958,0.0011070519204952056,-0.00268882913720081,-0.0017572762220228189,0.005673408979265382,0.02052785923646927,-0.008323152105320641,-0.010506886270783222,0.0015628790749142585
2017-02-28,-0.0038922621822867765,-0.0055786364116344744,-0.004242081447963786,0.0021010726527099788,-0.0015522875814838466,0.0019804158880583067,-0.0026980623017447414,-0.008004926107863963,0.008701008699523172,0.007820347252743387,-0.002699169150837233
2017-03-01,0.0150046889643638,0.01398932456029578,0.009514342516330654,0.03288457294249647,0.013501350134306866,0.006478532995875863,0.02090506640440548,0.01986343885832853,-0.012137404577479916,0.022923044065792153,0.013997538740717408
2017-03-02,-0.014320911609728815,-0.00805369127407951,-0.004888169925446606,-0.015598290598750952,-0.0018569352494933744,-0.008182413265874322,0.0033726812815881857,-0.04280787177967704,0.011822888492040162,-0.021713410814973244,-0.006297418493076301
2017-03-03,0.003749414154672559,-0.0009060422439406413,0.001142641740584871,0.007163012806164382,0.0012941842593598984,-0.004509954900432711,-0.010084033613353749,0.008054260280026426,-0.0010691919969774144,-0.00746958810498366,0.0006295127269722034
2017-03-06,0.00031128404616809213,-0.002131719036670532,-0.0038476020144020406,-0.009482758620580012,-0.0006462557551305537,-0.001436464087729572,0.00448702401094514,0.005677039528748429,-0.0012232415892841075,-0.0015051605505203014,-0.0029779003688842343
2017-03-07,0.0020227166632618143,0.004579413881019345,-0.0006968970364158444,-0.005548302871982047,0.0009700105080923116,-0.0008852495305098351,-0.003742605334763338,0.0028224963410761195,7.654623508357439e-05,0.0023688177446954395,-0.002986862054932926
2017-03-08,0.009161490684209683,0.0029254537987306595,0.0052953830878701424,-0.002187944425738775,0.002180408624975927,-0.0016613135451318817,-0.018056228794019136,-0.028145522776985343,-0.00926138538078447,-0.0005729017479756404,-0.0018565485233908996
2017-03-09,-0.004000615479409442,0.004920106837277505,0.0029394473838917357,0.003946935643293292,0.014907332796590289,0.002218770800827441,0.007898309269168902,-0.019736136436478313,-0.005330655131866036,-0.007022069360839045,0.0012681898993009977
2017-03-10,0.003089757453989206,0.0041557866261554555,-0.0006330597889800949,-0.003166976083463946,0.002064311234545979,0.008080584459029039,-0.000734663892056675,0.01006674690803111,0.010174757281472546,0.0013710492138108155,0.003504183891092083
2017-03-13,-0.0033882642840450394,0.003685838832944821,0.002498650963095095,0.0008764241882730506,0.0037239521425733724,0.002635335455780874,-0.00232814606117282,0.0035749106273637032,0.0030755036133343072,-0.0068458600561871474,0.0005048424380358352
2017-03-14,-0.0046360686145962005,0.0015383191842082145,-0.002410512643489904,0.0016418563933449093,0.0029207451850123967,-0.0033950279268988304,-0.005281257676334583,-0.008419689118633888,0.0008431703214697439,-0.011899579161409712,-0.003826601100676341
2017-03-15,0.005278683433991294,0.002864038988809492,0.0005161108699986983,0.002404108839480168,0.015033451397362674,0.0043956043967319225,0.012470675392319164,0.016329196603501073,0.01018610706734191,0.013291232192618407,0.008653453153156132
2017-03-16,-0.001698841698557052,0.001854005688590732,0.0005275683787238084,-0.0009811403031311228,-0.003877171216134734,0.000437636761175364,0.0008536585375007455,-0.005462724935330843,-0.015163002272579384,-0.00014493803868975697,-0.0019669428999455896
2017-03-17,0.0035581683168601774,0.0027241379297957558,-0.0013006491528204656,-0.010475774769699964,-0.0031138097464290526,-0.004811898513492174,-0.0008529304261606363,0.0006462035530641064,0.002540415703678134,0.01130680582690502,-0.0017480669529981174
2017-03-20,0.0009249267767867941,-0.005112509600553983,0.005467494221586211,-0.007168063521345691,7.808839637291065e-05,0.0024175824179892835,0.0,0.0268001291576192,-0.0026107655690652543,-0.006020210706721318,-0.0010968864749998364
2017-03-21,-0.011088864931625753,-0.02047447315852846,-0.016068240428486535,-0.029323558813386996,-0.006402748496931454,-0.0003288752460671729,-0.0020731707320846837,-0.031132075471529852,0.015089691278494133,-0.016151128416249327,-0.01283949802989881
2017-03-22,0.012770596479572571,-0.00039993412797401096,0.005763757115749613,0.0016020139603547534,-0.007779960707474554,-0.0021932229409632464,-0.0008554319922247089,0.0,0.004247250662329005,-0.0002931476734604477,0.0023531553903706204
2017-03-23,-0.002460402890251401,-0.011943986821451813,-0.0008018300591938754,-0.001599451616536185,-0.002851259306176135,-0.0024178481155818776,0.0012230919759763648,-0.0021637996321509645,-0.00241673589424396,0.004691738142868163,-0.0010670992020023196
2017-03-24,0.0016956990902041724,-0.005371285654937719,-0.0020887913332859886,-0.0011442956857578013,-0.0033359809370601123,-0.0022033711577226223,-0.007696066453931505,-0.0008673967250453218,0.005375123022660189,-0.015395840933984939,-0.0007263940554489423
2017-03-27,0.0018467220686415597,0.00403525157415352,0.0014309196911104216,-0.0005728032992229348,0.002550207204089938,-0.0008832946899877125,0.0002462144530521737,-0.006945198047711654,-0.012801204821489054,0.007262487031260312,-0.0010262806761662802
2017-03-28,0.0029185867889092165,0.0025282942377209405,0.01084055643466142,0.015589179274833276,-0.0011128775837447868,0.0029837551114340055,0.007261538460002548,0.01573598513929131,0.0012204424133259728,0.009785167745516743,0.007276825769810813
2017-03-29,0.002756930617714204,0.010991756182912038,0.02140186915887865,-0.0037246049659152014,-0.005888906572858343,-0.0017628911416384119,0.002199413490245883,-0.0009682625071171236,-0.005409111687203483,-0.003424408014407243,0.0009348376398674585
2017-03-30,0.0036658011309091965,-0.0004588937149322403,0.002310366913715889,0.008609946755034015,-0.0020813320524432077,-0.004415011037231409,0.02048280907077471,0.003876803790910044,-0.018536959019523236,-0.0016815323875378763,0.00318417263453874
2017-03-31,0.002282757569838756,-0.001977680463138398,0.011639318072893978,-0.013366281029140503,-0.0008824001287186523,-0.0038802660751263707,-0.020191158900788153,-0.0049345633986658255,0.0018730976357710372,-0.002286135693364666,-0.0023275975125994774
2017-04-03,-0.0047069541448307994,0.010556735079539914,0.005606064024183954,-0.0036429872496325233,0.0011240465679256406,-0.0018920422931579806,0.0007316180961387531,-0.005282449331995731,0.002726493726736612,-0.002513119964326793,-0.001739216897317597
2017-04-04,0.002745995423806713,-0.004878902831164211,0.017184327713654524,0.0033135283359562173,-8.019889357191445e-05,0.0025646743985521248,0.0036554161084285663,0.02015823127801286,0.0063704164092819315,0.0029640607632892557,0.0006373772947503298
2017-04-05,-0.0025863380494703936,-0.004292902634695284,0.0027017191755895897,-0.012827854769925873,0.0009624639082899122,0.0006673339994711647,0.0019424547756308197,0.001168596621301532,0.008491585609548657,-0.0008127077951967099,-0.002972638915906489
2017-04-06,0.0025930445392261525,-0.004493998184797787,-0.012097483723385483,0.003364659473789944,0.0020032051278173757,-0.006335445148535235,0.005816066885507176,0.01676570458480242,-0.0067360685861385106,-0.0003697131020592437,0.0028111551361234
2017-04-07,-0.000760687661210846,-0.0035439802627209582,-0.0037850113550340625,-0.0034690101765656456,-0.0010395841662982352,-0.0019015659945312846,-0.0030116853386981113,-0.003130870381960471,-0.006396424166504877,-0.0013314594281866876,-0.0010193892200163202
2017-04-10,-0.0022838002439907745,-0.0004750029705455905,0.01358841408903988,-0.003481086098189201,-0.004642971501444437,0.002913818222664011,0.004470758819991261,0.016959798994175657,0.003878073372660218,0.005555144064067985,0.0005952338509338517
2017-04-11,-0.0007630093082769962,-0.0021622906019294064,-0.0051596401481741605,-0.0017466231963036982,-0.000965095706011887,0.003464074198289202,-0.003488511969304553,-0.0004117768167127833,-0.000849880245219703,0.004861520329835223,-0.0011897595172206676
2017-04-12,-0.003817959683555805,0.0018812211267758006,-0.006793297575247159,-0.0038492942947069286,0.009499275478991098,0.005679287305025982,0.0015692901978279217,-0.02306900102958509,0.009201979587133646,-0.006670576161608377,-0.0043818557333307195
2017-04-13,-0.004292503448925955,-0.0015211655935496449,-0.012898474721890651,-0.01170960187425063,-0.003269537479557161,-0.0031004318465138736,-0.015427262866225977,-0.018553658022578023,0.0019921845059041043,-0.008929230315121384,-0.006494910936634901
2017-04-17,0.008160123172482825,0.0177938060899836,0.019577921710920432,0.01729857819903069,0.005840467237658409,0.003998667110982623,-0.0013465540453746483,0.01117078410283745,0.0010705819383973747,0.011615785554432545,0.008859885786870914
2017-04-18,-0.001374465485876275,-0.0013331306357284856,0.001984500936817568,-0.00815280689485387,-0.031021317212819643,0.004535899988919123,-0.006496690364831248,0.002655619291065614,0.007868000915284501,-0.004342705726202656,-0.0029842348943055486
2017-04-19,-0.005352500382658665,0.0029508542263367854,-0.005067604948106874,-0.00821982151235423,-0.003693974717567605,-0.005621145374597014,-0.006909315237444091,-0.009746795211859394,-0.003334849174223886,-0.00229171287070451,-0.001838598406037395
2017-04-20,0.007072570725764393,0.0041680774297740975,0.003180604982206514,0.01290551740490864,0.004119634176757092,-0.003013392857225683,0.006460429866467221,0.020969294961187268,-0.004790874523735167,0.014374629519839255,0.008139110622568113
2017-04-21,0.013740458015894408,-0.0013138312721422407,-0.003913265193002724,-0.012039742840496137,-0.000902601132732217,-0.007948057763035754,-0.003950129612259268,-0.0035918022398115923,0.016428516848674857,0.0029218407597220164,-0.003186878612567834
2017-04-24,0.017018072288117914,0.023260958146786193,0.00988280858735946,0.03525792711795206,0.009280551905895162,0.010494245092330656,0.005205105961033407,0.02639949109465256,-0.002029769959533856,0.01791697013796445,0.010997919962107083
2017-04-25,0.0057752110183051375,0.011275073101615352,0.00023142791020602793,0.008685714285779689,0.00439417365067829,0.005025125627794891,0.007643940326806931,0.07860758186142824,0.0012806026367584433,0.01409559244474079,0.0058186322540350055
2017-04-26,-0.0013250883394461122,0.0003375185630802857,0.0018399770829202744,0.0019261273512132249,0.0006481406469827089,-0.0251111111108816,-0.004037685061190843,0.00229841026568689,-0.0006770990056890192,-0.0010583503846599562,-0.0006288367142387452
2017-04-27,0.00648680524732459,0.0025867692365835193,0.009996810698456926,-0.009272871197776755,0.001862197392941134,-0.0005698655120252027,-0.0017199017198875621,-0.018918402445595173,0.005194609649631143,-0.0033903093657797756,0.0008389765315637288
2017-04-28,0.0027830672340611873,0.03710849861040888,0.007197456390600765,-0.006962675494062487,-0.0021819945048544565,-0.004105371194576213,0.004799409304893976,-0.00409037787262434,0.0002995805879026925,-0.004252303331477858,-0.002179396425051827
2017-05-01,0.013876716330882388,0.008977631635070926,0.025124595941577788,0.0006896551725736888,-0.0010528873410190487,-0.0027481964959611416,0.005021432945318205,-0.0025425386278097317,-0.003893381249862271,0.010889679715358591,0.0025201234671421435
2017-05-02,-0.0015847860536161162,0.004577517635218076,-0.001360429431677912,-0.006432345509357229,0.0029187611480285813,-0.009989665862025765,-0.00012186205228748026,-0.004803921568183989,0.0073662056492067585,0.010490741393154757,0.0003771200041520206
2017-05-03,-0.003174603175672863,0.012122634964945478,-0.006241155722643499,0.005780346821167459,-0.002991107517444469,0.0024356297840060215,0.00792199878049793,0.00029553738511012284,-0.004924638112346225,0.0020903010027211177,-0.00121459142758229
2017-05-04,-0.0039085118693483745,0.006610786019183079,-0.003719328820547596,0.0011494252871337984,0.0050271628962021975,0.0002314011339819011,-0.012817412332841505,-0.02117392160751219,0.007348530294547517,0.0065359477127371335,0.0011740984764974094
2017-05-05,0.002761226565294317,-0.004650578178151177,-0.003605217966358376,-0.001148105625495499,-0.0035498184756321827,0.0005783689982272744,0.004654581087128129,0.002515343596052322,-7.443799427808706e-05,0.016993644653692463,0.0039370163331875485
2017-05-08,-0.0008695652175384483,0.008850023150130504,0.015939624257346185,0.0011494252871337984,-0.002105092704972944,0.0005780346823716087,0.010607168983475246,-0.0027097551174802836,0.004615499145596225,-0.00699633202031491,-0.00016684605976113875
2017-05-09,0.001450536699361793,-0.0020653182983380036,0.003982972266711515,-0.004018369689233747,-0.0003245436107789379,-0.0017331022524211814,-0.006997225238463689,-0.0008050719539287599,-0.008743979251978229,-0.006087967713233389,-0.0009179754496393411
2017-05-10,0.003910776360578128,-0.001954615297838691,-0.004061627589681205,0.007838616714057611,-0.0032464897331900833,0.0010416666657042661,0.004495201068431598,0.010776513244432184,0.0029902070714633577,-0.0003441156231774878,0.001795827749896839
2017-05-11,-0.012263742605089667,0.001099660676814107,-0.0014015490805626696,-0.00308818483356732,0.003175637162990963,-0.0036998496924997015,0.00854596508503569,0.006277401354538137,0.003503018558484561,-0.009569707400854832,-0.0020427315224363918
2017-05-12,-0.0011685655853994614,-0.0007846091067182925,0.014488930161879354,-0.00275355667801358,0.0035714285718753125,0.00023209933863355126,-0.0007263043219404297,-0.0027725517375396524,0.006758764111991056,0.0014597525375372733,-0.0016710209356483041
2017-05-15,0.0007312079551238249,0.00427162510072665,-0.0035158891142664794,0.0048320294534938135,0.0270947913298778,0.001624318365725852,0.003028467595373563,0.016979445934362847,0.004278863888827145,0.007010481015732317,0.005523504151095482
2017-05-16,0.02002045886266357,0.005619148892894277,0.00845537960478926,0.0030913670712005015,0.0061422159223045725,-0.0010425112943961423,-0.0030193236714746163,-0.0007810974425102035,-0.0016895614517637991,-0.005031706644577971,-0.0009155264137777896
2017-05-17,-0.027805791672170455,-0.023263287754612394,-0.02205844296997117,-0.03812350188439895,-0.008609219691186332,0.00023191094631336284,-0.006783767414072828,-0.02149697088142022,0.004047093452438366,-0.012331139591240214,-0.017744064330490916
2017-05-18,0.0034084173084891756,0.008841291912545568,0.014532791396757005,-0.0036786519516516236,0.002368358726534403,-0.004521214930899964,-0.0029271862421302863,0.0007988815664266014,0.003591058998129837,0.0009819737675065277,0.00402848346912843
2017-05-19,-0.0002953773439600127,0.004366123091653407,0.0014084653986998763,0.009766555502860097,0.0002362762866701118,0.004308838941762261,0.002201834861855545,0.022051486728700276,0.0025558638798104383,0.002732814799393246,0.006504176939910344
2017-05-22,0.011227655488400545,0.009867490703212578,0.01128313052175356,-0.0009436187772284832,0.0020472440944179215,-0.0003478664179817903,0.004393994874447804,-0.0013667870739727528,0.007720882804825857,0.001467505240564826,0.0050774453870230385
2017-05-23,0.0033601168732908526,0.006721503626957226,0.0008962881308787196,0.012514757968678625,0.002043061448932182,-0.001507945714710912,0.0035241220077992796,0.013100009775590005,0.0044091073333329955,-0.003349382457660144,0.0022127546388845953
2017-05-24,0.0013104251591209426,0.00727422595317373,0.009068077485229642,-0.0005830223879466079,-7.841907182792873e-05,0.0048791821556035675,-0.003511746185780096,0.003087908906737269,0.00856361543040296,0.009171742630910806,0.002332838962544992
2017-05-25,0.012360040716153486,0.014576364807613817,0.0132911715203754,-0.004200210011473637,0.00674456905364762,0.004161849711592058,-0.00656215822116768,0.010293410293795047,0.010934712807153524,-0.00013875398896212587,0.004779493767078868
2017-05-26,0.004883654122026515,0.0014215715929457584,0.0024159938794823255,0.00011716461656252619,-0.004783188270165661,0.0044899838828873495,-0.0024464831800433684,0.006094077318701929,7.107320487875768e-05,-0.0014571190669229184,-0.00020676704598199258
2017-05-30,0.006432246997916113,0.0029196492396363904,0.0009238988531603542,-0.017104029990613334,0.0014970059889871656,0.0017191977071275844,-0.0055180870627412615,-0.0017982207076001622,-0.0004264089266134974,0.00041692724554920346,-0.0008688386661191982
2017-05-31,-0.008095440987825442,-0.009114910105968432,-0.002086886726196391,-0.0208581644805379,0.008968609865162236,0.00789473684166464,-0.007398273736807459,-0.00037925476468148034,0.005616779241030434,0.0006251302353665888,-0.0002484389234009843
2017-06-01,0.003722794960292042,0.0012156946179711081,0.0013371941042810143,0.011077297626006066,0.00413255360620246,0.00045408105369637575,0.0024844720492984695,0.0020866925927056634,0.003252262444511489,0.007080383174004279,0.007952282074565664
2017-06-02,0.023680456490124957,0.007922775703359752,0.010823836537978915,-0.005056585600404229,0.010094735207564876,0.005219562010375878,-0.01486988847535986,0.0028395645999939045,0.005708245240285237,0.011786600496132227,0.0033283900261664723
2017-06-05,0.007246376812342303,0.00779022607714519,0.004579182104437196,0.0018151016453393787,0.0021525215244126983,0.0016931933635333518,0.007798742137325121,-0.007078810760115184,-0.006026206991353922,-0.012466789290267233,-0.0007371626388303909
2017-06-06,0.0033204205860066782,-0.007172171971428831,-0.00824648486166868,0.002053388090567543,0.003605400429718575,0.0006761325208672897,0.013604593110919438,-0.006178707223925994,0.0004934790270718636,-0.005794701987271944,-0.0031968440673615373
2017-06-07,-0.0017926089348884178,0.00492635549990128,0.007048853439681091,0.011451301831522986,-0.000611480547047516,-0.00033783783656249344,-0.0036941263394637547,-0.009947393592314224,0.004650507329450937,-0.005273383291347189,0.0018502404793454552
2017-06-08,-0.006078187594889872,0.00268572968830072,0.00019800607878650567,0.012394231915487275,-0.0015296367116952592,-0.010363861665839136,-0.003584229389100302,0.01449135349308639,-0.007925375229851594,0.0009765624993596234,0.0004924690063110582
2017-06-09,-0.022654621265019048,-0.03401441828956853,-0.0316351074465242,0.02366097704554293,0.007506702413032418,0.0035287421744729652,0.01872984371115627,0.008665841347635928,-0.008554259456988622,0.016376306621008085,-0.0015177414125170374
2017-06-12,-0.007679180887555703,-0.008565950603277028,-0.013697089879486035,0.00022999079944230338,0.002204820193758339,0.0009074410167899671,0.009740655057511871,0.0014161631425180232,-0.005847119220802277,-0.009736030168338572,-0.00020542705394621663
2017-06-13,0.012467755804079994,0.009035048503101217,0.016457493444984372,0.0033340997935860095,0.0015172204515661036,-0.0020398912068260167,0.0003617508744457876,-0.003016875648203632,0.0038014632020939576,0.01273973551220453,0.004889883280386975
2017-06-14,-0.005378627034749117,-0.0026481195267187285,-0.004404612608203462,-0.002062564455617477,0.005680957431013711,0.004315239610069632,-0.01072806171562024,-0.009834515366009433,0.008574490891498865,-0.004854037054940918,-0.0012676262366655422
2017-06-15,-0.0052654048673016485,-0.008006777349576222,-0.01259639313035732,-0.005970834768062927,0.002033591925613587,0.010628674807311222,0.002315096868070299,0.01613981472554471,0.005100956427585679,-0.002404506732332501,-0.0019243407727389528
2017-06-16,0.001430615164790039,-0.001624695369599305,0.02441478162564703,-0.004505024835700144,0.009846662657566174,0.0031326918775158585,0.014952589350582857,0.011278195489472287,0.006837245365027833,0.0020659734171926125,0.00021784058377294357
2017-06-19,0.012428571428696245,0.017316559221101757,0.0075528242095350695,0.021930842422740904,-0.0020841086706056,0.0022306491185830613,-0.008743562103039948,-0.0010223048329408568,-0.0031503780434108952,0.004398323139370719,0.008325111310305555
2017-06-20,-0.013545929166751125,-0.006388302126635326,-0.002592521880683707,-0.006245032360864267,0.0011188185276975737,-0.00255953705750378,-0.005437409376108371,-0.004186435947947542,-0.003019874990287552,-0.009647622305462566,-0.006744089646785301
2017-06-21,0.005149477900811883,0.009907222984315789,0.009711965665581967,-0.004570383911365772,0.005140813589149973,-0.0025661050985971157,-0.010569797109284962,-0.033352017937536726,-0.006339814035285718,-0.00870526461275456,-0.0002468951947984799
2017-06-22,-0.0001423082393591235,-0.002013100480738772,-0.0009279307145066973,-0.0011478420567102576,0.008450077829378344,-0.00413870246005843,-0.004420432218977699,0.0035759157253756335,0.0037572664124678745,0.005366601617359246,-0.0004527721811077301
2017-06-23,0.01352120694501946,0.009696709057505526,0.0024368321182461905,-0.0018386577797568915,0.0027930907763020763,0.004380545882724629,0.00653675382355412,0.0026001540822946367,0.010947100785477115,0.004783362217899656,0.0011942390249146673
2017-06-26,-0.009549220614394782,-0.014197487044674273,-0.009723633610297489,0.00437485609029209,-0.0006596789564667915,-0.0006709908301291145,-0.004533758118722586,0.0013447315338304122,0.007614922453975659,-0.00020698219921000405,0.000658034782570871
2017-06-27,-0.018715440239510883,-0.024689072000483647,-0.017304171110082645,0.009284731774367172,-0.009755024204805451,-0.008393017009758141,-0.001600196946419108,-0.0030695443645581966,-0.0135894058117354,-0.007452901800797829,-0.008056192430470954
2017-06-28,0.00852477965645071,0.013627398242029853,0.013872110403571059,0.020102214650340677,-0.00881416191398765,-0.002708497912112473,0.00517815312475145,0.02424708938719,-0.008786110915137035,0.007022178960832681,0.008950412224685511
2017-06-29,-0.018767908309508474,-0.024130862321963042,-0.014540607676229111,0.014807392562306676,-0.008817814974943494,-0.015616159329222778,-0.010180301729936114,-0.007609206199718166,-0.007445752374498071,-0.014636840651542804,-0.008788857678190265
2017-06-30,0.006424295517513556,-0.008679703993810461,-0.008125582777453344,0.0027427317617045865,-0.002638721350527562,0.0018392918720764317,0.00037174721211630235,0.01722832260462792,0.0011431020921119917,0.009099245256222632,0.0018644996429366678
2017-07-03,-0.01102567822444045,-0.010993029858418768,-0.01481404958677679,0.020240700217681873,0.004611081714154253,0.0067699368908733515,0.0169701474056978,-0.0045598362177073914,-0.0036394776299780718,0.00859779113635839,0.001695632733186514
2017-07-05,0.013348980490525353,0.013921214625354228,0.01860201749051016,0.010026954178684822,0.005568096312878357,-0.0007978117168354615,-0.01522533495724665,0.004861176031023318,-0.005729838129725828,-0.0116432185179981,0.002312030815464494
2017-07-06,-0.007382744643359973,-0.004902065947363199,-0.006444307185505482,-0.0032023911189509313,-0.008380724333797551,-0.003421923121048054,-0.0090290661735557,-0.009117127174902984,0.0054026797294213225,-0.0033658228739924523,-0.009144461685728134
2017-07-07,0.012979437071139355,0.014142655411850225,0.014111942308888015,0.005033197686809876,0.00015092061569976778,0.003204761359875352,0.0012481278090279435,0.003849403811980512,0.006520025792585038,0.01322732709569907,0.006485129829941538
2017-07-10,0.0074863230644057754,0.010831092357476368,0.018094323429645787,-0.007032498667282949,-0.007469443187575475,-0.006389047347684751,-0.0007479431567631867,0.00860456415997013,0.003915148063744045,-0.003541420734681222,0.0010738878977216704
2017-07-11,0.00014289797055955233,0.0026603575191743722,-0.0023482894618002126,-0.0038630754375770238,-0.0024325351578075027,-0.0036743598579913606,0.005489021957471918,0.0037091988125521613,-0.001985393178477013,-0.005087108014138808,-0.0007426661716479765
2017-07-12,0.016573796256243112,0.014818621333058335,0.0124530996952108,-0.0034471614777815685,0.007620208793826855,0.002189696900951388,0.00446650123961656,0.006651884701333932,0.00021314387054571782,0.0067241017020076566,0.007514761137825676
2017-07-13,0.008713984539167496,0.0012297707877402253,-0.005841968783221185,0.006377688898532963,-0.0027981547298392417,-0.0029898804048081873,0.0001235177866345527,-0.004497063142020363,-0.0014206563435450459,0.004452793431821256,0.0016802590057249933
2017-07-14,0.014072732340222549,0.008319141249485185,0.0011792570680471126,-0.009129967777744774,0.005612012740645378,0.004613610149296843,0.0038285784862757133,0.0027657416796293965,0.007682458387668234,0.008311976172515445,0.0046641027741791685
2017-07-17,0.007831821928445004,-0.0009724539627787854,0.008215130613589583,-0.009322493223828165,-0.003393665158561987,0.005166475315378172,-0.005167322834016108,0.000643559805033389,-0.0048708174500601276,-0.0001373909459539968,-0.00012216973481204985
2017-07-18,-0.0006816632584786264,0.011260707405823078,0.014266761712407261,-0.0035014771854954274,0.01748013620867228,0.012450028555507586,-0.0032154340836489936,-0.009095920618326203,0.003688728099706884,-0.0021298522842777556,0.0005294668679187708
2017-07-19,0.007639836290361135,0.005896955266710524,0.0023622431548635525,0.0014274733713117715,0.005577867023966121,0.004508122743341225,0.0031017369726793476,0.007284953768892155,0.0021909675577043153,0.0066786009359316445,0.005413986810877791
2017-07-20,0.004874086107971687,-0.0005842239383166969,0.0017821145812031425,0.0,0.0100584276311515,0.002829654781994151,0.0001236858380446737,-0.004914232730163115,0.011847672780465501,-0.0013678954921052533,0.00044536216036306087
2017-07-21,-0.005793586634527337,0.0016629879356406807,-0.0029454651501896745,-0.0033991228063541268,-0.009226037929597752,0.000112866817438384,-0.009151620085800616,-0.006802087215515229,0.0062029551158215845,-0.0025340730094403074,-0.0008903278024126049
2017-07-24,-0.0025748746435473313,0.004497705868367063,0.012947634229333094,0.0042909010881631016,-0.01699800458144851,-0.004852725425238624,-0.003120319520698578,0.014916971572976667,-0.008450509109340198,-0.004806371875607618,-0.00024303305268080777
2017-07-25,0.008016304348129388,-0.029329566968283705,0.0008855094085373771,0.01665205959768623,-0.008495601834666022,0.010886822408517238,0.005008138225708558,0.05879090404859433,-0.0002794271757654565,0.000689940665189237,0.0024309213191711088
2017-07-26,-0.001887046772453993,-0.0038388904380642908,0.012434246588515885,-0.009375000000727218,-0.00705186533193114,0.0017949293248646914,0.0012457954411264627,-0.008905185961553208,0.01663056390310036,-0.007859900717170132,4.041710493729589e-05
2017-07-27,-0.012018906144070418,-0.013259989018497897,-0.006458966565349611,-0.004133579897611317,-0.0009163802984643032,0.015453527434356573,0.005723528679509204,0.00748766737165707,-0.005773592685969331,-0.0017373175814394681,-0.0009295558342951038
2017-07-28,-0.0016402405683200172,0.006110172072184783,-0.02481835564053525,-0.0029492080832451695,0.0077963769778057745,-0.005183061313447257,-0.015217122355290713,-0.002360758940427532,0.003249222261166418,-0.0011138183085277475,-0.0011731391586182749
2017-07-31,-0.0046549835718214805,-0.01338787265494401,-0.031626210736833804,0.0056967572314099435,0.006598407280984153,0.006761999778279515,0.005527638190456763,-0.0013146362835736447,0.006684123483559956,-0.009338629869980242,-0.0005670082214306316
2017-08-01,-0.0016506189818211725,0.001121099947790638,0.008514041588207899,0.01339869281011219,-0.0015822784809083057,0.0030830213602370815,0.0016241879051352992,-0.00745941202308098,0.0032856458347874096,0.04762574745016934,0.002228796044658088
2017-08-02,-0.004408928079581709,0.0011409736314751395,-0.0003011473714853441,0.0008599376541318371,-0.00264131008930657,-0.0006586169047515522,0.005363602346326379,-8.841732948650094e-05,0.001159855357572681,-0.005439161966420136,0.0004852013589344839
2017-08-03,-0.00152228065317761,-0.007745557385197777,-0.009007018847463133,-0.0065513908276557675,0.009004237288185557,-0.001977152899179657,-0.0013647642687973915,0.0041559819605392345,0.0054518195459760665,-0.008034568901241212,-0.0019398642095904695
2017-08-04,0.007345807346272659,0.005838562161979199,0.0006687472135533667,0.012540540541058576,-0.0012748406449264449,-0.0020911292094014655,-0.0034786930055402676,0.0069566748855243166,-0.005354480142667151,0.0020419275798910785,0.0018221574341621416
2017-08-07,-0.0038525041274944938,-4.229268648203721e-05,0.004748982360922804,0.0038436899412856995,-0.002402763177724365,0.008492334840818128,-0.0006233636707346779,0.003148229121666901,0.0023168654175447223,0.0005434044288141759,0.0018592619540211963
2017-08-08,0.005386740331281725,-0.0016494845360621735,-0.002448930230683266,-0.0036162518606888128,-0.0044407647155024765,0.0015310586173262752,-0.002495009979648799,-0.0026152907334314746,0.0017676252641780632,-0.009843856075999025,-0.0024609674425551953
2017-08-09,-0.004396208270585955,-0.004352937439167093,-0.007910369352622681,-0.0016011955594753546,0.00725788160602403,0.003712601004144833,0.0031265632816182,-0.0006118346298000787,-0.0007465218880285951,0.002742543708780243,-4.044325806218385e-05
2017-08-10,-0.014626742099576595,-0.017541060336010328,-0.02554963798739318,-0.014326953919191587,-0.0010508143807542725,-0.0019582245424414335,-0.005859618501167341,-0.010407556410023222,0.00325998370011793,-0.008410256410035677,-0.014115267947412247
2017-08-11,0.01526396863192181,0.007037754847489808,0.01156836517159232,-0.008352315868219162,7.513712474227496e-05,-0.004360148244847761,-0.009623907812639332,-0.0026513477687299947,-0.003655564578689652,-0.002896152255224105,0.0014768624874035297
2017-08-14,0.0150344827586959,0.009504456558592222,0.01581627909379213,0.011704222269890652,0.002854996243330188,0.0033939128518105655,0.0002557217740972728,0.007620735489543451,0.005979073240836019,0.01410788381747885,0.009913157463883326
2017-08-15,0.00027177605597938914,-0.000905285802871858,-0.0005695108308756414,0.0025948751218378696,-0.0007491759062242531,0.006001091108605028,-0.002428735778998492,-0.0005276580778338369,0.006686478456672473,0.0011593016917861299,-0.00012168410838186983
2017-08-16,0.005872712373495181,0.0065985843424754,-0.004640087917455293,-0.006901757791063279,0.005922926975764575,0.002603036875964415,-0.007303946693658636,0.004135503739886026,0.0062395169387738925,0.00865063687740708,0.0017443511422621238
2017-08-17,-0.016972165647526682,-0.017590307857402565,-0.01800282156658284,-0.015636876968018965,-0.008422151002678069,-0.004002596279043091,-0.015618949271658189,-0.008587451805607382,-0.00913455127367202,-0.01715289032917844,-0.015590831781170045
2017-08-18,0.0012430939221905746,-0.0015954121122894183,-0.002186201942596666,0.000992829564335107,-0.0030817799151510172,0.0043445204733640885,0.004982953055105099,0.006894113488024045,0.00888230940309076,0.001511611927326184,-0.0015632070427479272
2017-08-21,-0.0046903021109203635,-0.005733226801618807,-0.005404446670214003,-0.0012122547949436902,0.006182613284712923,0.004217584082242931,-0.0033924843420188866,-0.0028089887637092747,0.0034682851978236062,-0.0041849615807788565,0.0007828272424326155
2017-08-22,0.013998613999018028,0.02120820528273004,0.014276872724984013,0.010261502814443269,0.009366804046343491,-0.0007538229598088586,0.004713275727024069,0.01954225352044192,0.0025922233310857745,0.0055115397871197125,0.010456978180565901
2017-08-23,-0.006014215418536639,0.0023181624853172433,-0.009204674733685025,0.0012013979900196148,-0.014105419450152534,-0.0037719581849844364,-0.0016940317954922124,-0.00923847349319351,-0.0014419252190497334,-0.0054128126073069716,-0.003585397653273703
2017-08-24,-0.0004125412539724982,-0.006036622886801624,-0.0057933194154488055,-0.0016363041345229812,0.0006777108426363476,-0.0018390307231015424,-0.0036548753435940995,0.000261437908629647,-0.0022052927035737246,0.0004822265083119781,-0.0023307163887482663
2017-08-25,0.0017884165633301752,-0.006820437831261961,-0.007548952700929257,0.004042832168610788,-0.002784257656156308,0.0026010621013492496,0.0051093934246952966,0.004966021955468136,0.005291005290667394,0.005370791159525323,0.002336161318219343
2017-08-28,0.00013732491119133883,-0.0025470177334147026,0.0008040115946936766,-0.003155947328110864,0.0004556500600860769,-0.0004323856891159661,-0.0032586027111041194,-0.0024273948860162875,0.005196535644563571,-0.0015752345735969842,4.0889761156570614e-05
2017-08-29,0.0030207332137175413,0.008210056780999953,0.008498763239677798,-0.005458515285188481,0.003567633217379962,-0.0016221477235158765,-0.00026154047470428043,0.008168940645488787,-0.0010604453885931786,-0.0028124571271039844,0.00114486650047807
2017-08-30,0.013141683777883495,0.008421052631374604,0.014181498018992489,0.0023051591659331017,-0.008622645790730354,-0.00487435008644399,-0.00457815565605757,0.013274717696914351,-0.0006634819534172554,0.0009630597786169925,0.004737594445277882
2017-08-31,0.010268882584588468,0.012303551181076289,0.013445777653758428,-0.004599715254691827,0.009918364232632593,0.00435397844761698,0.0030223390262189564,-0.0005104210976645263,-0.000730314697383383,-0.0009621331868430172,0.0060160156091930705
2017-09-01,-0.011100708841717433,-0.00340228633620121,-0.0023964919437079457,0.008911871492305101,-0.010123139684203974,0.0028178172755413122,0.0031442421069061144,0.006723976508636209,-0.0023254268823735824,0.001926119557233985,0.0014141985537041712
2017-09-05,-0.004463078171327073,-0.011040031933531314,-0.01326859187324303,-0.02388222464606171,-0.008623979241287993,0.0020533880899844537,0.00796656654076422,0.0001690902936237748,0.0006659563133917246,-0.00810161345707694,-0.0071820529374432285
2017-09-06,-0.0028528732498612763,0.0005735650245302093,0.0026210283133216716,0.006703161658441648,0.005927636643584755,0.0,0.02073075926450385,-0.01115807269609781,-0.013376813523751085,0.00020765556908663996,0.003413801511625847
2017-09-07,0.012806539508280368,0.008354387380121953,0.012058276503409848,-0.017534124957872543,0.011632356317364367,0.0026962899049745026,0.0031733942624523337,0.006753291160880526,0.008364249578646454,-0.0008996539797814229,-0.00012150668272725706
2017-09-08,-0.0048426150117948374,-0.008927349481548275,-0.013854431478248386,-0.0012425166620715355,-0.009153491187224416,-0.001398300526443741,-0.002657218776960457,0.0004245563381597428,-0.008227975114264652,0.004155988086688378,-0.001174707335886871
2017-09-11,0.010543390105990813,0.0019970044927963837,0.01248576457190187,0.015494232074929393,0.017025500076960576,0.012386902196788396,0.005455468155425303,0.008911899508165622,0.021179009846812313,0.02904049113586149,0.010665909643748028
2017-09-12,-0.0010700909583154505,0.0035620010809518377,0.004724119595893361,0.012250807440062683,-0.004354027475435451,-0.005106926267990031,0.0031545741324388032,0.01741398166036401,-0.014993394979040287,0.0006703311436688786,0.0033706512582400983
2017-09-13,0.007096946973582208,0.0040035916137011185,0.01732174479431703,0.0028606007259079913,-0.0013571590137378964,0.0004277617364214503,0.003396226414439596,-0.010831817429992285,-0.006370280964114294,-0.0005359056806671925,0.00047990401910213976
2017-09-14,-0.00585028586505143,-0.010847607424628425,-0.007392957182873028,-0.0019747668679535035,0.013061532653843688,0.0,0.004011533157540548,0.007105241160498377,0.009245512215943608,0.005831099195189093,-0.0003197825479581695
2017-09-15,0.007222147919079047,-0.005148224181482641,-0.005462553290130123,0.007145212707575954,0.0020122223872718337,-0.0029930518432587094,-0.00024971906545345757,0.0073871181939770825,0.0036108324968289196,0.00039981342045392054,0.0013378143870115267
2017-09-18,-0.0019917673608350617,-0.005923296518556498,-0.012768674185997031,0.0141890416941306,0.006917069542437204,-0.0012865873276041162,0.00024978144064147223,0.02026860014768217,-0.011926177627668788,0.005461932992093077,0.0021268911271710156
2017-09-19,0.003725385842640261,0.007647216994693062,-0.004444718176125684,0.010977184674472618,-0.0011818584722915748,0.010950080515365723,0.0016231739291554526,0.007348784624575222,-0.002562373568255949,-0.0029811195759786857,0.0010011212559934979
2017-09-20,-0.006627783669119758,0.011399782251547919,0.0034541067782978274,0.007025761124669572,-0.014790711432678738,0.002442391419124723,0.004113687359177831,0.0008818342149716774,-0.007977285017736202,0.00318936877033571,0.00036004320519666955
2017-09-21,-0.009741126234142583,1.0553644159472242e-05,-0.008795635063347018,0.004545454544911509,-0.011034379222970014,-0.018644067796075192,-0.008193668527707865,-0.0004805766922748589,0.00027259097592247095,0.0004636375675359794,-0.002679356954573997
2017-09-22,0.0026950545748458676,-0.004527465569577949,-0.00989996371741042,-0.002104598547545522,-0.0027324478177177536,-0.0043177892916936855,0.00037551633406240903,-0.0028848465417267155,-0.0028614252621594893,-0.0052300562721788735,0.00020048919348614191
2017-09-25,-0.015454911973405427,-0.009520174713641194,-0.016029735106271703,-0.007487082147135116,-0.0016744044449257256,0.005203816131049255,0.01326326326313354,-0.0008840311819943159,0.003142935230175059,0.008452016504539861,-0.0020445798584944885
2017-09-26,0.0,0.003371580254234896,-0.00126624033028655,-0.004462388440636178,-0.001753449720955036,-0.000754961172568569,-0.0011113855264669459,0.0015283140277977392,0.0059937338221263126,-0.0036296442949029784,0.0006025790383041851
2017-09-27,0.008053508053023739,0.0239697897453226,0.013072661410611586,0.01579509071537899,-0.00908813196903413,-0.019212088505106473,0.00667573247675568,8.031483483605939e-05,-0.009817197019458823,0.0022519539014609347,0.0038943311384147528
2017-09-28,0.0002708192275684418,0.005115116157561772,0.005815726650330699,0.002101281781605735,-0.0021579961468873865,0.0002200946398449588,0.009333169593068957,0.005701895277213653,0.005059829059411491,0.0001321702352794496,0.0011997600480311288
2017-09-29,0.008393123054880824,0.009234978908261082,0.00517565872020076,0.001362969176478268,0.004170850389869418,0.0009902079447463574,-0.0025550553606475956,-0.004152359658094573,-0.0029934009108272264,-0.0007929166117021103,0.00351507888936875
2017-10-02,0.001610954489938532,-0.006418682988858837,-0.002246840380714654,0.013925243430200851,0.00930697638673661,0.008683227082211253,-0.004269333982747425,8.018603131199065e-05,0.0012964858398845092,0.006480624256038459,0.0043386538234895244
2017-10-03,-0.0046910601788475725,0.004765005633285302,-0.002178921798600908,0.0052664188342881335,0.006706294772710342,0.003813882532251789,0.0015925517577606296,0.006334188582425071,0.001022216164838774,0.006504599211151207,0.002140139505008243
2017-10-04,0.00579046593034227,-0.005452226155411077,0.008724271236025594,-0.010169491524915086,0.005980317940097013,0.003256621797513848,0.0003669275920774595,0.009800015935168327,0.01143712982447087,-0.0018930739602728286,0.0011864272720487623
2017-10-05,0.017137501674105104,0.019042595006308227,0.01595111088093626,0.01338729763359603,0.002257506208684923,-0.004219865829448777,0.0028120797168849077,-0.0026826574089645616,-0.005451975498772854,0.0026814911706289912,0.005925106652121759
2017-10-06,0.00039489272066428605,0.008577025752477319,0.008900443492888765,-0.0017509527240192613,0.00022524213544561356,0.0032598065846669577,-0.0037795659595351028,0.004193037975226632,-0.0019626421213727596,0.006131367816798905,-0.0011387732662045957
2017-10-09,0.0038157894732335773,-0.0013385129425962372,0.0014248469047475343,-0.005262071812332181,0.0017264674966035454,-0.002274450341344436,0.003916289315593735,-0.00039391790802456583,0.002915847288800011,-0.003652968036483295,-0.0016511381059645114
2017-10-10,0.0,-0.004544950670824388,-0.003824458369912964,0.007468104968425093,0.003372049457057713,-0.005427702995856487,0.0028038522497131346,0.010324716267206657,0.007640297500439708,0.002946183056208751,0.002638314628652605
2017-10-11,0.0017040241183443605,0.01807045960608966,0.007901134521880016,-0.0029856892815082192,0.020537714712792088,-0.001746343593303612,0.0041332360798593815,0.0031983774085939665,0.005636449036818814,-0.001697238722815575,0.0015709685022848863
2017-10-12,0.009159905783791888,0.0,0.005959798994974896,-0.008777364725328751,0.001317233808943108,0.007544281653967699,-0.002058111378819949,0.010808709176237441,0.005538133047005678,0.0026809651468548967,-0.0014900792093744952
2017-10-13,0.0047977178424485345,0.002207527470930337,0.0020081324368337317,-0.001354307740344618,-0.0029233355259138394,0.009658166032937343,-0.0002426301116176255,0.005538887606771681,-0.0009953550101424735,0.000782574670944669,0.001217404963611779
2017-10-16,0.0020647825522956964,0.001468443350914228,0.003390033302091977,0.020655122052811947,-0.0022722275155820926,0.0010748065347769842,0.004853779882089793,0.005814398286163147,0.006443042179235636,-0.0015639254526366164,0.0013335948227093386
2017-10-17,-0.0007726980035774877,0.001634715410773202,0.0027724228391994288,-0.002248569092519803,0.03430796356092891,-0.0036504187240685715,0.0018113754370026047,-0.007073857153651275,0.007589757129209618,0.001631640778074761,0.0007050804967139168
2017-10-18,0.00025776517535680554,0.001721068249007196,-0.012020255071199859,0.0037902069247848225,-0.0007813054900596139,-0.00032327586287816956,-0.002410800385332923,0.005745365405389391,-0.0008515097931800497,-0.001759301492168186,0.000978588483704801
2017-10-19,0.003865481252403269,-0.010762880897268512,-0.010421263791374091,0.001224614755972464,0.009667330110968209,-0.005286191656129424,-0.00024166263837799296,0.0019803488455418794,0.008719024517173768,-0.002219321148940079,0.0002737368998928513
2017-10-20,0.011551790527494221,0.0032240677152239883,-0.003750215383991673,0.014269697278894933,0.0025344973245853275,-0.03646686319477721,0.004471839497290242,0.0044849866969107754,0.0018847078693333685,0.008897029961709935,0.005160483208609401
2017-10-23,0.00025377490249889334,-0.019431482385053878,-0.01689880050055448,-0.0017083710177371314,0.008567415729759942,-0.0107648725212528,0.001564192034484213,0.0024360535932945737,0.0014270887418488254,-0.00402023083875247,-0.0038893858658076708
2017-10-24,0.00038056577431033745,0.002993282870495717,0.009934802856255809,0.015904972819994256,-0.013786380726318548,-0.0036655211917997477,0.0027630946647676513,0.04981773997623584,-0.001036403680727882,0.0016276041667748764,0.0017570575144090217
2017-10-25,-0.0029165609940160486,0.003004582747586193,-0.0030638385080439257,0.001189060642728057,0.005506918949507167,-0.0016095654167423978,-0.0032945968594969566,-0.0101273148146388,-0.002334327582460771,0.003964900877612587,-0.004950109136134695
2017-10-26,0.0016533129847191574,-4.034454233925455e-05,-0.0004933652650296327,0.006927949327155458,-0.004283106305454032,0.0076001842465729386,0.003305487106938676,0.000730780473032766,-0.0030547250746648658,0.044865984720669605,0.0012926475773089585
2017-10-27,0.06411884205225049,0.0426156422095183,0.13216375471756336,0.00029486927384803074,-0.00021155066652556176,-0.005257142857055919,0.0028752845336064148,0.006353147363725498,0.015972358041321133,-0.0031600470906790745,0.008176199045136556
2017-10-30,0.0009545400302308771,-0.0005224104397877349,0.008992233979744801,-0.0035373882277662805,-0.012554662152881257,-0.008846507353299393,-0.0020308206891707092,-0.009578405050666539,-0.00308008213674682,-0.005780706116681689,-0.003725117379683285
2017-10-31,-0.008463464059130787,-8.711391585036754e-05,-0.00501417833190787,-0.007888768365683196,-0.004214285714355448,0.0008114060512036669,-0.0022743595881123957,-0.005055315407687888,-0.0018666323368574655,-0.003251015942606017,0.0015579357349060352
2017-11-01,0.0,0.0092542399129103,-0.0014475969889983231,0.003081204650653424,0.00408865935009306,0.0063701644665310475,0.006238752248875601,0.003608247422796307,-0.0108983039925038,0.003073449162505959,0.0013221854950409284
2017-11-02,0.010459245009582618,0.00035488202524169843,-0.008571325021745402,0.006638921919291496,-0.000357193884165774,-0.004373345610264923,-0.004053892930460101,0.0013207131850725418,-0.022949537097818884,-0.003189094547054072,0.0003883645963997928
2017-11-03,0.0010707911966294503,0.006730778450900532,0.015883460364460422,-0.0017718279361438327,0.0010719645535059996,0.0008091550114128765,-0.004190111336114022,0.0011724188466883945,0.018617376216643944,-0.0010037011480811264,0.003338638922284032
2017-11-06,0.0039220347039174985,-0.006961971066915762,0.008150413817920255,-0.0062124050881468,-0.0022844089088914776,-0.0061215061218481415,0.0068526087998666,0.007904559760528729,-0.005175237471011451,-0.002825745682921932,0.0015476881410401155
2017-11-07,-0.0023677045104675276,0.009312540761749144,0.002239751574964588,-0.020142885493354967,7.155123072877245e-05,0.010807669959213007,-0.0020298507467326754,0.007987800449833493,0.023903595418737433,0.00610831234272835,-0.0006953834267185988
2017-11-08,0.003441319567649481,0.005606286641215208,0.0086451739273663,-0.011240506329039723,0.011089647276823156,0.006898137503646762,-0.001316104331585799,-0.010950219724887855,-0.0036658306000840746,0.0073230268511841334,0.001701009007526011
2017-11-09,-0.005558183538425743,-0.009987810522938623,-0.0033101475884471654,-0.00010241704278912689,-0.006863855079816683,0.0022836263984942207,0.00599017611286623,-0.014203510816153564,0.0021301316786779267,-0.0024232633282326166,-0.003627802863477414
2017-11-10,-0.0026162444994078937,-0.0034073989247057623,-0.0033477101839469725,-0.001229130389612254,-0.005628785180011753,0.004329004328430974,-0.0030963439337903242,0.008423230382138103,-0.000579710143745249,-0.0015571473062392371,-0.0003098733391350139
2017-11-13,0.000715392869652387,-0.0028252645694466505,0.0033944994890477975,0.0035893754487528184,0.0014330753798033058,0.00952813067228675,-0.000602845429350074,0.00036635404516949244,0.010440835268153092,0.01534622582701628,0.000929908171155347
2017-11-14,0.0014297628971231546,0.00042258932140293304,0.006792599874243965,-0.006029021050578787,-0.0019318832287631427,-0.0014606741580812654,-0.007841717939560122,0.007397641544054867,0.010332950629561966,-0.0037478495946227097,-0.002322610613966325
2017-11-15,-0.007733491968386463,-0.005020928536964453,-0.008928257274550488,0.009458209108954119,-0.002795899347653452,-0.007201530324768113,-0.012524319066564815,-0.025010905919011006,-0.0065656565656373456,-0.007955596669334875,-0.00500523803997821
2017-11-16,0.002651241262305426,0.011636321533380789,0.009408089181585089,0.002851614217139975,-0.0016534867003982212,0.011560693642049147,-0.008003940401557497,0.016853094706131833,-0.0004448398570980894,0.0019893074717609593,0.00850101388252944
2017-11-17,-0.00961538461506839,-0.011998435815738673,-0.006515488573714756,-0.003351274500032808,-0.006264852019447487,-0.009187675070671975,-0.003972194638079518,-0.0016867116462169207,-0.007947104073590672,0.0024816974809360737,-0.002938674503379035
2017-11-20,0.0015776699030096708,-0.0011873847613287358,-0.0031596275710694677,0.00886488689617737,-0.000507246377149273,-0.0018093407210098,0.0038634097721914618,0.005729817086989719,-0.000769033583850165,-6.188884720537136e-05,0.0017063522840952139
2017-11-21,0.014418999151791123,0.015116076778625365,0.011701929308982395,-0.0008079991915818097,0.002972522294044433,0.005097994788568316,0.00397268777028259,0.005039807172558586,0.0018599281705766746,0.004456272822976448,0.00654277971388284
2017-11-22,-0.007286192068443942,0.001542416452351203,0.014629351727527329,-0.0029313656124425602,-0.007589995663296101,-0.004395852118519117,0.002844070730793735,0.0029796511624409217,-0.0003040778460732252,-0.004128412101671364,-0.0008846494099163937
2017-11-24,0.0018048369622594151,0.004372956118386728,0.02580957652920013,-0.0032441200320393326,0.005244373225264054,0.0013585418310595454,0.0039457459931417915,-0.004492428084374556,0.005477509989833651,-0.00037124118353604185,0.002309824453420317
2017-11-27,0.0073264472745597775,0.014661341006296347,0.00828836424957835,-0.003966639544213391,0.006738642127238403,0.005765969474494703,-0.0038074183244078963,-0.0014557100224137365,0.0062167531865728876,-0.003837583559992641,-0.0004993086492858234
2017-11-28,0.01204244664374654,-0.008134252477788206,-0.001864813560455869,0.03502501786913648,0.013902968863087617,0.00494604316526126,0.006904204166758854,0.013120489831141002,0.005031847136833134,0.014291040139518874,0.010144871844040004
2017-11-29,-0.018143261075164285,-0.024367764204002995,-0.027086126005361977,0.023382004735313267,-0.0014997857453696861,-0.00022371364665174642,0.007346638912123282,-0.006691128857806317,-0.00012675074621781857,-0.00379808870421261,-0.0006086658806391254
2017-11-30,0.009959203264048533,-0.0011663999695761262,0.013330233279082337,0.007615925961946823,-0.0034332308127804634,0.006824793019382769,0.012398201046701418,0.0223815732289383,0.0017113519685378886,0.0025827081537554974,0.008754900841384305
2017-12-01,0.0010692645841463566,-0.01071252786670307,-0.012237093690248502,0.0025832376583379,0.00466518337794497,0.004111567951374129,0.0020410613503583086,0.0026213248315969384,-0.003606681854413263,-0.008586849852310063,-0.0020753933815962355
2017-12-04,-0.037740327558450026,-0.012877169364954422,-0.02443326020561798,0.020612653879339193,-0.006929561366248671,0.011620185923572501,0.0013179966455556524,-0.00014132278113310193,-0.009525623928253846,0.004701806483427884,-0.0012100128562834156
2017-12-05,0.00629008386796448,0.0076393212566909785,0.006719873010273769,-0.011500701262798119,0.004747859866006898,-0.00010939722136882324,-0.008136891228041843,-0.009611307420522075,-0.002115791497188768,-0.002586206896327936,-0.003596577572477
2017-12-06,0.014585120725545853,0.012867791291732322,0.009443135331166808,-0.007472569050628319,0.009952029784881189,-0.0016411378564537005,-0.007359150681904847,0.0014271442841404802,0.013749678744958693,-0.009630818619946635,0.0001899768226889531
2017-12-07,-0.0035032616569083963,0.011474552638349511,0.006456371762051383,-0.002954350518464932,-0.007443641004388435,-0.012602739725822598,0.0032814778802403577,0.018170158187314156,0.0025351755604547943,0.0034908365540009534,0.0031530162588895294
2017-12-08,0.020244878166549185,0.004604765597109095,0.0019055173781461487,0.01252150640306171,0.0041425612461210015,0.002996670366454346,0.001332525742434587,0.006788438659375062,0.005373624985602454,-0.00037271710746356046,0.00545309955712181
2017-12-11,0.012713878327077044,0.002468124033844221,0.005955249569707277,-0.002926460869466352,0.003912084784937875,-0.0015491866764213436,0.0044761674322975065,-0.0006256082306174138,0.0013833867836874347,0.013671389510302667,0.003013069187559614
2017-12-12,0.004106535256999999,-0.0030419118414609647,-0.003285083666974664,0.011645521680837101,0.01034433895447573,-0.004211459604077317,-0.003251836685369769,-0.0024344439034152954,-0.013689167977103622,-0.0014100049045496776,0.0017648605008366847
2017-12-13,-0.0026875438182252243,0.002498164517118484,-0.0008153946510111032,-0.012540945249760904,0.0020336605888580106,0.011463550362198927,0.004349927501578588,0.03590852042937143,-0.0038199528865655585,-0.0024556449136055036,-0.0001124522078156387
2017-12-14,-0.007732864674258488,0.005782820837307412,0.008701777292914104,-0.008056108425750885,-0.008678004058480515,0.0013204225345238019,-0.002646775746822261,-0.0154136097459171,0.009650412218661586,-0.01206228075596305,-0.004086223055148053
2017-12-15,0.02550478214591778,0.013740342514866333,0.0041558087646687,0.014141028090863816,0.005718319802222371,0.009780219781269306,0.0015681544032759565,0.002802843860759019,0.0028484618324706723,-0.0006852301749677991,0.008286279455065104
2017-12-18,-0.005411629245189897,0.01221082089653569,0.009701986193327405,0.007725645373596102,-0.004632879404559698,-0.00010882577000026483,-0.0010839455623806726,0.020996659622303238,-0.013128826611903288,0.010721855130751079,0.006341225469609579
2017-12-19,-0.006367214633989482,-0.0048936032966299114,-0.0026877656268373684,-0.004207180253891107,-0.0001410437242815865,-0.0021767522853729515,-0.006028454304143893,0.007611671229477812,-0.014390789894277778,0.002343653632605136,-0.0038404175987094558
2017-12-20,-0.0036117907490845758,-0.005760432680692373,-0.008219777998618838,-0.0034738522204252886,-0.004372972209723991,-0.001636125655321008,0.005215914605552818,0.010668610429715564,-0.0029850746279475038,0.0019074575435393815,-0.0005240109292912187
2017-12-21,-0.00023386342288900241,-0.0025243116346378436,-0.0024286272311950796,0.015922366684983702,-0.0007084159819178426,0.0015295531527872441,0.011825751176260946,0.013899816417980437,0.005467326219400492,0.00202665356483811,0.0020596936673091815
2017-12-22,0.0001169590645313523,-0.0018583368365673314,-0.005447921277537571,-0.0035240656582525842,-0.006663830994044662,0.005017999345391377,0.0014311270120590525,0.007177961717147463,0.000388399791169336,0.0015935278258869534,-0.0002616040062387581
2017-12-26,-0.0012863992525136148,-0.002816084426500387,0.007189564860145881,-0.004001861331713097,-0.00021410219831341504,0.0037989797018724847,0.00011909015208200202,0.0044301765649770175,-0.0034942409741982594,-0.0025700648640749613,-0.001196216963974317
2017-12-27,0.0036299765807243922,-0.005300933525995921,0.0046738502328427245,0.0018688095685168715,0.003426368763378651,-0.00410899653924901,-0.0009526077651963449,0.0069036052165751816,0.008376623377559955,0.004110429447732766,0.00048654515530288656
2017-12-28,0.00011667250049551825,-0.004008677608474787,0.003248016510750684,0.005316172356093274,-7.113893470567234e-05,-0.0003257328991963515,0.0014302741371681194,0.005713560182625699,0.006825938566936474,0.005804362436847121,0.002057459224829694
2017-12-29,-0.002099860009167398,-0.0024148870691869107,-0.014020740241126317,-0.007885703683099932,-0.005976095617619914,-0.0020636472246640114,-0.004522732682980535,-0.005302360813088658,-0.0010233450589786086,0.002490584376334981,-0.00377048568332794
2018-01-02,0.004793079261852462,0.018805771786966297,0.01670842347388124,0.009444548345284076,-0.003507014027957611,-0.013387026556626491,0.016618842658033595,-0.003426830815969506,-0.007042704398820487,0.008715260847890205,0.0071573109496940734
2018-01-03,0.004653868527419336,0.017060966633112296,0.012775334101479352,0.0010189902733308553,0.00955253896429542,-0.0012134583569619606,0.019640127015443376,0.001528273051142115,-0.02121348894051367,0.0054377379014758365,0.006325110689262559
2018-01-04,0.00880138969326083,0.003884491351986208,0.004476000664341395,0.014251341846739152,-7.11439958136495e-05,0.007068698918583305,0.00138408304453419,0.01373346897280081,-0.005138339921662682,0.0038459227208418323,0.004214885199979479
2018-01-05,0.012398117323202618,0.013260202963413015,0.016162501343430336,-0.006419662509586477,0.008253290643983169,0.000658039042613856,-0.0008062658379510701,0.015805318615331743,0.004568931265734211,0.008380724333893808,0.0066639667170496075
2018-01-08,0.0010205238682179374,0.0035306091209854618,0.01442471972273296,0.0014768321952369767,0.0012701997038957469,0.005260850504199999,0.004495677234520823,0.025129661644223367,0.008239404127289518,0.0010685663403930956,0.0018286884645335455
2018-01-09,-0.0006796556410885168,-0.0012744455714487346,0.004675707972763732,0.005069124424539995,0.01585735428883628,-0.007304840819648106,-0.004246040854954614,0.0024092031565310368,-0.0073221757309046565,0.0025499614540185345,0.002263434579332868
2018-01-10,-0.004534119246566326,-0.002381401702545971,0.0013011894308294636,0.011004126547339732,-0.0011794089079185666,-0.006370126303459456,-0.00795205716258851,-0.0033647779845362713,-0.008232349842914988,-0.0041996924169591665,-0.0015298317182785848
2018-01-11,0.0029606012299685514,0.001720503719823352,0.01781827748678566,0.005351473922970307,0.0056956310336124805,-0.0035370841167673417,0.009874535317068167,0.020075963103264316,-0.0005976492453626525,0.009622809622714001,0.007296074711823364
2018-01-12,0.0172570390544462,0.016725866642639975,0.022339192279976272,0.016510285095092225,0.006699357690780561,-0.005990016639322526,0.0067870700550136664,0.006501182033491482,-0.0011960132904772491,0.0010590104138330503,0.006518904823881844
2018-01-16,-0.013950892857064412,4.422234991796614e-05,-0.000260496475636085,-0.0035501908223497525,0.007546652030433476,0.006807275974472171,-0.00628427787815411,-0.00581327069890647,0.0014635444399275777,-0.019982368498156045,-0.0034182498562568275
2018-01-17,0.020260328240631953,0.0074290262679310715,-0.007556366200205278,0.0064131112498233556,0.0008171047254779129,0.010862336510930382,0.011843164308233067,-0.00478412379676596,0.00890128869408402,0.01085457271317658,0.00953171823688903
2018-01-18,-0.00044375416096931186,-0.0027477833376782224,-0.0012972972972973285,0.0023895919987944048,-0.00040821880479213757,-0.0036228070185294614,-0.0064772727260187235,0.001958456973341516,-0.007242559916056601,-0.009848125296344379,-0.0016809127000420032
2018-01-19,-0.0011098779129374847,0.006628696178806681,0.0009742368478025121,-0.0022073106124963493,0.0029948271166782003,0.009869150587833664,-0.0032025620502850183,0.013978558313220368,-0.004111951188072505,0.005392450568902918,0.00454968832832936
2018-01-22,0.017888888888488275,0.018067337124012983,0.025282330949033538,0.011680382266602729,0.005293159608830589,0.009004062809757185,0.0126219162373582,0.002816736106547646,-0.0009323388400653831,0.004767580452737619,0.00813095110758244
2018-01-23,0.0031655932765897177,0.010316451347295752,0.02654240531601504,-0.0010495932822629506,-0.042594842716491166,-0.030906518664914673,0.0005665722369430082,-0.008543507518939841,0.0179976003217428,0.005931198102337332,0.002122466305812587
2018-01-24,-0.0008705114257903102,-0.0041490600862981175,-0.0036916347409983175,0.012783469048316398,0.0016921666790836731,-0.008309938236432002,0.0026047565118825222,-0.006433335300962462,-0.012244630695317227,0.007134433962488584,-0.00038829468059120575
2018-01-25,0.005554345458662624,0.009263290901463384,0.01505697932243577,0.00025935852011493843,0.01640036601637762,0.0003397123766988308,-0.001807296960897764,0.006118569561826215,0.014849187932347352,0.018675721561832503,0.00042375874001709946
2018-01-26,0.018737138524359986,0.00458490534201017,0.017489749265213073,0.005358686256728751,0.006440443213079794,-0.00690513923398095,0.0071291162160991295,-0.01363877900486632,0.030047684369827854,-0.02385057471300578,0.011577832686279432
2018-01-29,-0.0014884116524076507,-0.0009094277346903823,0.011147961912913118,-0.0010316368634899487,-0.011353471409881966,-0.009916790151344168,-0.01112359550614661,-0.026816712558005662,-0.012746527998054868,-0.018722402119255688,-0.006629911368511876
2018-01-30,-0.01256388415652021,-0.007678174094990053,0.014206308899046505,-0.009380378657060873,-0.008699888641201303,0.0010361501261653139,-0.013975684580955994,0.007257965308952841,-0.003725590956740077,0.009779804403951209,-0.010257130813644988
2018-01-31,0.024477032564395707,0.004119350757830542,0.00909015036652705,0.004864911823350138,-0.029769009338031283,-0.007015526165094488,0.005992164092863961,-0.005984367366844601,0.021405544812410637,0.00041592394554790246,0.0004968767748889658
2018-02-01,-0.007893905904594711,-0.000532895739537409,-0.041967344181847,0.010374340796989179,0.013242636949395648,-0.005675237433226843,0.020274914088685092,-0.0033173608546597233,-0.01312965534731847,-0.009384094553755329,-0.0011351543101550954
2018-02-02,-0.026310205813177556,-0.05280173325714721,0.02874100719424466,-0.022161375887989165,-0.016711898300234118,-0.018637157833177653,-0.050971146289493396,-0.029277613412708847,-0.002686452604411138,-0.023682474968393374,-0.021770012074937783
2018-02-05,-0.041185443452035786,-0.05075947105120182,-0.027938039791601144,-0.047952397620104614,-0.05294886693776335,-0.03786350148370521,-0.05690287471893818,-0.04070099688822926,-0.010454079013806683,-0.03997789240973748,-0.04182247231776237
2018-02-06,0.03784090909102211,0.02074567719904241,0.03801438848920857,0.03042279411809523,0.011043791701286443,0.01628423390109246,-0.017185148017126783,0.03527932221314822,-0.03065655583654403,0.024883259770771993,0.019702193763461606
2018-02-07,-0.018832804117442703,-0.026760602342675077,-0.018061600731889893,0.006779056283677143,-0.0031100659937413067,-0.006554989075059248,-0.01799617102818396,-0.013234447925557613,-0.009828831237363,-0.012545250280908804,-0.005424887600628092
2018-02-08,-0.05133355652192251,-0.04519570593443789,-0.04678213978175849,-0.04421015327373912,-0.038502511033725484,-0.019794721407749405,-0.011307512346497739,-0.05410133471552492,-0.01890742116275168,-0.03419505720225602,-0.037508872866214404
2018-02-09,0.03728973061931873,0.038264977027223424,-0.008071084783413562,0.02002224694155097,0.025087052865530923,-0.0037397157814509363,0.006309977652052323,0.02205630522614288,0.01934062908572698,0.034620418847786105,0.015021542522531739
2018-02-12,0.010773418008801716,0.007923384976406433,0.03480889817856059,0.015448927662035317,0.005712962248165754,0.017642642642404782,0.008445500130622507,0.020642048120329104,0.012829169479453562,0.010057562148390264,0.014684512428056129
2018-02-13,0.00785369684749826,-0.00039827036816453276,0.020400655013958824,0.0061750492225003395,-0.0023796729874425715,0.002090249599949967,-0.0015702695628140306,0.011031584477033896,0.007133333332884018,-0.0015030060123509825,0.0024873746892526416
2018-02-14,0.015584993876492703,0.01760676949929252,0.025832267004121556,0.023125500310872793,-0.0022314558323421885,-0.01006134969275152,0.0020969855843258056,0.02656361628908277,-0.006553253458313257,0.01147767185205395,0.013496240601531984
2018-02-15,0.020372205704161317,0.017395357508952936,0.007380862134316546,0.004172824480309201,0.0120305390610147,0.02144273673775232,-0.0032696834956377208,0.012147285840978794,0.02898454157677799,0.014447820425337987,0.012760117214961175
2018-02-16,-0.007122814590075133,0.0037934320468320237,-0.008941276269702203,-0.0071855250621588596,0.014630800883884465,0.002305545443472834,0.004330140403079996,-0.023065383173136556,0.010490189729717825,0.00018337408279389678,0.0002930080944829605
2018-02-20,0.007826086955738054,0.0073847558206825425,0.013570881278948566,0.00026159748775755887,-0.017123544874729446,-0.015254237288740646,-0.010321400575273754,-0.0046708042742029665,-0.014354373595648617,-0.004400171117972418,-0.0062612134304866895
2018-02-21,-0.013265746332804751,0.00920631756253898,0.009922702352981094,0.004184465173880936,-0.007335523802220911,-0.013523481680782767,-0.011353135313233675,-0.0021213679610753156,-0.013328132111068647,-0.013197470995988003,-0.004974207811371367
2018-02-22,0.002623237512829002,-0.0034567901225703856,0.0016319154101367417,-0.0018230749199241725,0.0,0.007477567297803356,0.012952330084345043,0.023384655028253043,0.00362414338445749,0.011259019656915337,0.0012960562856756397
2018-02-23,0.025400632290216718,0.016388863862032643,0.009869794121211362,0.020264393807693182,0.016242013702439273,0.002597723899421034,0.022014236750720118,0.02234672038265839,0.025933950495100833,0.010457033892593115,0.015939349112412016
2018-02-26,0.014458856048786162,0.013837548422373391,0.014633333333333276,0.012445656806819194,0.006741402817877162,0.0071560764952876,0.016896685155252555,0.007881288098128048,-0.0031997952141249453,0.007122420405859309,0.011612245641049013
2018-02-27,-0.012785579542246017,-0.022899361720827183,-0.006550806531094855,-0.011871684768995694,-0.003028696903909056,-0.013352933969873693,-0.016996448504348005,-0.01484513409532462,-0.019204655673373705,-0.011061411992810743,-0.012486505937421177
2018-02-28,-0.004564755838986745,-0.012160965002925406,0.000310850672627927,-0.01584867075632268,-0.013594592541462336,-0.025080705240075774,-0.022709677419996965,-0.04111372938053748,0.0030986286908301075,-0.017236110262209836,-0.010130087818566724
2018-03-01,-0.009811240268408072,-0.02944959779689249,-0.012562398756983728,-0.017922077923057222,-0.02001847859574013,0.002292409577725474,-0.007129654079166103,-0.028455021664698155,0.0070982582983531994,0.00024877169034542845,-0.014540769372362594
2018-03-02,0.002154011846327908,0.01188153927957325,0.004553215708594349,-0.0009697610853569572,0.012099308610670878,0.010165184243022596,0.004654255319412881,-0.025627371363982188,-0.002479932127251838,-0.0065908101726454005,0.005155024281040532
2018-03-05,0.006340677056049238,0.009795782832723532,0.015570738210298085,0.015354747617373654,0.007529886663328211,0.009937106919477356,0.00953011250748892,0.03238147287880033,0.014196925087908374,0.02196908055384994,0.011557900996044035
2018-03-06,-0.0034173430164968766,0.005608535204116638,0.00920839322398792,0.0008691117676731253,-0.01209646351793936,-0.003362809814442036,-0.001180018355744994,0.017403388035992062,-0.01135337375721246,0.005634492895608911,0.002534993937911567
2018-03-07,0.005786540934427098,0.012844036696981975,0.004786556020915045,-0.0037339353940227804,0.0063952581507609185,-0.010747313172001727,-0.025203465476358877,-0.01456910569086034,-0.0013702205397493339,0.0020097442144353383,-0.0003664614483193107
2018-03-08,0.0060728744945803825,0.012860525182459837,0.004440129449838182,8.716116031948218e-05,0.023403595784291964,0.010232440626641637,-0.0018852679759152613,0.013728466767850778,0.008232603724445342,0.015498693246690731,0.004839064447879515
2018-03-09,0.02234459387839638,0.027855991784291323,0.017417808307450322,0.02876067631165191,0.013175829167720199,0.004001500562967442,0.0059363194801174135,0.03034051696042872,0.003240230703220215,0.024060330380751616,0.017402407879943294
2018-03-12,0.0023824321523955305,0.004384755865931789,0.012350448732970642,-0.0032192477124838303,-0.008744394618040219,-0.005355586000893919,0.009120171673728583,-0.023696682464733443,-0.002713003034973238,-0.0012857977791174147,-0.001255065083898721
2018-03-13,-0.024387723467343747,-0.02231694870219425,-0.006387677600585451,-0.011983681795123213,0.012968408354051553,-0.0017530678700607982,-0.009436469962663896,-0.005242718446226591,0.0018135889623411838,0.00029260299691791225,-0.006462731581109105
2018-03-14,-0.005931575045063808,0.00787781491555628,0.0017756173733454172,-0.01118279569872449,-0.015109787867644386,-0.009031610636246468,-0.012478196698299748,-0.007482594834060885,0.021594362192054684,-0.011408178787318812,-0.005131540907760912
2018-03-15,0.003516249334175381,0.001497097197967756,-0.00545568824638587,0.0025228360160252095,0.005592503023123863,-0.0041772151895466125,0.011141304348226688,0.013307984791359084,0.0008227327381276073,0.0005917860107924611,-0.0010897203053107374
2018-03-16,0.004459545550818511,-0.014070797228473264,-0.006724303554274669,0.0017355085037917828,0.004659552081121898,0.0038133977372294403,0.009406073634687706,0.01222746975495026,0.018338181357719474,0.002838892831685813,0.0010792000001729196
2018-03-19,-0.018076109937359863,-0.03027979055514196,-0.017020004072075823,-0.007882882883500586,-0.025733093955699338,-0.003925541345662031,-0.012912673054745194,-0.027546976863128014,-0.0068926974669780705,-0.01698513800431556,-0.01353026987632111
2018-03-20,0.002583701152425899,-0.0038815711713489076,0.026913840756539242,0.0009604470447714952,0.007447788698527802,-0.004449529621244119,-0.00215778826815638,0.012553401248402762,0.0030638404290501686,-0.0061195104390211474,0.0017006173983731276
2018-03-21,-0.006979491033700325,-0.001642635518969593,-0.0029309616705851527,0.0008722958826632432,-0.00015242740658172327,-0.01621759673099532,0.014191106907143203,0.01129430092179562,-0.0021194364784572484,0.003501146927213483,-0.0019191732792874783
2018-03-22,-0.029087370242807165,-0.03734003656233409,-0.023352256204721145,-0.041746557434454434,-0.029041847702330204,-0.00817757009297293,-0.02052238805929596,-0.057124518613569375,0.01130684657560832,-0.03037776708381401,-0.024997226638901804
2018-03-23,-0.029067824924058794,-0.025257560650995048,-0.03194987442715469,-0.026739427012193784,-0.017899199246244835,-0.006543646118809532,-0.008299319728521382,-0.01776718856336168,-0.01482488108967217,-0.01954215522060765,-0.021314521940365205
2018-03-26,0.07570543702592158,0.026827723930034075,0.04031934526197545,0.030838239416872693,0.018305355715389604,0.006586747463283249,0.01522842639468136,0.03395938734472015,0.012163772021897667,0.018349784864957863,0.027359038945878433
2018-03-27,-0.04595862657229888,-0.044730525857371806,-0.037799030761122454,-0.019399873084546493,-0.001412983750939345,0.018060463290081596,-0.004054054053724387,-0.014746296668719738,0.007185777117416858,-0.014353175096756599,-0.017011806420143327
2018-03-28,-0.0008941544653651157,-0.0017478697834246715,-0.043839551117197284,-0.0015716002584390543,0.001886644132419013,0.013497878905012195,-0.012075983717447003,-0.012449826518935447,-0.001968140721330558,-0.0028367900139549818,-0.002954719877161449
2018-03-29,0.02103143528420026,0.03179530034488609,0.011121823084769167,0.018240740740733896,0.005492349941031982,0.005580923388706527,0.024721878862766333,0.015293469275612592,0.006532322672709201,0.012327727904877905,0.012777585344426079
2018-04-02,-0.030130382382668408,-0.02363229650798182,-0.05206102228916487,-0.019277984904810475,-0.02801404603981339,-0.023713420786248718,-0.018630210427330596,-0.02368028226423302,-0.00587767097371672,-0.01559454191043319,-0.02158464753968181
2018-04-03,0.013443289651709378,0.00597454154051813,0.014621097821412743,0.013722763096709167,0.030427103403384725,0.013695090438937685,0.024583447145556603,0.008131211342612854,-0.0022787460729344344,0.017438518044927687,0.012817027226719846
2018-04-04,0.029205216810803014,0.010827737856565989,0.013304119823281946,0.01518338973735256,0.016049863654429508,0.00751975528960358,-0.0019994668086865675,0.0008272438991383524,0.002037037036277667,0.01789301858351755,0.010699083483641791
2018-04-05,0.0005415357950357969,0.0028454613436907916,0.029193871980830677,0.01306424002125306,0.002300437083133877,-0.0031625553459130318,0.015359957259281298,0.020319603250744445,0.01028768557798121,0.012212422130768008,0.007891941113894685
2018-04-06,-0.02327343580920982,-0.021972807561832286,-0.0320440847253316,-0.024937432963969552,-0.019967867799128514,-0.004695431470994715,-0.015127598000557185,-0.034699250658138725,-0.007621951219700884,-0.02528791664136454,-0.02228580033143679
2018-04-09,0.005984705751977515,0.010040100995986068,0.000604883186382299,0.01200843340343738,0.010772833724264519,-0.0034425602448252546,0.0,0.0006294146444281168,-0.003809523808109949,0.0016879219807897083,0.0049283844140679545
2018-04-10,0.023245565716072836,0.01608681586796612,0.021435480200273194,0.019112318841221887,0.0059468643799793774,0.0026867963156238517,0.029384266061994957,0.03501537601355498,-0.002035403690693438,0.018473444423418472,0.01590038314163711
2018-04-11,-0.010981912144585326,-0.011037144234638308,-0.006384815696759527,-0.016798506799407087,-0.004760076774774968,-0.0012759984692833903,0.004671078240172211,-0.008778445540265745,-0.0046971569821918635,-0.009681965806866644,-0.005242315670451081
2018-04-12,0.0187241454389504,0.011931008916727937,0.015031008023544956,0.024859880671812773,0.006171410938409894,-0.006132617861643874,-0.0027121270823017296,0.022821718101058375,-0.012232985595239332,0.008848462347773811,0.008227176220799493
2018-04-13,-0.00534302201316883,-0.0012050631938864687,-0.012226441146013012,-0.02707947428688262,0.0014567200800499336,0.007455971205410528,0.008029008028970441,0.0005994405222242705,0.007229521594701582,-0.00042934249243764544,-0.0029331026961150197
2018-04-16,0.011710356681868817,0.009710049804040999,0.007485375212295198,-0.0008159564822135534,0.008727606798290433,0.0030623963237192964,0.008992805754026056,0.012713838780168851,0.011858694297126604,0.01509480272447905,0.00822176126716001
2018-04-17,0.020176276946574756,0.03179428353027802,0.04323968088796404,0.0,-0.009259259259738362,-0.002289785013581791,-0.002673796791225591,0.007690285264153829,0.006785097456144973,0.016381551108778147,0.010698387760708306
2018-04-18,0.0038513583835897425,-0.003678105544835497,0.015965900400976007,-0.008075492242783144,-0.021602573923371282,-0.0029325513204361275,0.011362185624610444,0.017220011740651575,-0.0022056120565299153,0.0013679076961528036,0.0007402198453592135
2018-04-19,-0.0034218166737103317,0.013074326525115643,0.01902686145146104,0.021953896816855778,-0.0013310366428381792,-0.0323887468026387,0.002524614996620045,-0.001603077909451911,-0.0019648778084325746,-0.009324701549905168,-0.0055475424387664285
2018-04-20,-0.0115492664650243,-0.011134058470149033,-0.018896403774142367,-0.002237737199973777,-0.006977655821447604,-0.015343562375412123,-0.005288340467962782,-0.010725754656684905,-0.010766580533067449,-0.00317745803374736,-0.008479303804514005
2018-04-23,0.0036842105264900393,-0.0032580848786546435,-0.006304460258332312,-0.004844352741132374,0.001342175904179399,-0.010840108399902126,0.007215189872823657,0.004828711256047669,0.002114559362356605,-0.0009622902511822184,-0.00015003188204354423
2018-04-24,-0.023387519663995993,-0.04765275048645157,-0.0380601636514567,-0.004687640854104225,-0.005046124733359081,-0.006849315069227702,-0.015332411712313698,-0.062017014091985345,0.006454415689868043,-0.012702426102765174,-0.01346738192589858
2018-04-25,-0.008698453608253054,0.000342251429205076,5.4791143011767574e-05,-0.0038040032608289698,0.004516998177322096,-0.002758620688924629,0.014677728142977964,0.005192467461007544,-0.011346118272829941,0.009573170731447034,0.002471670849495844
2018-04-26,0.021124471887167706,0.019863341772351717,0.03957758343206619,0.0010000909170986283,0.009861154938175076,0.00622406638881845,0.017106918238804836,0.00771402989188541,0.01796295141223081,0.004348613879593843,0.010165762621975771
2018-04-27,0.016549968174192964,-0.01136766637016795,0.03600885398824749,-0.006357856493389935,0.002031091320804812,0.0008247422690188522,-0.03796685629470964,-0.010867336477413336,0.004595306661463905,-0.007637260208559149,0.0009387555854649676
2018-04-30,-0.02400333959538392,-0.01247758010504496,-0.004126871081380101,-0.005667276051076975,-0.013876978249405592,-0.00645515725886836,-0.0005142049099904344,-0.0024875621888854615,-0.00030495242730799177,-0.016543449278480726,-0.007690576230529933
2018-05-01,0.01582549187310911,0.021765595239751745,0.010299272729594522,0.0,-0.003794766384042747,-0.00525297207680353,-0.01028938906916721,0.0004156275976441304,-0.004209627235914337,0.0012323618211722565,0.001776870439966105
2018-05-02,-0.01568421052663249,-0.014124429496977009,-0.007950652863625507,-0.00790586504908486,-0.01991905404381966,-0.014174541411426489,-0.0019493177386327165,-0.0038775792826573063,0.001409141039149242,-0.00492337990002123,-0.006717488112557013
2018-05-03,0.005988664314029668,0.0002436528431102314,0.0015289740584067957,-0.006300963677385529,-0.0038056680154551215,0.005920496193974056,-0.003385416665126373,-0.0005560962048802853,-0.002386050782195004,-0.0077926897149876995,-0.002203647416262222
2018-05-04,0.011587115978081375,0.024067036928811625,0.0056422065034857916,0.011096605744875587,0.009428594650767286,0.014994394618603968,0.004703423046382049,0.018013631937834118,0.0063166932424481015,0.014523468179379773,0.012946462569332295
2018-05-07,0.011139134089921399,0.008049476687957746,0.012138271292577274,0.008669187493992148,-0.00483130686767852,-0.0062128952096666135,0.010923276982191421,0.023570403771280946,-0.004509720273785045,0.004239370852612279,0.003383204270653195
2018-05-08,-0.004261068385248534,-0.0008211730493499214,-0.0048433262089567775,0.014812105696601297,-0.007929444130628793,-0.007502083912459323,0.004502186776690564,0.0007342143900239684,-0.021059075605772137,0.0003670847355401463,0.0
2018-05-09,0.011794175972831722,0.028679658790179863,0.009802874923856564,0.021803766105062294,0.0073403474433964,0.013017917134778623,0.023562556024409043,0.017875008337335796,-0.01013069851724857,0.008439850773300561,0.009665817473057059
2018-05-10,0.01000618939585185,0.015170577162078924,0.0006716417910446193,0.007759456838224432,0.014897579143211992,0.010777946662008597,0.02239459527146881,0.008911604744034518,0.01225598584732479,0.004245254412253541,0.009350649350967188
2018-05-11,-0.0021448268817094718,-0.0018905985682918791,-0.003834489273373598,-0.0037623589122599554,0.015077782209991675,0.00300751879772565,0.004650024474025738,0.005780346821446125,0.0031829245478749435,0.0042273084125630245,0.0030512462316198974
2018-05-14,0.0033776867964432356,0.002918305570004165,-0.0008546955225183783,0.0003513086243367436,-0.009273813266492459,-0.0012266593973332407,0.006766732283482124,0.0027121270823413646,-0.003359462487830256,0.0028263876360881124,0.00047645226306536337
2018-05-15,-0.007242680811798352,-0.019636725103812758,-0.015872222985376605,-0.007638279192006103,-0.007377439314096179,-0.0045032751094158385,-0.0004888182809079655,-0.01732354456449814,-0.008426966292100047,-0.004077716478940507,-0.006886951424870835
2018-05-16,0.0025688450472276525,-0.0007189801552258679,0.007080679136106438,0.002742634699253177,0.001758171501167416,0.007950651130675945,0.002812079714716864,0.007929746379163882,-0.010576015107787162,0.0027697495179439535,0.004205090372758624
2018-05-17,-0.009984559959121286,-0.002610484369695687,-0.0034776472960033056,-0.0033527439567769823,-0.0119664938167664,0.005847953215415647,-0.0017069007545443826,-0.000715214564577904,-0.004771903036306591,0.0013810495978814341,-0.0008448427857263852
2018-05-18,0.00187149095415573,-0.01074672141664934,-0.004672010924539616,-0.016200424928530466,0.003148970528577655,-0.006895619253425522,-0.007083536884346264,0.013143340490219924,0.00019179133096081102,0.008814534988545786,-0.0024999080919169137
2018-05-21,0.01286841012909501,0.01343442653547089,0.007044087476260286,0.009178439664422777,-0.0041854475205457264,0.008304969367173953,0.01205412054217736,0.020615246291313394,0.024097155641351398,0.007132667617643529,0.007518519883612518
2018-05-22,-0.0010245901636440902,-0.008025756220657598,-0.002560771006521856,0.007668301382436127,-0.006547041707737122,-0.0004050769651032793,-0.007778317938507251,-0.01711552982616449,-0.004930720257814825,-0.010210103871704401,-0.00278011486263563
2018-05-23,0.011897435896730757,0.00990412067239732,0.012937903123814376,-0.004601362710783374,0.004393458629050384,0.0020262055930511114,0.006246937774744721,0.009859154929414915,0.005331493443412549,-0.004293125036803458,0.0027511830087274536
2018-05-24,-0.0035475369958384295,-0.00046963055668192144,0.0007553718801891485,-0.011200995644804035,-0.009720534629772404,-0.005527096251649155,-0.022884966524839734,-0.00025358184327217703,0.005739955079573811,-0.005389544284783665,-0.0020485806262111605
2018-05-25,0.0005085952608516742,-0.0012621493391958838,0.0044165257911381595,-0.005124516766762621,0.0009815950918556915,0.0073200487988867025,-0.01943440887038117,-0.011731135066788023,0.007568238213658374,-0.006562706965426712,-0.00238269794721524
2018-05-29,-0.003558357055806427,-0.014768282782901654,0.0016892836071173978,-0.04274353876768311,-0.01704124475197355,-0.0034988561417581554,-0.003684411128208942,-0.014308630092576435,0.008065509173795782,-0.01939393939430345,-0.011501010472216522
2018-05-30,0.009590858074755904,0.008800921287776431,0.007452553522602656,0.02284527518174717,0.013149078727679564,0.011343686698185085,0.039275694975481334,0.011977607082109154,0.009405728943518765,0.0076019777507139175,0.013344732733574505
2018-05-31,-0.0011116725609279232,0.02091009494356255,0.002910966280794236,-0.01236732810354324,-0.01115979168373249,-0.022967018294698605,-0.003190184048540101,-0.0228354560655899,0.003267380648632079,-0.009936821444138988,-0.0061259674991887
2018-06-01,0.019728854714578636,0.0318181818188743,0.007314588677114875,0.012989440239607353,0.013710081925928597,0.0038267049337235015,0.0072624322984686795,0.010598380619641246,-0.016464628188766706,0.013196208412969535,0.009817671809028594
2018-06-04,0.008731024903154916,0.01589427312834668,0.014455937717021694,0.0004612546127418238,0.005690252349690894,0.009938733833041669,-0.010509593058903643,-0.006644085460727589,-0.004905567817658052,-6.114711962201813e-05,0.004751461988307115
2018-06-05,0.005114586406406163,-0.0017518906554842006,0.018663640130429426,-0.005624711849319786,-0.0038540385399457033,-0.0028309517390172623,-0.0035815734228153984,0.0033442622948540723,-0.011602655580561505,0.008194215128271898,0.0007275372863499996
2018-06-06,0.0029357079951422005,-0.0035359941605935807,-0.000353700592448547,0.02336795252267465,0.010783668093112375,0.005137217791483684,0.017104610808966747,0.022874321939996722,-0.019899560578800934,0.017347000667483625,0.008360596146765209
2018-06-07,-0.015708849644075484,-0.01092462618229717,-0.0038036267138433777,0.003986951794234361,0.004397752259692966,0.018964357766379836,0.009992688276128536,-0.0014056609805386255,0.001601229744796706,-5.9619626441187457e-05,-0.00010814707991557704
2018-06-08,0.007434575733591409,-0.00150737821951763,-0.0031433137986148774,0.0027978339355279047,0.0059190788946688055,0.018743400210994077,0.008687258688741428,-0.006206411158828362,0.0026857654437424383,0.004710231338010296,0.002956339907161487
2018-06-11,-0.005706976286194987,0.007230447333734569,0.0030463363796697784,-0.0025200252004196066,-0.01128486216387481,0.004534853589021948,-0.005980861245126978,0.0063095544680220605,-0.008928571430531274,-0.0004154056144385354,0.0013300262408892927
2018-06-12,0.0025729836711501086,0.0063896923486495005,0.005701193520886605,-0.00577460976356825,-0.0009783140385209999,-0.003740487552297056,-0.008182912152918886,0.007613563660126665,0.01293436293406347,-0.002612206126408112,0.0012923607121033687
2018-06-13,-0.004540519198713122,-0.003448906540627683,0.003596762325239089,-0.001996551410685554,0.0007344540556040169,-0.009968928016583223,-0.01104100946447295,-0.01765191440706715,-0.0017152658634659312,-0.011369047619603001,-0.003190879105034239
2018-06-14,0.005651958354328412,0.013878328657223493,0.01114461011461354,-0.01764117486608141,-0.001794014515025255,-0.006276971362253914,0.004662004662305597,-0.010148018874608034,0.010691103473821295,-0.0022277078690182694,0.0025177139159859863
2018-06-15,-0.012719384736986417,-0.0007240692683482264,-0.004576937802373671,-0.0012033694340012335,0.0016338534435513807,0.018291880511566383,-0.015020148980980363,-0.02037351443063562,0.0045334340773093285,-0.009292783007523342,-0.0012714813619769672
2018-06-18,0.007290522321303117,0.02097009324707,0.0045571892282498805,0.0025949953662531833,-0.010521164668451766,-0.01990178340658788,0.001983635011098661,-0.00893214238146045,0.00545317788453481,-0.005116335728897692,-0.0020567964495190605
2018-06-19,0.0,-0.004131533144929533,0.006375486573190647,-0.005823627288242039,0.010303330036010472,0.006460970464142735,-0.001484780993866952,-0.036185095506803044,0.01614612555376782,-0.02320313456588885,-0.003832803008280483
2018-06-20,0.010013880626355443,0.004564389280518055,0.008819562134679826,-9.298000980229038e-05,-0.004324059721416917,-0.006288484214221901,-0.0030978934339337405,-0.0011863224007532258,-0.001840490797951344,-0.012347226574713654,0.0017059891105781766
2018-06-21,-0.007165995876347808,-0.012355688431495815,-0.011348052660449914,-0.00027896596534071616,-0.004834480497472038,0.007778510218019008,-0.009446861403425877,-0.025151959756812725,0.004118008605702661,-0.0070440411220795696,-0.006268797333055631
2018-06-22,-0.007217718014944419,-0.00012826652056052712,-0.008409335229045967,-0.01637057017994681,0.011445039110838717,0.01295133438062357,0.02120717781315573,0.002938436178683279,0.005692599618734473,0.010289512366419062,0.0018232205367669785
2018-06-25,-0.02011751817604357,-0.02566514722539881,-0.030611947519045057,-0.00907801418399412,-0.0020351676985833622,0.00464936071198907,-0.020152371590359097,-0.02401029012439937,0.012781497260945685,-0.014676113360028165,-0.013612870350114048
2018-06-26,0.007012907816717373,-0.005845797346917814,0.016799446832817422,0.0006680026720553567,-0.0019577453293905256,0.0026995757809538112,0.011286681716600189,-0.007614584858462448,0.0022235576928004708,0.0006420133541347184,0.002214022140150984
2018-06-27,-0.015542995559769457,-0.013844007698724847,-0.01808301154876457,-0.015449170322684669,-0.0060482223129758594,-0.003974358974821346,0.013268849207063393,-0.006861443116830013,0.007855129821248807,-0.0044912100605415395,-0.008284241531505088
2018-06-28,0.011174902603787285,0.008809783874953903,0.024655075850190666,0.01636962417708232,0.0032069731108568256,0.004633801004686244,0.003181985068606785,0.010548993388178607,-0.007555925751300707,0.00560711523537738,0.005717467978549884
2018-06-29,-0.0002027780591367101,0.0021388381040405857,-0.000969761086132559,-0.006957018965828898,-0.00540983606604617,0.00012812299876063804,0.009271684761555044,-0.0026464750420909233,0.001318865775724598,0.005127219125018456,0.0014396987704849984
2018-07-02,0.01419734306903453,0.011441829985482821,0.008224496999647002,0.008445297505025984,0.0019779133019222073,0.0008967460927500337,-0.011724888189936444,0.0045699122871485365,0.0118541579353737,-0.0015411288773650167,0.0021380123858394384
2018-07-03,-0.00959904009587198,-0.02261603523354061,-0.011565078364784265,-0.013989341453881976,0.00929429182434438,-0.002943811597423629,0.005870841487103817,-0.018049746862951133,-0.0026625643458938475,-0.00315132805952556,-0.0035312293091738223
2018-07-05,0.0071680969202472244,0.02240477299570376,0.0034062197454487464,0.006466557282204466,0.018661885746872553,0.016816431322474124,0.0008511673153688282,0.014794889038208803,-0.00011865211203387904,0.005096774193581455,0.008157991878710469
2018-07-06,0.014033680834377504,0.012082818565103848,0.006412783206744432,0.003278056305920485,0.005999999999248162,0.0012624668606957545,0.00024298384112930727,-0.002945291216050694,0.010501957994496491,0.005456062648974136,0.008458130423763865
2018-07-09,0.006820877817100834,0.010562038993162659,0.0165962247826823,0.03094368633450051,0.002385685884992661,-0.018282688185853324,0.006923357222268001,0.04106048297805409,-0.029299512654051396,0.007980081715271092,0.009004429598664654
2018-07-10,0.0026509572902335687,-0.00011993694727663318,0.0023288978850157793,-0.0061521252804108695,0.0105513685047951,0.025173388132591512,0.009167671892695406,0.0019862382062947326,0.012823614807493833,0.01121033631058177,0.003598416696673601
2018-07-11,-0.0013709361537936893,0.003701355450430155,0.006844246071586513,-0.0021571937718397605,-0.008949599623511162,-0.008268604360269105,-0.01278986373313551,-0.03178761061927504,0.00579311992483067,-0.014092446448569551,-0.007314449623610497
2018-07-12,0.021670915866527363,0.02543834189765759,0.023715099715099663,0.004323714635127818,0.012040557668059781,-0.003410813541527946,0.0012108003385502553,0.01945013161726683,0.0004750311711050337,0.0032399466361829887,0.009065953911685964
2018-07-13,0.011901334100490546,0.0026305712334642184,0.009133817947033718,-0.004585868039845287,-0.014323731997236688,0.005323868677914456,0.007497883662078486,0.009539520872105411,0.006113122441856689,-0.003736068895549227,0.0007874861295749103
2018-07-16,-0.004932182490178794,-0.006567476461504795,0.005217784592643326,0.0396765701389592,-0.009846740252960728,0.002773925104697872,-0.009842755972669925,-0.018969804617675612,-0.0001179801793558255,-0.01131379902134999,-0.000894166458235035
2018-07-17,0.009913258983766715,0.013848609705350068,0.011764124906035178,-0.0007234581293725784,0.03544791081887255,0.0062869357466295295,-0.002182082676186692,0.006300695248701471,0.004188790561395317,0.004178720668226443,0.00404524951679841
2018-07-18,-0.007833883907534145,-0.00014013914974952968,-0.0005477431355853657,0.009321266968640884,-0.0101463868015792,-0.0038735474201682107,-0.0010934272868337036,0.015617128463841112,-0.004641325422556908,-0.0016645326503017532,0.002103611794508131
2018-07-19,-0.006849315068408468,-0.011385840664310143,-0.01625138367373513,-0.014704563795149284,-0.014553990609998069,-0.0034219769180579007,-0.002554123084988036,-0.005952380952816361,0.004899067407525992,-0.009875593176591035,-0.0037714367037997576
2018-07-20,0.017911877394542586,-0.001017429737643183,0.00040265420828800025,0.012649012648818125,-0.0007146260131727367,-0.000635081925565939,-0.007438117301448499,-0.018648687418911347,-0.0016446402353095246,-0.00032383419692294524,-0.0011428571428474532
2018-07-23,0.015996988801654677,0.01095268307260655,-0.0064509014721289,0.018601725378140976,0.006197854588979368,-0.0021606507377803785,0.0,-0.003946791404732641,-0.006707065954289826,-0.003109815354861545,0.0018592677343864938
2018-07-24,-0.0028711679166030235,0.038934764658165255,0.015116537180910106,0.00705778561938164,0.021558872305774246,0.006113870845398495,0.019778869778035224,0.012400939242552367,0.008173902744212702,0.009228569571993361,0.005032119914368138
2018-07-25,0.02944454764951998,0.014139808448094815,0.018789223939996935,0.009023215068199919,-0.0057204700070938586,0.0060767185713208605,0.0069871099861034125,0.018192360658425333,-0.014452734857225535,0.012943525017104385,0.008522424629936687
2018-07-26,-0.010917621581862713,0.007492515321749993,-0.029839934321021944,-0.0028650807435431913,0.012906235422631696,0.007801686171472921,0.007776049767998172,0.01494874715268013,0.0024441132643227004,0.02701843610969834,-0.0023590718637834796
2018-07-27,-0.01769750045663998,-0.02536756126008366,0.005127212389380409,0.01027427078835541,0.00974823457205054,0.006118117117908106,-0.027540360874557357,-0.00014027212814138323,-0.007017126547685493,-0.0019189105538964801,-0.0067763111455636516
2018-07-30,-0.02145245170913701,-0.018237834127863617,-0.020938000407204282,0.00603292251998111,0.0047130368673677925,-0.004715810375680918,-0.0021972656244942934,-0.01971099887785477,-0.0044915558730025396,-6.20193504943245e-05,-0.005223509345355537
2018-07-31,0.006738160767385981,-0.0022926083691091614,-0.0010004383943525985,-0.015248864901463377,0.0026481047144339964,0.008478802993413748,-0.0028137998533278585,0.028980322003765657,0.007880647294682408,0.018234819823209403,0.004929451687683661
2018-08-01,0.00188536953189411,0.004701683478528507,0.011100234044468582,0.006176598521112631,0.0009055236942718814,-0.002843719090912078,-0.013740645319176403,-0.03657858136285397,0.0021487405997326903,-0.012974355851028796,-0.0016706359078814126
2018-08-02,0.01213774934160261,0.0066018378101126984,0.02067695320976859,0.004236555420482624,-0.010479493365587289,0.01673899566020909,-0.005970891901794562,-0.003825609932858076,0.009231685526198685,-0.012651197234999745,0.005447553941230421
2018-08-03,0.004369247932157316,-0.0023929805903960544,-0.006018546281203463,0.00809298321098395,0.005333333333048307,0.004024390244791398,0.003629082716817944,0.0036229258753199822,0.010032457951508755,-0.00018751171934949795,0.0042848542797195854
2018-08-06,0.0008330248049897016,-0.0003957485311907316,0.013415309687433208,0.00025621316958224227,0.0005305039789413879,0.0023077857400053414,-0.00024937655814660786,0.007003104469423427,-0.0008179959102013745,0.006251562890577933,0.0036671368124805426
2018-08-07,0.00693609544071605,0.014680811525297877,0.007971857664727189,0.003671448087474216,-0.0042417815485933374,0.0014541929235194484,0.013594412571978465,0.02079151132726742,-0.002222092272922249,-0.0002485089466477408,0.0033024170880002757
2018-08-08,0.005602498162923908,0.004371575997666355,0.012907521154589485,0.0020416843893005243,-0.002205994218765883,-0.0035091965161822003,-0.006644518272666877,-0.018752633796409457,-0.0032233487670424443,-0.001677852348555886,-0.0004201974925708285
2018-08-09,0.001643985752847188,0.002481507614938039,0.0063609185166337845,-0.007725613379147678,0.00022871083320308294,-0.011536126290190296,-0.00507865725219403,-0.00851764369078889,0.004527281277501682,-0.0010582010584557766,-0.0013662159323535317
2018-08-10,-0.00610923680136044,-0.009450674596700459,-0.00643659271432484,-0.009839151266391122,-0.003429878048735291,0.0003685503694568215,-0.000996015936224559,-0.01876985272929299,0.0004682470003962713,-0.016263708873166638,-0.0067001087452511765
2018-08-13,-0.007247706422550015,-0.003089795691055608,0.005248369824524257,-0.01589907543420621,-0.004053537284351427,0.0011052437673464421,-0.010828506674336436,-0.006621542083238063,0.0021646287958927424,0.028947868499321183,-0.00374346659122049
2018-08-14,0.012475741614007108,0.007608277807644059,0.01236683894104007,0.006673105628643761,-0.005529104592537526,-0.00257605495613189,-0.003182281057762526,-0.0007406310178798003,0.003736135435735255,0.01163506525481206,0.006380716057931446
2018-08-15,-0.01350857977396791,-0.02060184081299754,-0.019289974734977733,-0.008286088094971555,0.007181467181306189,0.012175624154127096,-0.01749457285160383,-0.02149421879579938,0.0048272653261765,-0.0007302379360800693,-0.007467418104755819
2018-08-16,-0.00018577001704189744,-0.006622194088262479,0.0020715810944320623,0.009410729991824018,0.015717242966113876,0.016889428919736993,0.013776969066722433,0.03211634600787883,0.011691844648671346,0.0031057791852002747,0.008091418837372633
2018-08-17,-0.0005574136008565933,-0.006707187557300376,-0.0022793291351269618,0.0,0.015021135265409047,0.0,0.00333333333196717,0.022603845589067806,0.002174037413992025,0.011474016512822427,0.003520383017692419
2018-08-20,-0.006599739727989107,0.005017066250042612,-0.002927394247218773,-0.0013069617496510588,0.017922213132777642,-0.0005974429441965023,0.007027855865841648,-0.004808382373745035,-0.004966603868820085,0.0022807754637368394,0.002139900371697312
2018-08-21,-0.008327874988614203,-0.003715372969541275,0.003575405896489192,0.006107136625313148,-0.011177673874412597,0.0031085604961791358,0.0002537749015583124,0.009519001947085659,-0.009581181869625754,-0.005329660458799013,0.002345363531463862
2018-08-22,0.010190602000749394,0.0035649452529489256,0.011404784912552701,-0.003035032952297012,-0.005467306981843834,-0.006078665076281298,0.014334644170566957,-0.0025716122577166267,-0.005329317037605197,-0.010475617097998269,-0.0005936997975497516
2018-08-23,0.004670278348627432,-0.00048291385244914053,-0.0010499238805187217,-0.00208750108691258,0.0037144342911923367,-0.0017987768317470065,-0.011005502750447094,-0.020339468596090038,-0.00046590181129602115,0.00036505232390737774,-0.0013278820280305803
2018-08-24,0.0078095946443499376,0.012766549837717633,0.0013085290871825972,-0.00043580580531621393,0.006217156391129075,0.0014416146074678338,0.006828528071844975,0.010380875795283018,0.006234341316996073,0.00942707699812484,0.0060184051227401
2018-08-27,0.011070110701401292,0.01578330301090336,0.01169839245508797,0.017701430066657142,-0.0009562339095536831,0.0009596928991557618,0.009796533535661567,0.027711453585449686,-0.007180081067005406,0.007953244562469042,0.00789537755175962
2018-08-28,0.006021897809835197,-0.008286435239660994,0.0026664176626827185,-0.004883900265646779,-0.004447079750607208,0.00047938638512956544,-0.0014925373145958654,-0.00028161081428323964,-0.005249037674717516,-0.0016737402116281386,0.00048312512938042396
2018-08-29,0.015962270996122907,0.015081951422860618,0.03377448494945212,-0.0032719132078610214,0.004020250148945248,0.0001197891713533572,0.007224713503341862,-0.00098591549279603,0.006332082550099427,0.007664211723731107,0.00538079470228392
2018-08-30,-0.000624888412904312,-0.008073379987189822,0.002142034933186432,-0.004923980649649828,0.0006673587417920235,-0.0009581985875379839,-0.00432846895868666,-0.019737769632114932,0.0017592212506070126,-0.009269712995328305,-0.004048305201081348
2018-08-31,0.0033943724878238157,-0.018047893879909904,0.005158860955462918,-0.0052955985766005575,-0.0019266394958942223,-0.005514926268111009,-0.004223077878567683,-0.0015101395078781499,-0.004273254109989355,-0.0026389971808944424,3.4447123579584016e-05
2018-09-04,-0.0055194516157442974,-0.016634193863857227,0.013315380755300144,0.004974690172837137,-0.007201722474052374,-0.0030138637733484464,0.001496819258461457,-0.0043932301043135835,-0.0004115226349007406,-0.011726501894702701,-0.0017222968550957285
2018-09-05,-0.02882463521596146,-0.010079996037526961,-0.02191212595182168,-0.004863221884453761,0.016003589590833034,0.00713422007372122,0.013326690745929959,0.01699942129569343,0.009351290949074276,0.0063891931360731125,-0.00269141851553234
2018-09-06,0.0023043598488527994,-0.012601117503505677,-0.01830240322435117,-0.004276114843645318,0.007434123362541012,-0.0076839956789034325,-0.011061946901641972,0.006970623800236053,0.012819018761392575,0.0040510308972148135,-0.003010068158977197
2018-09-07,-0.004874011403863898,-0.0054054510593131155,-0.003186420944589985,0.0019281332159908349,0.003287791334577461,-0.00895341802750338,0.017027094208420523,-0.0017659108570055038,-0.009895293981986297,-0.00728652294393739,-0.0019433647972203483
2018-09-10,0.010812309398205766,-0.002148455744981459,-0.006690333850732699,-0.005335899230569652,-0.000801048645374558,0.005738005128161472,-0.001466454846554166,0.005165581658156393,-0.00040674026842946187,0.007340006066549831,0.00173852573019051
2018-09-11,0.017004936918070035,0.012705734175866734,0.024827102490446062,0.006331896930888314,0.009474528095460233,-0.00449138140383365,0.01407416473015366,-0.00014079549392831403,0.0006975527543879867,0.003492713476523246,0.0032974661572495734
2018-09-12,0.004225098884860445,-0.015453911377577012,0.001434214830284608,-0.011797605522532062,0.0061367410296333524,0.01341299841478305,0.003258508325963305,0.01584172357953073,0.002033110659345194,-0.0024003840609593263,0.0002421726346735209
2018-09-13,0.01074210008084897,0.00899624445061975,-6.532663316582976e-05,0.0038910505837772558,0.003803099885002048,0.0040909637826285206,-0.009743774809990113,0.00873301912885216,0.012173913043694862,0.00836140519695916,0.005914499169686449
2018-09-14,0.0040740412712299,-0.0035190417366891547,-0.009890093322679316,-0.00017618040889322284,-0.002859389520700528,0.0019173157582283995,0.007288629738094521,-0.004397416517191388,-0.005441008019622329,0.005846208912916762,0.00017192174157409923
2018-09-17,-0.010849431066208726,-0.01540773188044231,-0.031550256574239044,0.0029955947130015925,0.003369417162726762,0.0076545867715980265,0.0059093101777858426,0.009109730848875008,0.0012093291108647986,0.0008303184860982693,-0.005294279428018855
2018-09-18,0.009541644373301184,0.006276781942690102,0.01730580756067779,0.004040758960220048,0.004144041154698019,-0.0029673590504364356,0.0026375734330745804,0.01949117767726327,-0.00241573680089191,-0.00035555555530331073,0.00542614225460647
2018-09-19,-0.013338044342635191,0.006134811627630965,-0.00753715772391228,0.0290463692043601,-0.000569232958660737,0.0,0.011957431543926589,0.024753471523110138,-0.02461946494343903,0.002845456162326565,0.0010656216700082322
2018-09-20,0.0167412712623749,0.014732557249739653,0.00928146510106842,0.008586975004394537,0.010821586217206525,0.016190476190721892,0.0022450667602758045,0.02120974077043969,0.0005911213559879336,0.007389016965190676,0.008103839022123083
2018-09-21,0.00607554812019151,-0.016323002426074762,-0.015064547652111293,-0.0065750653297091954,0.006338920974273021,0.005388940956222443,0.0041263852864843464,0.002435897435820733,0.008802504875525585,0.0011148926179198604,-0.0009108249882903152
2018-09-24,0.0035883073687719147,0.006347472955312572,0.01010438587788065,-0.009588459906647473,-0.016867301231552556,-0.018061058028369437,0.016789949512577174,-0.015219337511705233,-0.011419536191757618,-0.00445460406791065,-0.0033220315762774177
2018-09-25,-0.0019185488789574823,0.012148597781762804,0.020776897785313997,-0.002827278958544732,-0.01302769274632809,-0.013646612080170484,-0.0011547344106134227,0.0005844155845387,-0.011610686571493778,-0.005946423314276084,-0.0009277712872353128
2018-09-26,-0.004106596766728199,0.0001423916774392353,0.0001519333519028887,-0.011770770684432663,-0.003462204269595537,0.0016843118380038824,-0.008323699421859287,-0.005970536699227091,-0.014384177404294873,-0.006159677801642061,-0.002992261392773199
2018-09-27,0.0037725916826674144,0.011138468754342101,0.019307795528774374,-0.004347070074266046,0.00043427909630433525,-0.004804227720378362,-0.0001165772906960294,-0.004570085525906209,0.006932198235232612,0.004290822407471806,0.0027942596933943076
2018-09-28,-0.0003496197890872077,-0.00023191094589380956,-0.004957823724030974,-0.014669926651309062,-0.00036174214956608,0.004465363263915556,-0.008744316194222224,0.0001311733457756148,0.012138414157119692,-0.0021955850933980114,0.00010320272459929392
2018-10-01,0.01084200402197566,0.0012012459821426624,0.0006789815277083999,0.005848989720693032,0.011000940869535958,0.005286555328291254,0.009291931309831192,-0.001377139485103207,-0.003639618139907208,0.01424723136743733,0.003474133186744943
2018-10-02,-0.003978894558730461,-0.0007364318642121281,-0.016489053862579595,0.0041409691622518174,0.005655379769986091,0.008246683398744237,0.007574874723452973,0.016679800368331277,0.014072698965542418,0.004662692557260817,-0.0005827306070781413
2018-10-03,0.00017368649523841206,0.003221158622568554,-0.00940998625279632,0.009388435553834507,-0.010321753986975768,-0.015765765765131112,-0.003585473051304744,0.021960986952463735,-0.006495807252626107,-0.002878627657971311,0.0005487721221131281
2018-10-04,-0.020665103758976455,-0.028443373254853466,-0.022194227657264642,0.008953407510732703,0.0023016615121971284,-0.013368661929668235,-0.006616366802695284,-0.009290860826662306,0.006003328577673495,-0.00017675131092731444,-0.007815713697793991
2018-10-05,-0.005851582587692139,-0.007850000424828418,-0.010353929465492184,-0.005638934675961438,-0.0017940437751193805,0.002807617186888489,-0.0028043935487490623,-0.021945773524985834,0.018434268832957068,-0.004832056570302057,-0.0055970149256058255
2018-10-08,-0.011415321501425324,-0.010198402163488662,-0.013351678882332685,0.0061071366255516235,0.0020848310572831874,0.003043213633587838,0.009257089289451015,0.0002609092691985282,0.005511399896897862,0.002368545712509773,0.0
2018-10-09,0.012719891745277323,-0.00929995155381702,0.0031645230152004267,-0.0069372181754098206,-0.0013630820000932742,-0.002427184466012089,0.004411935446269499,-0.025366807955772508,0.002365566583055312,-0.02930056710779949,-0.001459245361571715
2018-10-10,-0.054338143595302646,-0.046290070471119105,-0.061524231147611075,-0.026632902549244775,-0.010560344827809431,-0.009245742091231413,-0.023003121026957896,-0.038404924394491835,-0.005640937088069786,-0.022638753651267662,-0.03166318719544614
2018-10-11,-0.0023549359457624153,-0.0013001757985695583,-0.020447229739353312,-0.02996321880352648,-0.028243665142147933,-0.03155697446019601,-0.034548035967209345,-0.019134428054924713,-0.021186685962541807,-0.021855541718243887,-0.02202659001103735
2018-10-12,0.0345576432818806,0.02732090140775223,0.04027661455425258,-0.010912790159885555,0.00022414823742655798,0.002409027513308626,-0.002696078432018134,0.007803078669376129,0.0015967827800018597,0.007511617544237792,0.013888378587080696
2018-10-15,-0.017979373915902097,-0.016152926268213297,-0.015464522729941033,-0.005703599812881377,0.0005975946814831268,0.013534024791874266,-0.006881297615063953,-0.0019004715980776021,0.0016532829464430687,-0.009919757377089278,-0.005616959593986115
2018-10-16,0.03159851301081651,0.02779289575883581,0.03351032113347907,0.021440662027480073,0.01948488241872437,0.01098215399909197,0.004701806483383253,0.013469675599121933,0.009726479605286942,0.01908104658587373,0.0218658892125978
2018-10-17,-0.002612612612284959,-0.004845200692718543,0.006467175102749412,0.01113975326750749,0.02123608670131638,0.010492531786164161,0.003694581281032727,-0.016491545473161007,-0.002743884642088301,-0.001315047905478206,0.0001783166906577094
2018-10-18,-0.01996206304714554,-0.026321623994199572,-0.033307310575248494,-0.015842665937644496,0.0002868205937551771,-0.0110285853897375,0.004294478527598677,-0.03919626432750123,0.004390586583270961,-0.017494356659030208,-0.01444107684099083
2018-10-19,0.0014746543774537546,0.0066216720866036916,-0.00377812415288703,-0.0016652789348245989,-0.003225806451353841,0.08798604187410386,0.0014660965174200236,-0.026656848306051528,0.011015911872342743,-0.008232816389292408,-0.0005426917509271378
2018-10-22,0.008926928031992132,0.005600897591333975,0.014325153200342555,-0.01436382170263295,-0.002660913341086424,-0.008018327604789044,-0.01000365987495333,-0.019875114224669588,-0.004612014296125788,-0.013513513512853792,-0.004488687782690626
2018-10-23,-0.013956033931928014,0.0031852578343971594,-0.011512882132677649,-0.010436254231596886,0.0018027112782159627,0.006466512701692961,-0.01614294516369763,-0.07559630176383614,-0.011757210702196041,-0.008219178082413459,-0.005090723973687927
2018-10-24,-0.05346901017569228,-0.05183378030446262,-0.059082942273986694,-0.018622327790820736,-0.010508889368737617,0.026388251491647807,-0.02780561122178804,-0.055807698773084446,0.029127351578220884,-0.0205866877139107,-0.030298600197537717
2018-10-25,0.058444096950891256,0.04395905857410942,0.07088691263069369,0.015199922548629674,0.007274314395886661,-0.005141962889013585,0.00888946147903269,0.02928609578016994,-0.013667425967564317,0.017258746893792587,0.017940600030036613
2018-10-26,-0.01237303785834265,-0.017977690990613304,-0.07819680501860093,-0.013732595842338435,-0.010832671336778787,-0.012808988763390317,-0.009960413741646024,-0.00501599930754737,-0.019110854503561314,-0.013533139687690432,-0.01758738151659789
2018-10-29,-0.029076290201956012,-0.04523183391057961,-0.06326355451939059,0.013827112743854952,0.0042345039060482925,0.0043250625998294545,-0.00619115181151253,-0.009300304215669186,0.017011007121162214,0.01023890784947179,-0.005540270606410824
2018-10-30,-0.0011555127587136171,0.014283919477445117,-0.0054975046787274495,0.01764425369652911,0.023264267539314654,0.0107660924742774,0.02245295262823377,0.030531672222670725,0.004456534322317296,0.018680445150935254,0.014818464337404968
2018-10-31,0.029692470838300844,0.039132547568719644,0.04416434704198835,0.02174320524825779,-0.005399644760897271,-0.005718129835286523,0.01142421934576876,0.03286225097948714,-0.006050129645742364,0.003706593835804739,0.010680808155965948
2018-11-01,-0.008332553132039844,-0.0042179390783374515,0.042252551611066336,-0.0003669051548985669,0.005928994928741993,0.010261614795196605,0.012424698793666922,0.027860204418306056,-0.011768115943937563,0.006608357628015149,0.010641835716967973
2018-11-02,0.0022658610270462898,-0.013342787159302816,0.0,-0.005505597357795211,-0.0009941769640674503,0.0024556312084029752,0.0158671129298098,0.008740978348182882,-0.01360943274290416,0.0030250370088040768,-0.005923000987412941
2018-11-05,0.012716654107728154,-0.014708490046207001,-0.022653449652663138,0.0065510241737911645,0.010804663065604014,0.015477118360705644,-0.0037827943870145653,0.004928849669629365,0.015224501931990542,0.0098177618066424,0.005516936996626143
2018-11-06,0.001953306668519339,0.013109412444558322,0.009221034525126015,0.004675038958845024,0.002601969057339115,0.0033991228076311053,0.004287114159720051,0.023099438335691724,0.004393415735185702,0.004575204931617893,0.006327956399440504
2018-11-07,0.03936130709263619,0.0361547163813134,0.0685897943158369,0.017153284671619584,0.015290734375859039,-0.0024041088401359767,0.012684473716340072,0.04461455192105701,0.012131109296518616,0.018280726168594885,0.021408839778866096
2018-11-08,-0.001875669882463793,-0.0122807334154994,-0.0003303920842613328,0.00807319698671849,0.003799654577126166,0.000766787161412319,-0.015897868240766777,-0.027461139895993303,0.0024201913087147364,0.0016772269841762721,-0.0018148820326990833
2018-11-09,-0.01950782997768241,-0.016087627784028946,-0.024206369557413288,-0.009699234739979246,0.0002752924983144833,0.011492994745713636,-0.0002447680821420217,-0.03409696323914746,0.014945964589451188,-0.008372093022793958,-0.009768270944674029
2018-11-12,-0.024641781508964122,-0.02568197433495567,-0.04413611067313694,-0.02102614790173485,0.0019265171324867048,0.003138188508259976,-0.012860145911906762,-0.01505003545834449,0.010931128228657716,-0.015071919950312651,-0.018685195852593428
2018-11-13,0.0006550014037010055,-0.0013246169095478821,-0.003470079726303643,0.00587425424543242,-0.006455157259010358,0.008306364616880613,-0.022923712889863834,0.007680000000320764,0.0009524343099855948,0.0035557813198865418,-0.0018710789889159196
2018-11-14,-0.014120067327748509,0.00630743246413723,-0.019715909439236734,-0.020622319554783886,-0.002972076306494542,0.00021397239764131548,-0.007820512820503334,-0.006827564306218337,-0.010298891748563577,-0.00531477380564771,-0.006836727192357173
2018-11-15,0.022006287511076694,0.015617591838176459,0.012776655555624794,0.0255287431284541,0.001733102253469676,0.003636752593924486,0.010337252873719116,0.03453237410028165,0.013346906457367913,0.02181795051166402,0.010436713545308285
2018-11-16,0.00941461595805193,-0.002595583773312482,-0.01607345749147837,-0.0007268102114481589,0.010311418684923801,-0.00010657572274097582,0.009847806626073652,0.004172461752722345,0.006752985824208135,0.020044820717346923,0.0026005420849224414
2018-11-19,-0.03389047926893329,-0.038239396408365045,-0.05090968426205433,0.00763705791412761,0.011918624563563851,-0.005649115327402199,0.0032928064844095495,-0.03062480763285469,0.008980542159527705,-0.024227999511812093,-0.016914477769872982
2018-11-20,-0.02781494934006057,0.002949134725900082,-0.011128817885458608,-0.021474330054773616,-0.00866445542569616,-0.012755922391466723,-0.0284019187086495,-0.02944911890826618,-0.017801219712230698,-0.014572518606824736,-0.018506131549728022
2018-11-21,0.013764624913519041,0.012596438450418024,0.014223048426571072,-0.007468879668476869,-0.03045407989079918,-0.007491856678356279,0.007665324152117403,0.013085793735086337,-0.014487889466621828,0.010281797411011206,0.003407542026209631
2018-11-23,-0.000387935214419155,-0.012775174185868488,-0.009672123581652703,-0.009197324414608299,0.0016902598776713518,0.0014221638769063016,-0.026689014956139512,-0.012513118591396477,0.006527415142528081,-0.01061691167286527,-0.006678741227167606
2018-11-26,0.03298729019049773,0.025084943209972455,0.052774190112246044,0.02447257383926882,0.00028123462001738986,0.004369674459568262,0.01973771360559029,0.020274689339477625,-0.0016917611225735207,0.006921074354014678,0.016144349477963393
2018-11-27,0.006292852446777353,-0.0034661060299614466,5.691411659802803e-05,0.004210140949096441,0.013086227629722114,0.008483793779094695,0.0009093270975555345,-0.0016025641030213977,0.005479297293079277,-0.014566780173558391,0.0033644859811678973
2018-11-28,0.03714765727070923,0.037547040712495816,0.060913609287855275,0.011119212540785739,0.022482893450693542,0.0031276962891080284,0.01817001946738772,0.049518459068601084,0.000280898877193847,0.015294042362139715,0.023025335320493667
2018-11-29,-0.00836933045316357,0.002555436485400353,-0.0024914319773506888,-0.007932215612812543,-0.004028953837819649,-0.0020427910978458863,0.007775653282345196,-0.004129387473581603,0.0010109519798777722,0.00346653220766191,-0.0021851555104158704
2018-11-30,0.006352663581368878,0.013767837892625145,0.00991891585054705,0.010267127022233868,0.007199177236481891,0.018207282914119327,0.005565393371770755,0.04177224909798638,0.02591463414587758,0.01042648074846153,0.006095335426000714
2018-12-03,0.010821534853866721,0.006046951740918294,0.04862824449611569,0.009443295260084694,-0.004697072838379168,-0.012591260184327657,0.021635220125880483,0.02417631016436106,0.00429255407024276,0.03574314664004086,0.013241429348896716
2018-12-04,-0.031849406726044416,-0.04827295854410463,-0.05865625493692017,-0.04463649322811003,-0.0012311059438718797,-0.00010715816614648155,-0.022038906672953162,-0.06930550557751214,-0.0017535207409583586,-0.01620453727025839,-0.032402434658157286
2018-12-06,0.006173977146150644,0.014692179543715378,0.01845480700071933,-0.019024526719011448,-0.0008217489550915724,0.0025720715902965985,-0.013093289689500076,-0.0073461181572482825,0.002689795246179516,-0.01555636896090773,-0.001517113783535362
2018-12-07,-0.040021980034424365,-0.029218610863073424,-0.041231410260182844,-0.018062553474692655,-0.0032896991297296507,-0.01175841795882282,-0.00956754688021555,-0.03754771364004983,0.0010949304713105956,-0.02608911197816377,-0.02323599169859769
2018-12-10,0.026426254531517923,0.006306254657509225,0.007304512224316051,-0.01868525510631769,-0.0011689472599140105,0.006273661438339628,-0.01416795466164511,-0.0012950222576171289,-0.0013671661392662404,-0.0005090353780209389,0.0018970292519222554
2018-12-11,0.009294544103024327,0.008042309957515759,0.001346715172787949,-0.009767166535002869,0.008536417458616663,0.009459314200664481,0.0018291089618449607,-0.0012156576716214618,0.002026176005447189,-0.007321110262418107,0.00022721248164314645
2018-12-12,0.004512386039032368,0.011378514574813092,0.01235364280324247,0.0064760386567153105,0.004095563139459024,0.0012778191877660383,-0.008607198747496048,0.017283349562498218,-0.009126680513522945,0.01141537869542586,0.0050353992352618615
2018-12-13,0.003392005867206116,-0.00017695323754762793,-0.0031018190124675327,0.0009899029891862199,0.005030591434773246,0.026161863235916405,0.012628255722043402,0.004227486639352129,0.004908719873492062,-0.0027265233652428167,-0.00033903412959113144
2018-12-14,-0.031247144815186534,-0.02033459395995807,-0.04008128414476775,-0.008208069620649794,-0.10037878787903975,0.0015545652398738508,-0.018186541960287794,0.006910246226812022,-0.005268935236295569,-0.011889623601911592,-0.018464785016993
2018-12-17,-0.02961426011495738,-0.02477869374666386,-0.04460051133543974,-0.01276298733629222,-0.029022556390925547,-0.04004552980187215,-0.02037576078199821,-0.01814309379155099,-0.03084308099677535,-0.010295347789436193,-0.01961838215511358
2018-12-18,0.010496646904089912,0.017315848487348573,0.02009980866717953,-0.004746995253339215,0.009911723710455123,-0.003018217095866138,-0.02755267423081087,-0.0016068128870984077,0.0019925989178941617,0.006176451466070709,-0.001096491228425811
2018-12-19,-0.0026930845429110617,-0.007619248425557834,-0.03635238610874769,-0.0126852039783647,-0.02154577518730927,-0.007892745161313552,-0.016944444444441764,-0.015611169228046173,-0.008409090908865213,-0.004264667872581618,-0.014975693899616171
2018-12-20,-0.021024206770275167,-0.011473161687203692,-0.02290847312518396,-0.008633980881649017,0.0051720084628836815,-0.00850043592033034,-0.03037581237699427,-0.006376195536570428,0.002234700892786101,0.0028552887730926013,-0.01627795908635077
2018-12-21,-0.03231208747964287,-0.0315852205007745,-0.05707714107733275,-0.023639191290864003,-0.0014032899347455885,-0.00010991426624251677,-0.007431152556350518,-0.012176059234507153,-0.004573780801811367,0.004206030801604976,-0.02036897681741634
2018-12-24,-0.04173877634091461,-0.006638083227727742,-0.02431304221568853,-0.021556759053021124,-0.0409868061525005,-0.03968341211473059,-0.03831473869681168,-0.025984842175983514,-0.03463327781290948,-0.03421612217313552,-0.026422933112131175
2018-12-26,0.0683097843406344,0.0641636284239977,0.09445221583975738,0.04145864988196779,0.03150439596253363,0.031249999999912736,0.04777896504421353,0.06678067550291833,0.013445978106060297,0.04697091006153231,0.05052487838217923
2018-12-27,0.006165473349304618,0.0048193920880468255,-0.006295465361343511,0.01125468945286312,0.0055244258543272196,0.021423021423653044,0.004370629371098778,0.015309394036694846,0.010684513325817546,0.018034667346330746,0.00767730928570165
2018-12-28,-0.007807867167346161,-0.0059074935890907065,0.011206589857967852,-0.0021640560592935953,-0.0010988148497007577,-0.00912845033766907,-0.011169132580385654,-0.008368200837357787,0.003252788105682747,0.005946791862261769,-0.0012899584792871455
2018-12-31,0.0117541587804193,-0.0016432911680482887,0.016204110905129854,0.008158628524768341,0.013986013985633594,0.008115814872068583,0.00029338418676227995,0.011623278401925674,0.0063686892086669555,0.0028002489113583273,0.008758829465074003
2019-01-02,-0.004430442058802053,0.009301791455575747,0.02474084036299007,0.017312026224220567,-0.010073614877436299,-0.006962576153146549,0.021997360317069115,-0.005430077909980069,-0.022954780809148922,-0.0028741018433593446,0.0010403329067252276
2019-01-03,-0.036787974683880176,-0.02769560435414098,-0.025241532554105328,-0.014097271171487846,-0.01589041095942667,-0.007011393514430586,-0.015353709283735584,-0.038534578256394836,-0.0024730612978000055,-0.026818722977604792,-0.023862818770776117
2019-01-04,0.04650924024647329,0.05129355319998097,0.05006398805556289,0.036865410360049866,0.016783328030944844,0.020410414828179846,0.03686971728330324,0.05464570817236214,0.018416858511421275,0.04056403322368429,0.03349576184425618
2019-01-07,0.0012753850684512624,-0.001994304636259603,0.03435339820615857,0.000695203097822894,-0.00641476961618892,-0.004000432478714622,0.005200281096307213,0.0006242684356054795,-0.001449023359566426,-0.010395396324289874,0.007884623004179803
2019-01-08,0.0072506368801628085,0.008783180905431287,0.016612355861578054,-0.0018856689165083207,0.023226517597453533,0.0036908380360816118,0.00727069351256171,0.012009670123770189,0.007313675412879084,-0.011505033452130942,0.009395392719438345
2019-01-09,0.014299610894314307,-0.0034274026379937927,0.0017143753999204758,-0.001690364919239129,-0.007925515543059536,-0.016331386544438664,0.005274847306180996,0.0038529706405618924,-0.004321770198184249,-0.008223164020960017,0.004673443159487922
2019-01-10,-0.006425625779306943,-0.0026071279973554073,-0.001928384616311729,-9.96015935114114e-05,0.006049794461987723,0.002418911489398212,-0.0051090858879102585,0.020649420434532884,0.015047167081568835,0.00261496268926642,0.0035275419622544657
2019-01-11,-0.007722007721314261,-0.013310716240215514,-0.009455265604810914,-0.0047813527249974674,0.0003083802322829676,0.006581112207765916,-0.004580152671468496,-0.006468110710072361,0.0018245053880943107,-0.0026081424939563558,0.0003862793570710288
2019-01-14,-0.007295719844678583,-0.012175073040329942,-0.01423294484810067,0.010309278350970397,-0.011329479768342754,-0.006756020485884973,-0.0012548800889776723,-0.0022710068136688744,-0.02549655682524843,-0.010651189489105928,-0.006100857208766741
2019-01-15,0.029005389514541235,0.0332854656643673,0.03546230854372645,0.007331087775012346,0.008419083254986415,0.00943499725680752,0.0005584252411441337,-0.008421851289132531,0.020381942415437893,-0.0002578648788538196,0.011460761460350799
2019-01-16,0.003523473954814005,0.00276113427406921,0.005505923944200353,0.008064516129430377,-0.010204081632818829,-0.0069557656776157994,-0.00041858518134119116,0.007422144004775033,-0.00022893772825571812,-0.0029662109872991005,0.0024198194741567036
2019-01-17,0.007022205352985811,0.008820478930490872,0.005606433144472733,0.004097560974499093,0.008200562324781613,-0.00014008974387025308,0.006839754326213532,0.021874525292439273,0.004637050606904669,0.008795757339967514,0.007586788259574373
2019-01-18,0.01498303806934631,0.0074423174898203825,0.0017599603123044094,0.01622619510345724,0.01239445348223489,0.008605472197319664,0.011922916956521812,0.021703582577775382,0.003418998231630166,0.016925246826752005,0.01331000912687097
2019-01-22,-0.01884690372300024,-0.025891808903560687,-0.037749086192665926,-0.015775886795558747,-0.014461703267781068,-0.010719754977775553,-0.01507055761159648,-0.03191800878482198,0.007325799307415393,-0.00573698146493562,-0.01351047061499766
2019-01-23,0.009746404239850959,0.005358649396461468,0.00480954802502187,-0.0025257431520256945,0.0,0.04865103936407911,-0.008206982890364034,-0.00317604355773915,0.011275228325378528,-0.009891573140983545,0.0020923685611946574
2019-01-24,-0.004779308406573368,-0.00037808577887032957,0.009091352544481124,0.0005843396966669356,-0.01374223602509006,-0.00569380008498277,0.0014025245449911239,0.006903353057854167,0.005017281746825697,0.0022414345187202755,0.0005314908318174716
2019-01-25,0.009133709981371974,0.016153136530763,0.0094505507785827,0.006326649795505235,0.009446587421158448,-0.007423117709407845,0.004481792715718802,0.031115798990462462,-0.03372531617403074,0.02817891373795911,0.008461392525109135
2019-01-28,-0.019501726228815186,-0.019654837450419516,-0.019562185361882478,0.0047393364922005965,0.005926850190249633,-0.0008547008543648982,-0.006692693809194461,-0.09126114277413866,-0.00993111366352617,-0.006338947237704562,-0.0076002709004555635
2019-01-29,-0.02036543585887629,-0.009075250494809062,-0.026869936320509824,0.0027916827111611475,0.010388402202575087,0.00021385799788142812,0.0037900056160262707,0.017367532363428806,0.0022612628300282545,0.02095190443407624,-0.0013269639068793637
2019-01-30,0.03341752477172921,0.026101340111652327,0.04802745501543404,0.0023039262740722766,0.01005140796421733,0.010476801369133204,0.010907565373872607,0.028293685291896686,0.004223070691696584,0.004533202646194612,0.015830834061115073
2019-01-31,-0.018330513254171676,0.025410067486877796,0.028914710583502368,-0.008715640263748381,0.010938924338596223,0.02063055437910455,0.013694840227959526,0.023441703174575723,0.031050175701173854,0.0025003049155389867,0.008782420210897701
2019-02-01,-0.01580005745545099,-0.006457113928185043,-0.053818808073403,0.00367149758388563,0.008415990381749783,0.010365916865665792,0.03602620087299191,-0.016896966056283103,-0.006481171080252146,0.009124642618122847,0.00048160634226812604
2019-02-04,0.028799377311423013,0.02038225670963545,0.004353627715636854,0.0035618020799605965,-0.009836065573930575,0.005745357546136365,-0.01448893572089327,-0.00022916507528381036,0.001574626027089021,0.005967809994475992,0.007035473598440811
2019-02-05,0.013996595422539171,0.009155262743329784,0.015612467933215468,-0.004412470023625881,0.0,-0.006018565744818627,0.010291365944272046,0.008557457212771569,0.0003930376181437989,0.006232023011044641,0.00419179291087568
2019-02-06,-0.01109867562031086,-0.02515908913377185,-0.011182715320018466,-0.00048174197962402854,0.0009030704397630096,0.004926108373686455,-0.004365656832636344,-0.01106060606053827,-0.00039288320026664714,0.011850881371715305,-0.0013181984621282172
2019-02-07,-0.007167782702718339,-0.01512169491227433,-0.01578408301122991,-0.013109697320558444,-0.00714285714281071,-0.007965686274159722,-0.007706617061557064,-0.013482457484639943,0.018248175182630888,-0.021717379789131352,-0.009532888465351275
2019-02-08,0.0037997530162217075,-0.003191941477543425,-0.01619826929390422,-0.009962883375020049,0.002650511170486869,0.005867819641781846,0.001606855919516148,-0.0013977325665166518,0.009153570443390047,-0.001925159427639822,0.0012215888057947044
2019-02-11,-0.003974638024008326,-0.00023585333520248497,0.001750387225951,-0.0047355958964339084,-0.0030211480365275323,0.005731245522687001,0.0016220600164273957,0.0025660964225726612,0.0,0.009885473177098314,0.0005545901580570334
2019-02-12,0.015581947742721924,0.023100932746932257,0.029547454431175346,0.017049960348834547,0.016363636363811773,0.01007428513206432,0.01754385964789873,0.029007988831553977,0.0014206873952045118,0.02256177629197742,0.012859359987882568
2019-02-13,-0.0007484329677005519,0.0009311977869850274,0.001214888797992808,0.004775828460540366,0.0021615980912430555,-0.00020149103326494444,0.011273209549439223,0.0032411245948564815,-0.0022917007704740255,0.0037940695772653577,0.0032469901497031994
2019-02-14,0.0008426177320561834,0.0005050370796944037,-0.010579268292682964,-0.006499175477422847,-0.0010412792859829656,-0.007859733977887084,0.00026229508169528515,-0.003606311044975219,-0.0013125512729340594,-0.002035238704300335,-0.0022182624823283703
2019-02-15,0.012347988774901175,-0.008475026567147492,-0.009059254922503257,0.030560437414236308,0.015412106321177177,0.0002031281734904411,0.018880293694049533,0.026994420148559906,0.00783089644658741,0.01433399370668309,0.010897295721472577
2019-02-19,-0.0004620218074495863,0.006144887149409861,0.01220809104760745,-0.003505447654606142,-0.00505939287254642,0.015333062551040166,0.006691545489897033,-0.0029368575623656135,0.007226689849613388,0.005916819853580391,0.0017305404331220409
2019-02-20,-0.005177036147431258,-0.005255168616641326,-0.003366961992651629,0.004848830575257201,0.004864028299423451,-0.0071007100707847215,0.003834845966616429,0.03321060382854801,0.0014565463676268209,0.014448061218569785,0.002015475976376635
2019-02-21,0.021091927204732963,-0.014617299816001128,-0.001639849577708019,-0.002081559277065659,-0.006820682067514849,0.00503626107870514,-0.009041130778462247,-0.010191718337864919,0.004955828486169267,0.005798243638770018,-0.003555906756194216
2019-02-22,0.014258294488948442,0.011184466722841568,0.007484068566912194,-0.004456243481101407,0.008713631663688881,0.00471036279888426,0.007710100232293016,-0.0014400921658783705,0.008415523154434723,0.00811552023290485,0.006199985581598844
2019-02-25,0.005587095611837789,0.0006896181136830659,0.0008825908946039629,0.010476190475855018,0.0036603221091331406,-0.006783042394364891,0.0010201479203906239,0.019685607153342444,-0.001328868334348643,0.0058294470349500305,0.0013613240666923154
2019-02-26,0.006900259879339066,0.004188556648387465,0.002082057562767803,-0.007634307256642825,-0.000660792952296374,0.0026112282814962917,0.0020382165601779967,-0.024255710345497672,0.0018628912067713,0.0015455097425320918,-0.0007155123069149116
2019-02-27,-0.0016909932360595903,0.0007843067342094834,0.0028660474211685827,-0.0012346851561971794,-0.0017632797001507772,-0.009215666632685804,0.01029748283841081,0.011595883461201995,-0.0009031504009938685,0.0008266740145468354,-0.00042961477889058575
2019-02-28,-0.0012481055537922892,0.003259446607663641,-0.000767782388534477,-0.007607455305643107,0.005667181865061766,-0.0036396724298846106,-0.005536680507904013,-0.016048144433401967,0.004871259567381658,-0.002312775330517991,-0.001862464183330026
2019-03-01,0.00446309024392022,0.019502019439493923,0.019453236006171437,0.0006707550789792904,0.012514637002251305,-0.0011161846781575502,0.012273820067093322,0.0009465559920325273,-0.0008523332612279111,-0.005960922839007954,0.006243720396213126
2019-03-04,-0.0023993601707662515,0.0042663601849832755,0.01461958569864752,-0.0022981901761219836,0.0009396458260881868,0.004368143031570293,0.0038750000003531238,0.006401396668952231,0.003625506503210696,0.003331482509702166,-0.0036374010413022795
2019-03-05,-0.00498841973973263,0.013672382999772026,-0.0022049676624394943,-0.0007678280056473419,0.0020941652226378338,0.0022251441293095198,-0.001494209936687918,-0.008745934224959728,0.0004249893760090995,-0.0082457111235269,-0.0013600572654853815
2019-03-06,0.00044762757321081814,-0.0036349951680297865,-0.013873542775772019,-0.003746037845000827,0.00230597391354892,-0.001614693713372306,-0.011348048384655973,-0.01684410091924904,-0.003982582837646409,0.0060822498748009934,-0.006056913483037718
2019-03-07,-0.012170022371398637,-0.012095043521368365,-0.025764702357769953,-0.007231006556096098,-0.006111151053285635,-0.0038410997675313308,0.011099899092660515,-0.015055996439795938,0.0019192834682912885,-0.0036051026066392655,-0.00836548516216129
2019-03-08,0.0010870549870392043,-0.0007646522125831501,-0.003167379070697085,0.0003884626585821671,-0.001302083333042825,-0.0014205986806210547,-0.014346307386909896,-0.010918674698422892,0.0040972702590260646,0.009518508210430321,-0.0019999272753561392
2019-03-11,0.02099357524251433,0.025470229658253185,0.03073790720631786,0.013008445782525024,0.0036216137906919244,0.011889035666580394,0.009745601823958117,0.01339931480721801,0.004239533651047678,0.014280988089632629,0.014501202361181686
2019-03-12,0.0070016839492361704,0.015255329612390955,0.0014844788162478029,-0.0029707714423796716,0.0044745958429437405,0.004719823258410916,0.0027575833531163774,-0.004732927653798291,0.007335092349030514,0.0005436259857529713,0.003771009912411527
2019-03-13,0.007745115296897476,0.0015117978698320211,0.010585141354372052,0.003364090734011338,0.001652536283972772,0.01129435282383029,0.008875000000414301,0.007699275362827107,0.000419089528733263,0.005704971474789877,0.006619199255842645
2019-03-14,0.0007860262002969964,-0.0054459326468687674,-0.002714675214837703,0.009100488552681751,-0.009970590345054542,0.0013836726623355222,-0.0033453103695927355,0.00142322097345704,5.2364245153313504e-05,0.0005942733660255772,-0.0006397952657266615
2019-03-15,0.011519329784423382,-0.0018699739202435728,0.015502129022310074,0.011486614770851666,-0.0030430372405978456,0.011054086063188251,-0.0036051715570435405,-0.0076295908441225135,0.0013613991005001491,-0.0019437395392797319,0.004919263053223322
2019-03-18,0.014321456302286206,-0.0014702175919796279,0.017397042677941732,0.00600656968561375,-0.0031250000003935074,-0.009078484966049238,0.011603243916960215,0.010778623652560437,-0.001934741686068664,0.0028130916958710728,0.00362589314268158
2019-03-19,0.0006804456920370683,0.011703335997644393,0.011307866716413706,-0.0036383991036563756,0.009258584239059564,0.0038419860110594506,-0.002590034533696217,0.00037285607733150705,-0.012416828208537956,-0.002535469601348539,0.0002479368114125524
2019-03-20,-0.0011049723751845875,0.019934135022348087,0.02010386809319753,-0.02134831460751352,-0.008306847731985312,-0.0017664376841998175,0.0055644862127233186,-0.008497950055700865,0.007267904508561518,-0.0013520822060533177,-0.003009915014004161
2019-03-21,0.02297481279738478,0.007909134642377413,0.0122352234221903,-0.015786452353120373,0.005899919877208504,0.0075697994493182374,0.005779636005928124,0.007894143297164646,0.010744193396497126,0.013755754129194608,0.011294619073004775
2019-03-22,-0.026368324737965354,-0.02303964793280222,-0.029951738618998802,-0.030232332069502932,-0.008616944242962665,-0.008098351058556164,-0.016016627949261397,-0.03200059674740774,0.010525767286304832,-0.004754527485569593,-0.019246303515517815
2019-03-25,0.0052114480992500045,-0.008504119571666968,0.005377471285209934,-0.008319967923306804,-0.002191220509933034,0.0029510131815202456,-0.006958250496750362,0.012406565462107721,-0.001650079926145298,-0.0020397208803770717,-0.0007520143241172006
2019-03-26,0.0021247662753665075,-0.006297081962496787,0.005354344909990649,0.010007075709780544,0.014347412341398913,0.010396233816356126,0.013013013011760055,0.003501293956500229,0.007179381231035009,0.006669535284006489,0.0074541284401234975
2019-03-27,-0.00966839114597462,-0.009942513278000442,-0.010124680450284806,-0.003402722177523909,0.0009381540018711387,-0.0011648223635439825,-0.007658102765771724,-0.004854368932321829,-0.005538461538253103,0.0026180807868432243,-0.005229083665186263
2019-03-28,0.0013702149526904073,-0.0048726241717639285,0.0043722036586058,0.011347660173260943,0.0012977649600565133,0.006316812438979413,0.004978839930352974,0.008917682926658177,-0.01031353135375812,0.013429256594787553,0.0037904523510259303
2019-03-29,0.008637646454923598,0.003941071596155865,0.004133256645351802,0.005163340284149109,0.006552419355049688,0.004828585224674775,0.0007431260829551256,0.0235702953839958,0.007294706127746853,0.010253983277755507,0.006305439778056865
2019-04-01,0.009157198576106529,0.018769808562760337,0.018778604520567344,0.03368566630457592,-0.005794405894142596,-0.00394041326348471,0.011509900991146127,0.0351317440401786,-0.014638940615376517,0.002775450356233611,0.011859246671996893
2019-04-02,0.0014283313724317015,0.005471317287639499,-0.00011575413821052205,0.00477828746098008,-0.009138005468924515,0.0010613662681631109,-0.00428239324588775,-0.0004278074867080095,-0.005302115597656587,-0.005274426863353554,0.0004898016304923924
2019-04-03,0.006544173169488854,0.0043714849770000175,0.003704561241028026,0.0019973368841972317,-0.003921283857399427,-0.0005783132530763346,-0.005898255100284189,-0.0066338540547453695,-0.000897192316744233,0.0065098698027996615,0.0015735916354482349
2019-04-04,-0.005084604484596356,0.007135719064785828,-0.0010106003185588186,0.00958709065086083,-0.011664358096079352,-0.0025074742018375007,0.01421508034605612,0.0062473071954614046,-0.004806930430423906,0.00026079699556125213,0.002653445988568759
2019-04-05,0.004440348525505344,-0.006560334578427529,0.010127222545990522,-0.0023683213345599974,0.004499520542998958,0.00212704244362083,0.005362583789923603,0.0016413330479017052,0.00891719745246089,0.007404703551240788,0.004840169928141291
2019-04-08,0.000333639169291855,-0.0026166989969882426,0.006847078289645481,0.003228563289998876,-0.0002937288877697952,0.012735166425722921,0.006182567585168108,-0.0038472499294449625,-0.007575757576315123,-0.000828200217467101,0.0007623800119096469
2019-04-09,-0.005419828233331314,-0.004626411095740912,-0.007578951920685806,-0.007382867960470385,-0.00418686646156563,-0.0029532247310120052,-0.012891566266000964,-0.024817622657732352,0.005672179813732914,-0.003885406413274284,-0.00512483119254481
2019-04-10,0.007629107981317551,0.003126325153719689,0.006258715356458167,0.00448173929620066,7.376263263991767e-05,-9.554748691886772e-05,-0.0045160502864149965,0.008654198753344833,-0.0057456117223976255,0.003952569169958009,0.003410949845403133
2019-04-11,0.0011648223643299094,0.0026026772762561823,-0.0017647090665987575,0.008448832352789815,-0.0027290160792635687,0.0009555661734494958,0.004781755761955608,0.0097433287289026,0.007528363905360491,0.0026419394940715435,-0.00027749835232948605
2019-04-12,0.005152497299473424,0.010863185047015556,-0.0005477015514595562,0.0468794125945311,0.005694845055880471,0.002959427207772425,-0.012568639414046068,0.01677828184570851,0.004262260575925714,0.00315164040316529,0.006765899864388025
2019-04-15,0.0008267879285854818,0.0031077997587976025,0.000982062439638387,-0.011419836344941703,0.003971172231227227,0.0063773082041962414,-0.003336628768287886,-0.006728045325890886,0.0016243122880827965,-0.0011845900287045241,-0.0006548111385297206
2019-04-16,-0.002313093763277818,0.004386358263599899,0.009848932445104541,0.010551209749873891,0.010987401113036643,0.006526056937635749,0.006819590823543109,0.012691622103459421,-0.008579200669458498,0.016346104264391537,0.0006552401971091637
2019-04-17,0.00828020203737001,0.0066806828415588715,0.0009554276880796575,0.028802880288730792,0.003622663382596647,0.001652884795988241,0.0028325123149177678,0.004998943885721641,0.000685943436611991,0.0032978183661904747,-0.002446925833716307
2019-04-18,0.013139525334988633,0.0010724595612450205,-0.0016784461771108816,-0.007349081364644627,-0.0072191741265423826,0.0018894662256008221,-0.0036841458917939995,0.010368502171466343,-0.0015291326147442996,0.0017699115046376779,0.0019692520296379357
2019-04-22,0.003161222338723624,0.009899554560402146,0.01376168964757829,0.0012339150355693551,0.0022542175683464283,-0.00037718057538926875,0.02181683717555405,-0.00683593750016076,0.005386565273007626,-0.0074709742557060865,0.0008620095166069763
2019-04-23,0.01357466063392665,0.013423621745971337,0.019318500935193494,0.001232394366701639,0.015018501051340394,-0.0268842562015299,0.005790108563590302,-0.0024582104225221446,-0.003099065026293646,0.00025429762989048754,0.008991628483913328
2019-04-24,-0.0034279336738032296,-0.00829535884932664,-0.011446274762575537,-0.0016704765254048626,-0.005003573981374521,0.005137650251690662,-0.019429119692959906,-0.03027529395247408,0.001422625004625644,0.013982813850568432,-0.0022193389787048545
2019-04-25,0.03311735061168086,0.005785484703444421,0.0002629157355067413,0.0005284015848092682,0.0032327586208522607,-0.003954093934080305,0.0056262230929857715,-0.011616931677392306,0.002209828475278286,0.0009026175909352396,-0.0006159531873144442
2019-04-26,0.005729771583933729,0.007953666734219711,0.025433039821264325,0.007569756183475551,0.005298961690322068,0.0249806351674009,-0.021041109220298115,0.0213031660912657,0.00645737085438558,0.01487975951923115,0.004656736860106481
2019-04-29,-0.0009238586497742896,0.014701507726284424,-0.006254389607460165,0.014414257010931797,-0.003917657952748788,-0.01020215378857714,-0.006460429865582262,-7.192692257140809e-05,0.0003129727185005038,0.004936565138067728,0.0015677720596296574
2019-04-30,0.0063959312629948695,-0.07501928714725359,-0.006144147583353576,-0.0006028246649103508,0.0097254004571532,0.01622447031884766,0.003876453668727242,0.0028772838437116643,0.01392292850793253,0.010905339686420268,0.0005104297817377645
2019-05-01,-0.02082695252684963,-0.021385200506140234,-0.0077860598384652535,-0.007669108142367542,0.00531161473114472,-0.014556724267409948,-0.020054808170647087,-0.009109166546715786,-0.006017280394961189,-0.017687934301892194,-0.007516495476702856
2019-05-02,-0.013059117923257424,-0.005804043228787581,-0.005597639574788649,0.0021708926706722753,-0.004719971821357194,0.006004002668583919,-0.017541629591548147,-0.02157075642430939,-0.00801986857731285,0.02720751916884656,-0.0021589390353927707
2019-05-03,0.02131368354353258,0.019751223735944956,0.03242810997359036,0.006151979898242788,0.005167044168101764,0.004926108374569305,0.0023288911884216112,0.028778575128160178,0.003598998540168985,0.00929448591416393,0.009787760148378233
2019-05-06,-0.00581846392541574,0.0032869572535443314,-0.006068913506517393,-0.008870134344642233,0.0005633406097864668,-0.0037707390656080975,-0.0043887956618967605,-0.016539623184773533,-0.007847824958932215,-0.017129497089398482,-0.004115226337567002
2019-05-07,-0.0205228248143986,-0.012233338361673174,-0.015149573197303368,-0.016335042140685485,-0.014920121050550406,-0.009273277819924819,-0.005315700765769815,-0.0225943258257999,-0.006024096384081079,-0.023399194135576673,-0.016699678983853827
2019-05-08,-7.966857893859647e-05,-0.006854079364428389,-0.0016814159292035669,-0.005299885168410512,-0.0012859898546824233,0.003533906399282749,0.0015641293015560276,-0.01286750953844984,-0.009855072463838987,0.02057960928564828,-0.001389226548
2019-05-09,-7.967492652682928e-05,-0.002400109329139366,-0.009333757437023138,-0.0007992185428906673,-0.00758280277585377,-0.007899495574328674,-0.0009109838625366296,-0.0056839712014166155,0.003885458801941244,-0.004237494520592633,-0.0030257712239021295
2019-05-10,0.012988047808923042,-0.0002825415032656764,-0.005205619331849043,-8.887308826188711e-05,0.0023066387946608646,0.016980046047431863,0.008597108245597562,0.0010670731702528968,0.016701129316191166,0.018831931128872936,0.005023372636528967
2019-05-13,-0.0297333438214048,-0.02659210030475534,-0.035608842421612885,-0.027197582437276102,-0.01330456670182234,0.0009433072356388461,-0.011102403343807521,-0.04598751332371753,0.016531080515399976,-0.017955734792662437,-0.02513016313757066
2019-05-14,0.011187677341387259,-0.01032034418817429,0.009568327956635203,0.007948835084670147,-0.002769679300369199,-0.004806333050179523,0.0013208294808095822,0.017318435753804984,-0.0001539013989166893,0.0059643119039158865,0.009043651641202022
2019-05-15,0.014030305459240111,0.04084063794660997,0.016863030671912638,-0.0038071065994391695,0.0006577985673139608,0.010416666666180463,0.007386888272367553,-0.0013336471323198706,-0.00020523345341161292,-0.003644846187269013,0.005857445307072107
2019-05-16,0.023091572766240187,0.011701400751867652,0.019463966010207612,0.012829845313721,0.009495288876077312,0.0132146204315291,-0.0001309414678867249,-0.00542026708552934,0.011546751513679121,0.021510096575510174,0.009261208166685186
2019-05-17,-0.006670286201397424,-0.013271422540873878,-0.020219441488385725,-0.004851316143748341,0.0028941465883718376,-0.006104893165197245,-0.0058931377689028785,-0.03040834057347408,0.00948708842785706,0.0023396839043250406,-0.006465067778960165
2019-05-20,-0.014445225267490813,-0.02063690343846103,-0.005366506153023032,0.005236074749584985,-0.0013707524714435815,-0.001116798510375605,-0.00013173494981766343,-0.0026881720428814093,0.00185948336538444,-0.021484375000038636,-0.006612090680018334
2019-05-21,0.005387418791989562,0.008544021806796476,-0.0007800018289697563,0.003412662775025943,-0.0021673168618340233,-0.008944377154562866,0.004611330698836458,0.020583190394721784,-0.002257336344037908,0.007643250085137776,0.009015671773206835
2019-05-22,0.006067769898313147,0.0012213713992565989,0.001162840776949725,-0.008144634387078686,0.004633651897549607,0.003290401428924561,-0.009049180328423834,-0.011124449780074985,0.015233785822605705,-0.0034785969661607075,-0.003071446022950397
2019-05-23,-0.011670713558958767,-0.009092875371717879,-0.023767529897616768,-0.019671539433224527,0.007422888440192343,0.00037481259389071653,-0.023425092641787493,-0.010521204273855278,0.00792353785918154,-0.00993891205229902,-0.012218604488149598
2019-05-24,0.000475511175132004,-0.0058759844249778315,0.004296384427258992,0.009849042710144529,7.15358751277595e-05,-0.0006556762830168816,0.004201111261922463,0.005234745624031367,-0.0007861248945985055,0.0013711375542935222,0.0022683774010945346
2019-05-28,-0.0006337135622953571,0.0008343506563084357,0.007212276775920401,-0.010846777868380397,-0.012819589485250305,-0.020901677758858095,-0.020107962212955854,-0.01065907241666253,-0.010817721394444146,-0.01100298303086511,-0.009300516302314765
2019-05-29,-0.009670259987226482,-0.017217171540443554,-0.009387779550540931,-0.0027644673794544605,-0.041876413511288235,-0.002584721424036429,-0.006197493458665826,-0.0009046796604789131,-0.012178754288932225,0.0036590189874785572,-0.006710690701626776
2019-05-30,0.0063230350569492,0.001312570316356565,-0.001577625206822808,-0.010718905932570522,0.005939237036532541,0.010941549092706726,-0.002633037693233198,0.0029634507738203197,0.0011070853469394848,0.006207508128335704,0.0027311603839652587
2019-05-31,-0.016304780083900017,-0.013295761584709243,-0.022710755813953543,-0.010274612367531688,-0.007266671713181072,-0.02297541061434527,-0.016673614006439963,-0.016661195009966767,0.0026138534228659083,-0.003182530356327873,-0.013475253557002187
2019-06-03,-0.031047865459121304,-0.061238138274116505,-0.0464094373743007,0.004718761797198878,0.0022112085400411985,0.008648333495527627,0.015684612125091313,0.007011100909524393,0.006911861158998001,0.02637654108741727,-0.002542957823211456
2019-06-04,0.027703604805965787,0.015162600842961504,0.021781897453166055,0.03080969378224574,0.01742239805283896,0.008477842004620983,0.023789649414376335,0.011852465809947477,-0.00100210442095372,0.022444486983126177,0.021706668609257074
2019-06-05,0.021679116596370118,-0.009341008448872645,0.005168944702699019,0.0035538545654443254,0.004860539893405846,0.01958349254759284,-0.008289169724061574,0.008519003932361713,0.026431939011608785,0.01699040486805581,0.00866217516837886
2019-06-06,0.01581498847633256,0.002986674835313341,0.009122807017543977,0.002179242712628815,0.017115642208901605,0.006090133983180923,0.018224171006030465,0.0021929824556929933,0.005423894452938782,0.019375920471077057,0.006502685891832005
2019-06-07,0.028008136442449816,0.019670535236428366,0.02831231902232134,-0.010963124037017491,0.013681592039624269,0.012944682436528465,0.0036334275332066124,0.008671691385706115,-0.00665824261200576,0.00708835613340808,0.010007022471929083
2019-06-10,0.009132420091031213,0.013469116504001288,0.03137420109421685,0.010809820446380902,0.0033922771565997323,-0.0004596855747438511,0.004424778760529158,0.01028442873202029,-0.004745829052964168,-0.007755760781857468,0.004588910133835444
2019-06-11,-0.003770739064937967,-0.0015885330080294136,0.001649978770631444,0.003081384811218335,0.005466839303344129,0.00607064017631731,-0.0009344546790596153,0.012247494830625927,-0.0071281093294082165,-0.010301359960237622,-0.00024223967874226204
2019-06-12,-0.0046177138530961725,-0.001794568193116186,-0.004496431829157044,-0.012739428984257617,0.013592788667906586,0.0027427317611063984,-0.010823089256792429,-0.001414204902591365,0.012774174381371406,0.004108650993108531,-0.0017653167187247076
2019-06-13,0.0063122670922526325,0.011036975257713078,0.008074078865101475,0.002470943534182757,-0.006846414455078387,0.011214442012705605,0.008780224233665423,0.000550747442710886,0.0010755316552442107,0.0010456922026520488,0.004126356669722053
2019-06-14,0.0009824667473492532,-0.00431710066995028,-0.00033684435652026057,0.002556143874319572,-0.004406225570632083,0.0026147326658076953,-0.004418853775579823,0.0004718093893152364,0.010694926014406025,-0.004223816876822162,-0.001105048691112831
2019-06-17,0.003020007549923598,0.006987020160353463,0.00875020725582587,-0.00546348570421662,-0.0046398743660902575,-0.0018884892079567006,0.00995292535264558,0.0007073803343791152,-0.002850792422169457,-0.01085518814128461,0.00038028071656648343
2019-06-18,0.017388031615161115,0.01037581475408067,0.008133486741992435,0.0136421900747008,0.005665519219555826,-0.012523650779652451,0.008656279131948441,0.023641218976110157,-0.004603382276437085,0.009452667496224754,0.010471023257191181
2019-06-19,0.003921278484732005,-0.0006604900302790151,0.0039024492865669114,-0.007226086170431079,0.0015688511731553056,0.007481751825269223,-0.005545286507126934,0.0021483925419323313,0.003991821634333981,0.006714781655447366,0.0022571819425405426
2019-06-20,0.00928587220821786,0.007867742257446464,0.004924585732322573,0.002547538895396162,0.012531149875189884,0.011954356094351803,0.01712692511943592,0.023122272413804934,0.0006788207919805611,0.0075321021826766366,0.009554357469397923
2019-06-21,0.00014603870044571643,0.010932446999873946,-0.0035919278069429517,-0.006806425265320271,-0.000843822515808057,-0.004832647217019037,0.014097376323052968,0.0019456708824039382,0.005669153987739373,0.00040531411813859997,-0.001447982153592986
2019-06-24,0.005913703731043718,-0.007704132863671775,0.0013603306649923042,-0.007127192982674169,0.006826659159655968,0.01016187050381867,-0.00952503539846783,0.0035850324891064655,0.003131775475248455,0.006752498424542397,-0.0012244897959917678
2019-06-25,-0.031572071418646486,-0.02607683352766932,-0.01861643764041998,-0.00828271673160108,0.008248287432125467,-0.005430428202658599,-0.00883690708254914,-0.004911810671790695,-0.009510086454190603,0.004739760329336429,-0.009807928075027728
2019-06-26,0.003747283219747599,-0.006675371005904207,0.010413838266063902,0.006681514477257622,-0.016569606211735866,-0.017812388112906308,0.004326733972709773,0.010769575948060384,-0.015274949084610578,-0.0034267912774584852,-0.0009973861606575873
2019-06-27,0.0016426491448247038,-0.003415654621997777,0.0033986184220926585,0.003318584070553632,-0.008177652449649964,0.0004556639019857034,-0.010182767623934219,0.0025897151310296795,0.00728812724619754,-0.0019202429327443982,0.003545977209372886
2019-06-28,-0.001416325009174102,0.005730845322927003,-0.00559266494423083,0.027195883866350856,-0.010022034259847268,-0.001184186554973099,0.010683197045332271,0.005830258302408353,0.0015155218791220726,0.018031319910383203,0.00514579759893663
2019-07-01,0.012839653627942926,0.015884743257996936,0.015082143819014293,0.01681574239687511,0.0005743825386415047,0.007660738714635462,-0.0009134803602802721,0.0022745615966675015,-0.004100361223998372,0.01082298891199196,0.009078498293301429
2019-07-02,0.0066332547169691836,0.011454545456116572,0.006305308008053512,0.0010555946519332782,0.004807692307704947,0.008960086885274388,-0.010971786835154207,-0.005490483161871729,0.017841388100370725,0.006336858666072365,0.002604342826188155
2019-07-03,0.00644311026562483,0.00933848642687285,0.002424637209133884,-0.0015817223197437391,0.015068199670940086,0.023322569070493016,0.009508716323652022,-0.001913875598200332,0.005152653374855154,0.004907282755012954,0.007995142192004812
2019-07-05,-0.002909937437028387,0.008619845234133061,0.0020165033522434594,0.005938663357658136,-0.01104544814959274,-0.008152173912381877,-0.0040554683414082415,-0.000737517515953745,-0.002970344463134933,-0.003543647363839608,-0.001137884872522088
2019-07-08,-0.0007296074705734901,-0.014019970511684576,0.004843250588035586,-0.005463036391071818,0.0028455573737795614,0.0079540433050731,0.004597399186153206,-0.004797402022575614,0.004901254144338951,-0.009844739352776855,-0.0054948736852444835
2019-07-09,-0.0036507009346576913,0.0067156761793223385,0.018429355843304407,0.00425268007406121,0.003121231467852148,-0.009995615957642201,-0.0006537656894221033,-0.004078908336181963,-0.004638263281856347,-0.009898821777378664,0.0012465467289186627
2019-07-10,0.010186135130751506,0.014782662836555494,0.014640647789569083,-0.0029113365681053827,-0.0014143271344109198,0.007439553626242379,0.014130576998162558,-0.012286841908716206,0.006341275941589286,0.0009289980090834149,0.004778088091706323
2019-07-11,0.003989844033534418,0.002778483841756163,-0.008099493905552202,0.009555830826929679,-0.0077898165847754,0.005538461538590944,0.0007740936649158758,0.00995174909481622,0.004391827381191815,0.006629541235991576,0.0023441947692373066
2019-07-12,0.0036127167630843893,0.0011013215862296644,0.004962345145347324,0.010517090271326301,-0.041467418456962335,0.005333100192381979,0.0007734949074083008,0.03284562556031778,-0.007937262356790264,-0.0026343519497248336,0.0044769636830352955
2019-07-15,0.0,0.004513943457229885,0.004967677772252488,-0.012142237641217246,0.003052866716301672,0.0042612401083992335,-0.007084889862503108,0.009251228678718526,0.0005749053797394765,0.002201091741585337,0.0003326126725626821
2019-07-16,-0.013102951764019877,0.0025640802776041305,-0.005487409635871465,0.010711150131717861,-0.016405612055234498,0.0035503983365456904,-0.01491956408899342,-0.0039386995133967595,-0.004644481683776069,-0.0024598084861392477,-0.0032252701579473797
2019-07-17,-0.0059089582720633915,-0.005825949750577375,-0.00889098960147272,-0.009815844335712809,-0.004830188679078584,0.0004314436110548492,-0.005926511258999012,-0.02415702063410463,0.00976524918262145,-0.002950242184470264,-0.006804990326277016
2019-07-18,0.0011007558518272287,0.0004360186261460619,-0.007093266667670739,0.0059654355648099955,0.0015925982096327562,0.0021209246160016626,-0.008479067304119736,-0.006188757091066588,0.011671668808240554,-0.003930574570058187,0.0036609122053130605
2019-07-19,0.001466060695257898,-0.0136763013839315,-0.006764750492947003,-0.00985436469910983,-0.013326266373669404,-0.0037248787252849302,0.0020042757891154395,0.017569871747677768,-0.012384629872162045,-0.004478141349677944,-0.005554997824812058
2019-07-22,0.013248426291580406,0.006769475498290323,0.010745627430619242,0.006429452175629846,-0.012815593584689311,0.002521519867968447,0.0010668089085075216,-0.007267121779923724,-0.0017641729847460708,0.006591546786610447,0.002456506376781853
2019-07-23,0.0062125261869026005,0.007759763343499593,0.004462059900384396,0.018290014876743532,0.0015547263678095113,-0.012575888984871608,0.003996270147544889,0.021147589471044226,-0.009839510891204273,0.012610061501591385,0.0071500503523374
2019-07-24,0.01026635077891025,-0.007247071119932058,0.003168729850738572,0.0040391887251478575,0.0072958708482930845,-0.010979358805250805,-0.00013267878520173415,-0.04482259232428909,0.01331403762622596,-0.017477934108316107,0.00469953004709267
2019-07-25,-0.0037663445139033414,-0.00332534898536474,-0.01348953673762121,-0.009586578789909872,0.010325165664996971,0.0015097690941794362,-0.0057059447976705036,0.021226593889919654,-0.01156812339235147,0.012407720359509877,-0.004777070063612832
2019-07-26,0.008203152863613727,0.09620226420283551,-0.015589060805949906,0.004407570650976522,-0.002974374619163389,0.017380509000341826,-0.0016014947293928605,-0.013287803429606115,0.007417039927183344,0.012738853502926695,0.0066999999998469395
2019-07-29,-0.002193292768667976,-0.002714379788010368,-0.0157484367360593,-0.003183617278278983,0.01751701981232312,0.011069467445301795,0.007084614357478314,0.011585916340043356,0.010565568674829384,0.0027759705056009665,-0.0018211317505301139
2019-07-30,-0.004821669148631913,-0.01114475294732209,-0.007278621663311391,-0.0022442813980400045,-0.007066606526036412,0.03801724137871121,0.0001327316153767466,-0.011230105607283658,-0.009414324910761662,0.002681776893501686,-0.0024547203610573165
2019-07-31,-0.02907018168847042,-0.007980456025505345,-0.01672346499660271,0.0035470196387938913,-0.01408237431866688,-0.019682750602073806,-0.013138686129812838,-0.00962767957907884,-0.01060222551251433,-0.01527112721628554,-0.010940409683162233
2019-08-01,0.013135686504214927,-0.005270070595707943,-0.006138912994568146,-0.026379310345048035,0.0005375518354691078,-0.011097932903456287,-0.025551371706901915,-0.03706235285169934,0.014915286962560614,-0.008323476584845002,-0.008707931277909808
2019-08-02,-0.008402143995486111,-0.01275809140272588,-0.01729081775650565,-8.854258917823099e-05,0.005986645176206062,-0.002484365630214258,-0.009798509522304877,-0.017745879012150412,0.005469418813679239,-0.015593939126377077,-0.007529507529581592
2019-08-05,-0.03425858290703365,-0.03474822789906695,-0.03187183256181303,-0.029752944301391415,-0.006942854962601164,-0.028856063208944405,-0.02048780487664359,-0.02320539585696324,-0.015893287923753552,-0.012475318614035502,-0.030073132390036506
2019-08-06,0.01875803645736629,0.014141589087561357,0.012860242588364601,0.007848863739543077,0.004686539643164345,0.01061195613710697,0.00967558338078045,0.0035347307849018517,0.01610189858249056,0.006180132691118612,0.014022972306057868
2019-08-07,0.00438042913332759,0.004124397991386974,0.003115508745238804,-0.021733224667553563,-0.0042823277509843605,0.010850542527367057,-0.006482525367446312,-0.010648754914617253,0.006953642384162295,0.009258422906339492,0.000590687977990223
2019-08-08,0.026685393258866874,0.025750270004394782,0.02201962752314035,0.01693973896143608,0.011289455495478995,0.016620498615356638,0.02666666666731987,0.010266600429981398,0.01103960163410811,0.020181679867626867,0.01962009931572828
2019-08-09,-0.008495932032848152,-0.014334391762189092,-0.013808793762855265,-0.001092299290187837,0.002733900363904418,-0.005619891008147859,-0.02127659574529006,-0.02163579740980437,0.005854474492541728,0.00829020089505006,-0.0068115251005014255
2019-08-12,-0.01394234260435634,-0.012112036335575449,-0.012536097987364436,-0.01877164206216364,-0.0008330808846244153,-0.006422332591492164,-0.004799548277822918,-0.022281789244393946,-0.004757945308251799,-0.011919780745954567,-0.012173376311419126
2019-08-13,0.02069371824203059,0.01892720306447271,0.02208502341841645,0.015416047548238998,0.011293867960289639,0.010514522106398694,0.012350998133117352,0.019619602466934172,0.000789046183505393,0.011183022938800136,0.015551775609871088
2019-08-14,-0.030014430015010807,-0.027140624869424368,-0.03364504423517545,-0.04152185842318146,-0.02368460500600056,-0.012452025586575877,-0.04028940275203774,-0.03193008990851265,-0.003060940544661439,-0.030826838507486354,-0.029567595282928294
2019-08-15,-0.0022391401702197555,0.004354734807332061,0.00746471842809826,0.003816793892228665,0.002149547059242307,0.01381811900905383,-0.0059127864010265485,0.00034719208493450004,0.010187941942551015,0.016847118019501117,0.002641775273337421
2019-08-16,0.01832734889324872,0.00845790716076289,0.009261761592685325,0.023954372624135578,0.006281599509718738,0.015248317573594905,0.01561338289976999,0.010238611712709345,0.0017499424381466344,0.010691879473273769,0.014754962234036606
2019-08-19,0.016748696099336602,0.018003578665812148,0.013137562270929326,0.009004827329560872,0.006775274056131764,0.008894109749553847,0.016837481698635193,0.007987632053909177,0.006573805909806607,-0.0008305647841150288,0.012047775662064497
2019-08-20,-0.008308648219223946,-0.01408650161618985,-0.008116203775080932,-0.012696660226232725,-0.012476370510128287,-0.01114437790998668,-0.00604751619954258,-0.005879345603091446,0.0007763975166068526,-0.012425077656762484,-0.007662573119122218
2019-08-21,0.011146728835699005,0.0068016864816342615,0.012301679823246703,0.002795638803933631,0.007120980091915197,0.0025231286792761765,0.009995654063997828,0.008656895517417107,0.009720257380424924,0.01289150755340529,0.00813540625295417
2019-08-22,-0.0072771813526566476,-5.035331234293228e-05,-0.0103534882700681,0.010315026484563061,-0.001976735345567193,0.0018456375838840078,-0.0021514629940170282,0.001784500339722328,0.001627045106292968,-0.014695591322444357,-0.0003077449134892829
2019-08-23,-0.031862389316771544,-0.031841681214674344,-0.03049881972227464,-0.024834437085787697,-0.02696731926560514,-0.01758499413834469,-0.029897944516148134,-0.03248791246055649,0.001263423877794878,-0.02059659090898991,-0.025687508551313187
2019-08-26,0.015443436539940514,0.015256852579993874,0.011002389090202458,0.008017355215242494,0.007985594613272529,0.017047391749168694,0.005334123573443428,0.003156233561535826,0.007751239297843382,0.00974437998537292,0.011058451816826631
2019-08-27,0.002141011443222096,-0.0003073822977938123,-0.0039799419968681304,-0.010573594085591553,0.014397496087719786,0.010308414347604433,-0.009727339719880157,-0.009089320049777805,0.0017440300502498118,0.012343462453621834,-0.003923611111154357
2019-08-28,-0.0013260645348535105,0.002502519601828901,0.001373571797506079,0.01002458861372535,-0.007405121875803111,0.0070510161760550805,0.007292751897935323,0.013053448579921412,-0.007008615685464292,0.0011084508288996542,0.007041517063514968
2019-08-29,0.01888462673328961,0.017456869009154996,0.01255491001842124,0.022659176029583117,-0.003419334784081296,-0.0018121911037809468,0.011081560283488834,0.025335190667606255,-0.0003164700031961232,-0.005979007042110185,0.012773027796238345
2019-08-30,-0.001882421083307273,-0.003106578241556024,-0.005659426780116439,0.0058597326492000334,0.0009357454770917428,-0.00783957748813291,0.000730673680190419,0.010444085930386926,-0.009225759769366015,0.0065941899839518925,-0.0004443229204429411
2019-09-03,-0.013201798926246955,-0.01762240346809396,0.007628258899166296,-0.011833242307805025,0.0029604238082312495,0.00939865258228223,0.0011682242987534064,-0.016554621848879014,0.029578236261510904,-0.0015934844191342057,-0.005847153359331392
2019-09-04,0.011687738900397315,0.010875977941576132,0.006022884727126421,0.012067059690092696,0.0009321112318023683,0.015243902439273427,0.010647607936045578,0.017687772365509113,-0.006384110658551934,0.008246142933260536,0.011350347389337045
2019-09-05,0.017583375717385108,0.02530724792075678,0.02227010696315701,0.022754164012147804,-0.0021729008225901403,-0.0036523009491853387,0.014143455042687991,0.03266162888345181,-0.01923076923056488,-0.012531879342076446,0.01285539382398615
2019-09-06,-0.006783291681676351,-0.00484247518987202,-0.0039169455430484446,0.002135801370828583,-0.002877585938603544,0.0008960573471792355,0.00939234381662879,-0.0023579152773351986,0.0015012965744638507,0.004542013625933983,0.0007722785573782698
2019-09-09,-0.011358734723140529,-0.0008704158106043192,-0.0011780682952370336,0.024775774797272554,-0.009827626550626078,-0.005697078213073747,0.007895107854554606,0.03708231458868494,-0.0011356409558684888,-0.040914934172560535,0.0005032712634269743
2019-09-10,-0.010471204188534422,0.00035676653484939536,-0.005897288885248542,0.012738301560350385,0.020480504135962585,-0.01874437259482109,0.008113022798691194,0.023889980353330564,-0.008049479285899497,-0.01192457016123838,-0.0002347417842373245
2019-09-11,0.00029394473823884937,0.01186033009827736,0.001340254318749734,0.002738085051534167,0.012504824392145286,0.011594928261675186,-0.001942555847489147,0.021490521145288266,0.008894186687121497,0.011974927495692178,0.00711099184924846
2019-09-12,0.010285042609668116,0.012270491803805905,0.01127817486656535,0.0061438689307902195,-0.005641533887102201,0.012369093757311989,0.0006951202549068114,-0.010068374784592216,0.003090066345849962,0.020014791531726583,0.003463780183388332
2019-09-13,-0.0014543339150957513,0.004097265520172533,-0.0022836375471236847,0.01967602408603497,0.0026834317251225315,-0.005294453042648528,0.009169213670387144,0.015407969639932517,-0.01019298722580153,0.007114696152987321,-0.0006638122739285324
2019-09-16,-0.007209437809484132,-0.006774029661496428,-0.017125708134439588,-0.008899609082905102,-0.00948157210566225,-0.01940714051748882,0.01500550660885791,-0.004709224099643805,-0.0008238363312648156,-0.031497480201680195,-0.0030887774419615655
2019-09-17,0.0077752512289464,-0.0014208812709461949,0.008136782016107569,-0.004951325947950558,0.0010035510268733283,0.011774530271667638,-0.007595280075770483,-0.007360120164764172,0.017910311027404147,0.029409031778698358,0.002531982942212796
2019-09-18,0.008224761627334765,0.0022522522525960653,-0.0027927903212531247,0.010036265497660901,0.00570679416959452,0.0020633872562871858,-0.004783381166563072,-0.008322614814436191,0.007560075599357452,0.00022566231875420506,0.0005981656254512302
2019-09-19,0.018408894022117872,0.0049486877865678736,0.0022228824843462114,-0.003173012691906618,-0.0023004370827061082,0.004035911374619339,-0.006728920626503432,-0.007248035400731934,0.004466279589548927,0.0029780705712725286,-6.642311524795996e-05
2019-09-20,-0.011554547387751968,-0.007192734611892515,-0.01500960746637392,-0.00402077399966283,0.011836138651399208,0.0027891714520873467,-0.0034563804795586517,-0.0150630187518489,0.0036460649181044857,-0.003284146122139897,-0.004704334395974286
2019-09-23,-0.0021514629948794495,0.003943602419605119,-0.004938244080795462,-0.00016820857798871547,0.000683630840166094,0.008017015706684116,0.0006936736968914392,0.002028714107328522,-0.0019493177389848793,-0.004919882645001761,-0.00023467882529382145
2019-09-24,-0.012649130371928607,-0.01325028954542562,-0.024472077521985103,-0.013038358008042206,-0.0014422347048139716,0.003165070605452458,-0.013725218356562263,-0.018922286248863496,0.014337713067491986,-0.00022679851204920887,-0.00784681935545195
2019-09-25,0.014412578250083019,0.022662168706579555,0.01534212596390705,0.0057103894987644566,-0.00425693652601844,-0.004773076611773397,0.002951925780562137,0.004921025478405783,0.00376351144407705,0.000998139829966771,0.005914759860733643
2019-09-26,0.0012916188286524743,-0.0029295150659660596,-0.01611124620404558,-0.008220338982548925,-0.016337124972032102,0.01048609982134363,-0.005325858444298448,-0.0017376194613765161,0.01024545494281881,0.012056383991660313,-0.0020831933338795183
2019-09-27,-0.012971191055977216,-0.013153128495653532,-0.008270875482803142,0.0058959241214548985,-0.0019402405898600872,0.002091545330562994,0.007186134987335668,0.0015824036717073664,-0.001985154497002317,-0.009987012405770601,-0.005387205387339944
2019-09-30,0.009438756987723451,-0.0039234879071538,0.006062186675939829,-0.0002548419974911509,0.006065318818087251,-0.0015252468493718307,-0.01217123670988407,-0.0022118650766083103,0.007480757587540188,0.008866371121313943,0.004637779282422372
2019-10-01,-0.01409767676008411,-0.01239825081515189,-0.00014977735020826888,-0.01818336307209034,0.00471479363171623,-0.004261135231030666,-0.023509417930420717,-0.031193096350525806,-0.004120348513224514,-0.024249526728574944,-0.01189473329523294
2019-10-02,-0.01765521266494685,-0.023283582089282384,-0.0129173508483853,-0.019904803116058134,0.015462727901718987,-0.022365765037950958,-0.02610587382156815,-0.019694369534306033,-0.01258457957943937,-0.027762379896644984,-0.017664711499039698
2019-10-03,0.012105458596283869,0.009771461558594652,0.00653152232916776,-0.0014128035318892174,-0.006136363636374598,0.005450941526238262,0.012360387194378042,0.0006668889628280716,0.0046265985775644225,0.0017104575476190043,0.00819273762402406
2019-10-04,0.013501614323563338,0.01810110725319003,0.00883195509214696,0.021659684463579687,0.01882765454713664,0.01856415311265991,0.014563106794966751,0.00833055648109382,0.014858582786042351,0.014466631883456094,0.013532125886583035
2019-10-07,-0.007240081089051054,-0.002237893902771515,-0.004018049607679819,-0.002181120223392452,-0.003740834954412242,-0.009354838709201063,-0.013774104683222932,-0.006526768010674866,-0.004452245387661868,0.0003740415186577195,-0.004314591472681095
2019-10-08,-0.01057467911339538,-0.014996896336487597,-0.01566954855540037,-0.02229605665784673,-0.009912886753131067,-0.015548681211127624,-0.019406057041874147,-0.0189604989607427,-0.011094388302655522,-0.028977378949295418,-0.015524771393513492
2019-10-09,0.01894302351284538,0.0103097980893887,0.009662798810913031,0.007243784653458318,-0.019872572815663125,0.00868270900521284,0.011094452773202867,0.012460795118078405,0.014741053180243657,0.01915671929117546,0.009496412851541125
2019-10-10,0.006221064815094213,0.005879906851995909,-0.0010046515949569956,0.014028234040875498,-0.0012381984204894447,-0.00032792261061864725,0.012010676157675482,0.027210314801906055,-0.0058279053828251826,0.013837725512298338,0.006763484052458413
2019-10-11,0.004169662113364447,0.005159284645282813,0.006778045179216985,0.016898695386382112,0.01758871842543308,-0.006970641299191005,0.010695970695351775,0.04654006031449298,-0.010603448274875249,0.012204779428855339,0.0103669349341029
2019-10-14,-0.0009306987396912048,0.0016944830603917715,0.0026040463762759813,0.002669192353532024,-0.0046447879393216596,-0.008588653067391316,0.0028993911280765783,-0.00015576323939092696,-0.002788185066061599,-0.015785355975529436,-0.0011138112598098049
2019-10-15,0.014475098530821962,0.02009410643907783,0.017823926101253607,0.030141691713026164,0.01621787025711452,-0.023740108288505368,0.0034692107536244965,0.020641844523826114,-0.00594145915306199,0.006359300476683316,0.009900321000114065
2019-10-16,-0.008193826375207158,0.0006117980430730974,0.0056863832339395515,-0.0023341113702262106,0.017539897621039025,0.002815699658180515,-0.017142033995077965,-0.006410745630991865,0.0104157510777807,-0.004692872409425508,-0.001605995717385067
2019-10-17,-0.005127839897846376,0.007884151246432713,0.005654231108960683,0.00559826203228142,0.007398091292549758,-0.0013111545988468976,-0.0013190678586100235,0.014440433213076087,0.00513244313043093,0.0007469305822371819,0.0029490616624572308
2019-10-18,-0.01632185553728216,-0.006696998722176439,-0.016766621164991946,0.0017449106772671197,-0.062201659690100275,0.007202263568645284,-0.007778103904898526,-0.002498674944725332,0.006014972520061779,0.002379064234772521,-0.0043771718794007874
2019-10-21,0.007423040536081116,-0.00010446717708012532,0.016016978566266937,0.024800928997284144,0.0025058731404346,0.013705626968851803,0.016713503921388817,0.011628796572621614,0.0013764624915353352,-0.006422189129112521,0.006779205960270485
2019-10-22,-0.014881167377457705,-0.0024753270968068675,-0.011161139298634604,0.010036422500991238,0.0092173097952426,0.026032919046377945,0.005091649693878431,0.011041367314172712,0.014776632303887594,-0.03058548009357198,-0.003266775558853907
2019-10-23,0.0063797022809994886,0.013237189815282768,-0.0020161632865726142,0.0026444426636540452,0.005417956656796008,0.006711409395386392,0.009552757273032064,0.012341985189277649,-0.0010159160177095616,0.014929699956490516,0.002909601685288754
2019-10-24,0.01967356455804703,0.0011768167108667793,0.010560842597479247,-0.0007193094621269491,-0.018475750577425232,0.014552845528933211,-0.00946236559130953,-0.01100930988565263,0.006567796608800025,0.006712367894930571,0.001633986928306408
2019-10-25,0.005645276547052047,0.004121959162664002,-0.01092218016824087,0.007998080459894918,0.006666666665995136,-0.012340732430797585,0.002315819944378905,0.04392977213270832,-0.0028204588510511996,0.008464557620189161,0.004094949562239769
2019-10-28,0.024586086832828702,0.019520683382159953,0.008942106249254733,0.0038086169965279026,0.0064666926379388645,0.001866125761097459,-0.008808664258805221,0.0023616975596771894,-0.015408645727332804,-0.008346619150330081,0.005636604774447385
2019-10-29,-0.009431999444775574,-0.02197086068159748,-0.008086298872307496,-0.0006323610781129307,-0.0004644681838605891,0.0009718172984973794,-0.0029137529139648954,0.00906754248145436,-0.0027011962443214133,0.029979194250105756,-0.00029673590502909963
2019-10-30,0.012462367849838563,3.172941153661846e-05,0.009803087291726964,-0.005536660602629251,0.028810408921415176,0.01084142394764509,-0.010520163648156555,-0.007004882190104089,0.012295786759617844,-0.005004131851837235,0.0030671811615339273
2019-10-31,-0.008574787359125868,-0.001507099230220521,-0.0018707970269495888,-0.006442376521667459,-0.0060222824447649925,-0.0034416519923790023,-0.002215002952493994,-0.01809890266508829,0.012231376878489186,-0.016010704563489186,-0.0026632471886571807
2019-11-01,0.002441235962941546,0.010684779155235802,0.008318980559026468,0.023054755043826924,-0.0063617085731354495,-0.005140149385745696,0.030042918453704992,0.04854862118980985,-0.011034656372352014,0.001406733564848217,0.009263838063998442
2019-11-04,0.0057751182853729155,0.013645116918479694,0.007379538248559747,0.007981220656952726,-0.007393292683063435,-0.03875030273695046,0.029741379311972294,0.016817772856094093,-0.025921683425093378,0.00402697134292751,0.004017769647906455
2019-11-05,-0.0006226219299931834,0.001419033661052227,-0.0016346569436903602,0.002173575531534633,0.001458957229611313,-0.0014277315868478357,0.019813031951923854,-0.0037435338958959896,-0.010844947736271981,0.0100736871562781,-0.0011061587012222152
2019-11-06,-0.0027689325765465345,-0.00033296165477192385,-0.003296867975423279,0.001549186676841563,0.004140469253498091,0.011942809083443473,-0.021890819537287443,-0.00601216096193713,0.0016731980099433663,0.010481115523152118,0.00022799075011747938
2019-11-07,0.0013883104262388812,0.012339176303350019,-0.004215461890999417,0.005413766435503176,0.0035888821005645166,-0.005817819149175785,0.021261714925183695,0.010447453433282128,-0.019341509516751842,0.039890335846068714,0.003516769781648277
2019-11-08,0.011784278386479885,0.0015762008977833197,-0.0012973940275137208,0.002923076922325629,0.011945522331668013,0.0006687844849648794,-0.01876455280178979,0.007822597102728368,-0.004527320810546853,0.027638632569050303,0.0024660912455274353
2019-11-11,0.001027678816134081,-0.008189457601320171,-0.007968060563979695,-0.003528148489142846,-0.007669172932107782,-0.0030910609861075633,-0.0060760209125655384,-0.0010799136071191207,0.0006304034582755857,0.004960020524372277,-0.0019097559396453745
2019-11-12,0.006570392169828576,-0.0008241673603701649,0.0035842293906811484,-0.005849753694004534,-0.004773450523017475,-0.0005028073410646705,-0.01379016206946293,-0.011216216216354158,0.004500044998749564,0.008424456451973095,0.0021079941623289855
2019-11-13,0.0016318759773137348,-0.0007940117642278866,-0.013998875140607492,-0.005264787860423392,-0.0006090597635919348,0.011570386517776976,-0.008216808419454824,-0.012641793084745223,0.02101066212702274,0.002151807940628636,0.00032362459561130485
2019-11-14,0.005091304052780243,0.010006326282801181,0.0008499181454673099,0.0009339975092477193,-0.0023615449074001482,-0.0012432656441259127,-0.004360465117238754,-0.00726693888837715,0.008599885920743677,0.002778713371871744,0.001455839534056258
2019-11-15,0.012900175604885877,0.018630409042833307,-0.008611649378775788,0.007231726283498219,0.030390959071281642,0.0003319502078482639,0.010072992701972705,0.013036809816228123,0.006742941663349766,0.011503904609494464,0.007236310773884647
2019-11-18,0.0024671600983092734,-0.01027340762052309,0.007496450108939845,0.008415038987428458,-0.0008151771162330235,0.011199601791194835,-0.009683480272220768,-0.011836762783528298,0.0031976492939098655,0.0011207039685141584,0.0007376759995583182
2019-11-19,0.0003325794865036702,-0.005493090071996387,0.00014835694681414324,-0.00030623181837197144,-7.416746953770037e-05,-0.0038559356794948263,-0.010215995329458605,-0.0028553520438210356,0.0021536871125529267,0.0004975330652836618,-0.00028844304850761393
2019-11-20,-0.0017288383537898966,-0.008174677546012421,-0.004141967948242509,-0.007275233573258988,0.0083073727933205,0.007165211661637638,0.0030964317307400346,-0.011593798016627632,0.01100318060799843,-0.014131200530588361,-0.0037187830603070404
2019-11-21,-0.0009357037824295755,-0.001321186609753,-0.006198690369114246,0.002314279102293426,0.0036780932764943763,-0.015945702837554254,0.024107011612550133,0.013001695873869012,-0.00034010713378085367,-0.0010928961750071853,-0.001608906908642349
2019-11-22,0.0007358843991711606,-0.004976387158018625,0.006346882187800773,0.006618948664472102,0.01194664321254657,-0.0004154894458102687,-0.004306014065326158,0.0036272321429586807,-0.00748490261195367,-0.0001683218313636159,0.0022238695331100455
2019-11-25,0.010963299685463168,0.009252746062362593,0.016107966913365246,0.0053520911393114545,0.000434562178540876,0.0018289134587636813,-0.0066311085491701505,0.01765360022174267,-0.003513582998037723,-0.0120370370371371,0.007750192950856105
2019-11-26,0.005289955697072024,0.005637082197611498,0.013022595048031382,0.0013689253929747291,-7.289692359846445e-05,0.014521616463468279,-0.0024669859238852787,-0.002253790465877814,0.0101479188176683,-0.0014484110076133927,0.0022656923126804784
2019-11-27,0.001907518252580287,-0.0006626047211455433,0.012003739690807702,0.002961950330760521,0.004228329809721432,-0.004089645019118682,-0.0005819028217032285,-0.002738038194991188,-0.0025540609571753636,0.006996587030632995,0.004457463066582346
2019-11-29,-0.006171218487363905,-0.006127441641918918,-0.009738742157040625,-0.0022716946844622,-0.0018874773135514333,0.0024638633380937858,-0.00829694323228336,-0.006589333516855755,0.0032179173647031156,0.001228605321044407,-0.003708634461581539
2019-12-02,-0.01208878319451856,-0.01167864181177114,-0.010661928031985846,-0.0022009714632756916,-0.0009455233114488149,0.005407176798155833,0.004256568325869958,-0.012229669038552049,-0.01099136087703445,-0.022680150636820717,-0.008494798129381143
2019-12-03,-0.0016048144436081602,0.0045621712213919086,-0.006533453075886819,-0.012854643644803265,-0.0014560279553431643,0.0018741851373471619,-0.007892429114060295,-0.02028539451596756,0.004237837838811487,-0.005541845261000322,-0.006706456167341446
2019-12-04,0.0036166365284795443,0.018691011323291207,-0.005237406495062102,0.019725689628490972,0.016185476815139488,0.012850752338070981,0.011343547436829082,0.0004283878333595226,0.008741334021972413,-0.003352344464462309,0.0061702471329332376
2019-12-05,0.0005338672001546918,0.006080640514066538,-0.011478454469554422,0.005440531963491146,0.001291433491084737,0.0007227174171242634,-0.003495994174110839,0.006637168141501171,0.0012806283615711678,0.006727240957396852,0.0017979836895871681
2019-12-06,0.012138998199204831,0.009367275577202738,0.006389042103327691,0.01488050503519256,0.0058756090577753994,-0.0034504894874648473,0.016079520538192282,0.011839773130714937,-0.0007247612548696436,0.006812462032588451,0.009134029869999338
2019-12-09,-0.0025700164741248033,0.002687790710202753,-0.0011931947933317977,-0.004665284360391375,0.0008548226242452994,0.005475481117209746,0.0021579628825438846,0.0007707399098135781,-0.0005119672348744553,-0.005214842908170314,-0.003144154730361559
2019-12-10,-0.001519556025779023,-7.446071815109256e-05,-0.00588736274728352,0.0006695930363886937,-0.0036298932386064076,-0.004804997196875105,-0.00861326442718302,0.0002800532103632847,0.000768344219377104,-0.005718741877029476,-0.0011150758252936877
2019-12-11,0.0037715873751487106,0.0010127411777913764,0.005467999839007476,-0.0023791821567878957,0.007071933709483114,0.0031383278345593624,-0.0014480162174503874,0.007909288164442474,0.005672851354085573,0.0,0.0028386438299856653
2019-12-12,0.010151615029970307,0.0031541751910157956,0.006639141772267543,0.028618273961099172,0.0025535536953802396,-0.0007219637419637603,0.020011600928572015,0.0193055555548165,-0.007973534651661507,0.012636165577468939,0.008619044590100433
2019-12-13,0.008418167580427793,-0.0012013437251324754,0.0003465259354780148,-0.008766845384940325,0.0002830055188716152,0.0072248534961898425,-0.015780494740428308,-0.008516146613537279,0.013039760581665671,-0.007142857142784842,0.0005991233876607716
2019-12-16,0.006471235358692873,0.010268251575960452,0.004696355355662263,0.0038739858195848687,0.0028999858536653544,0.0007173029415257215,0.011122345804021494,-0.0011681440251692932,0.010635155096162974,0.01603536447957077,0.006870036556113179
2019-12-17,-0.00540088728853938,-0.004269861101263928,0.012124055369345799,0.006116207951336827,0.012483249876124924,-0.0019910799619198283,-0.004571428571151337,0.006948266372764911,0.0014615609460124634,0.004990615935750453,0.0002190923317955118
2019-12-18,-0.002068653435805534,-0.0021994405450980192,-0.0037025454301766736,-0.00101317122626976,-0.0025773195873093346,-0.010374271805939528,0.0027267508600667956,0.005124000820195818,0.0019598031873837574,-0.010610755061228327,6.258409733916892e-05
2019-12-19,0.00868044309077387,0.0033508147732792537,0.0046243616979535496,-0.004998551144318464,0.015084852293936635,0.0073381178937312885,-0.006869901244757837,-0.014274061990732778,0.0014981896857904076,-0.0002144910131069988,0.0040990018463265
2019-12-20,0.010917731680938125,-0.003848308807793077,-0.0032249425313009006,-0.0008008736800811933,0.004884760921708864,0.0035222542429407255,0.00792621415202377,0.017583781547967137,0.008560149594726951,0.008324036728826423,0.0043627298222255195
2019-12-23,0.0,-0.0004366424425692461,0.003638399104394008,-0.0002914602165240421,0.0026016705467184487,-0.0036694320356698285,0.005004289391687955,0.006302093921438212,-0.016192163486513866,0.0005957446809294886,0.0015277647867308897
2019-12-24,-0.00019058509653091527,-0.004590450382403133,-0.0021137757947574665,0.002769679300454797,-0.003482655012458369,0.0025620496388383263,-0.003841229193226492,-0.006868686868762075,0.007245162911225123,-0.0003827507015098375,3.113131186260887e-05
2019-12-26,0.008196721311635402,0.01341832598252446,0.04446655227726204,0.01061200755949554,-0.0006852600555937727,0.0,0.0015709797201037823,0.005017629508989874,0.00602885534967057,0.004382046372937154,0.005323288609253574
2019-12-27,0.0018276926958209483,-0.005746915528321739,0.000551164669809534,0.000719217491728763,-0.0005485839681449445,0.006947771922017898,-0.0034222158855362617,0.0004048036705861513,0.0022731029911118306,-0.002499152829628981,-0.00024772403533779297
2019-12-30,-0.008618520382950523,-0.011021378374104773,-0.012252647341961742,-0.003665373005886874,-0.0030874785593730802,-0.012847965738852829,-0.005866361424138211,-0.005125438359884993,-0.0050307203811901235,-0.0006794343709756179,-0.005513225546787681
2019-12-31,0.0006980138339627295,-0.00023885766291387167,0.0005143782250160989,0.0055543533142436985,0.003922918100621731,0.0034546477066477177,0.004317789290888996,0.0010845986979179933,0.0036056197931912948,0.0034844686184947182,0.0024293011089340233
2020-01-02,0.01851616994288463,0.02186816386573409,0.027150619101220963,0.012123385939617926,0.0006855419211153624,-0.01192954363499843,0.01605044425432678,0.01929848320703975,-0.014618434093834676,-0.016383675900893846,0.009351892127149819
2020-01-03,-0.012451749471195872,-0.0052313177665689325,-0.012139029825975478,-0.013112197887640176,-0.0115777214494871,-0.006725548983296914,-0.008039492243407498,-0.013884275559763903,0.007124298046673916,-0.022237604914736697,-0.007572259673152448
2020-01-06,0.0025847938470160425,0.026654033727818494,0.01488557150247738,-0.0007951424028935783,-0.001247574161265197,0.0013868494038771217,0.007678089008731126,-0.0006736728642989798,0.00499334221205916,-0.00044247787636941815,0.0038150181446252596
2020-01-07,-0.009117776520262355,-0.0019315929922611996,0.0020915664676699475,-0.017000651088858842,0.006106870228856032,-0.006191446027858483,-0.008183998870439524,-0.013212889308011455,-0.0008694932109922782,0.00424966799473081,-0.0028117661599642574
2020-01-08,0.015928417311718235,0.007117718316957511,-0.00780864877337617,0.007801000883254083,-0.00013795006179118108,0.004262644479062994,-0.0150803812783189,0.008880994670873665,-0.0004558451777845196,0.005421846072393155,0.005329532426322059
2020-01-09,0.012492972703257887,0.010497921766571938,0.004799230431772106,0.0036512341170407137,0.002966335540491194,0.010937882621249173,0.007655640617644455,-0.00250541711766028,0.007835820895634393,0.023718707528098903,0.006780705809828147
2020-01-10,-0.0046270590416662705,0.006458701639075803,-0.009410588885089721,-0.00996798602977833,-0.002269757205013989,0.0009689140090314297,-0.008887614677642097,-0.008010318376498127,0.0018923032624407199,-0.0064239828696924794,-0.0028776978417281995
2020-01-13,0.01202429651717285,0.007746892844922693,0.004322521718812977,0.008304549129159566,0.004411967461708022,0.007340485601370794,0.009545849002172035,0.004721823034268713,0.011701909259134835,0.020948275862028076,0.006877283472981555
2020-01-14,-0.007043116119497261,-0.006555418984182104,-0.011558187490086191,0.011661807579532946,0.0056280027452488834,-0.001521460602254332,-0.008595988538637633,-0.0009535485629529328,0.00539772727258736,-0.009879253567361301,-0.0015246226556940856
2020-01-15,0.0064762844629802085,0.006018495865953266,-0.003969103046901679,-0.014985590777282343,0.003344253344704118,0.010185259443881378,-0.0015895953757466552,-0.007567493863662844,0.015541113308846555,0.004008186934806757,0.0022598870055292597
2020-01-16,0.018323323936492386,0.007615341856460844,0.008549854459135808,0.0038765359855792436,0.008094687435796555,0.0008732931092150231,-0.003907946157068576,0.01579995878213447,0.0027426663471890045,0.0013165718172554186,0.008318352174145671
2020-01-17,0.005596678100833863,0.020246041816088356,-0.00703962852913298,0.006921675774134162,0.006545209177007738,0.002696914412414486,-0.003777971521388812,0.006356935146095477,0.004479327704363101,0.005216948721138426,0.003112534751507523
2020-01-21,-0.003590664273195654,0.0018451930358986957,0.014629542236904047,-0.009840810419571966,0.0006703760812032389,-0.0025314452971256785,-0.014294049008048093,-0.013059953985472439,0.013772691398608039,0.0007594936706465383,-0.001958126223805201
2020-01-22,-0.004804804804578122,0.0010929330409192861,-0.002399577167018885,-0.0011692487576089317,-0.00683325517551181,0.0017447854703365184,-0.0057709381476573895,-0.022077476859834078,0.011717077347007887,0.0036259381063632468,0.00012073649256261199
2020-01-23,0.006155703078119412,0.0005526090553276131,-0.0015258601506787928,-0.001024290312975018,0.0018887015178450373,-0.00454516665328164,-0.00625093019732148,0.0008413377266576205,0.0006925740680012726,-0.003150730969492921,0.0011468582120384152
2020-01-24,-0.010076775432334983,-0.012473984468172272,-0.012172473442358611,-0.024827889263318914,-0.0014138557870155832,0.001200096007758944,-0.0067395536922536525,-0.01660245183854847,0.013995693631506878,0.02806692233135122,-0.008893042324719769
2020-01-27,-0.016723218613682866,-0.02348977267264918,-0.01788745407275294,-0.008411565903546525,0.002899137001552532,0.004395077513472012,-0.023823884197670675,-0.03312437669241064,0.0114515395116348,-0.04295962287395705,-0.016029443075773586
2020-01-28,0.01959576041472566,0.013110013759380257,0.013624380585667728,0.018177686889250255,0.005042016806772853,0.002705068024492663,-0.001390176088236883,0.0074412436459772024,-0.003486541201138005,0.012763952542462764,0.010479134466836237
2020-01-29,0.015592892541659076,0.004274388142007091,0.0025630648860111016,-0.0014877631482468345,0.006956521739178045,-0.007696580179260559,-0.008352668213209458,-0.007020623080041588,-0.00018810428411264457,0.0034679636284604687,-0.0008259659213046833
2020-01-30,0.028207569626280904,-0.001681883710331178,0.006824542518837573,0.012366833048299108,-0.001195695496129523,0.007116584038990625,0.010606769613550782,-0.003019590514624193,0.01569084888686101,0.01744847641919689,0.0032453615821395054
2020-01-31,-0.014758652621859158,-0.014763623859878061,0.07379134860050884,-0.025976893075220886,-0.00990955041257946,-0.010559745930305842,-0.041210063281110765,-0.02969638767792193,-0.006409069019430058,-0.011184292282708452,-0.018157958984054368
2020-02-03,0.024378781648563663,0.03477156297514572,-0.00225018917519626,0.0076307041396350694,0.008732451131516772,0.003931953137604083,-0.022376046360668367,-0.012028930339121335,-0.005182699476453001,0.018013489170894292,0.007428589189480972
2020-02-04,0.03291661887818731,-0.025084311344858556,0.022687356551242432,0.014396041088808431,0.009522541120333683,0.004396131403706205,-0.012514408035353197,0.028820220389875528,-0.00850792699031766,0.01678943253380827,0.015241268666013053
2020-02-05,-0.0012214079501238206,0.0004427809404696781,-0.004781257470714895,0.01700051740733266,0.01576517150377854,0.00915167913477144,0.04602301150460031,0.029435997303752348,0.00820291827255315,0.012910275608086552,0.011548045949028918
2020-02-06,0.020733740966841996,0.020690847480586028,0.005078755018702141,0.00014535940121929158,-0.0029872069615426433,0.0026023184289427626,-0.013550135500399962,-0.0013824214204716245,0.00607401297323884,0.0031165095091463257,0.0033647779848802184
2020-02-07,0.001415890649681062,0.002127414515172843,0.014169141998702672,-0.0031974420468354747,-0.010681951409924006,-0.008337266005778332,-0.0066257272150525015,-0.028269581055891058,0.004509372788204624,-0.0045407472315498465,-0.005329660458816554
2020-02-10,0.026156941650283372,0.019978230151752818,0.02627351775614639,0.004155427572321457,-0.00019751135649304086,0.0007138324871687196,-0.010411582885331172,0.007123041163091148,0.008162053869056107,0.007162291933372034,0.007465382299850498
2020-02-11,-0.022575516693281172,0.000927975819727811,0.007915047963597432,0.0018876143454409355,0.0008560516263056428,-0.01593088689891764,0.009506337559037625,0.013921977367881144,0.0015087951712404735,0.00278097810952449,0.0017329986853606982
2020-02-12,0.0014638906960560139,0.005675271180549224,0.004277478147665992,0.0,-0.005921442200519933,-0.005718427834665141,0.012225342804643491,0.024965122255625083,-0.006944699614288452,0.006695455806213335,0.006442760842368278
2020-02-13,-0.005413892046879254,-0.0034504783911919468,-0.004689814814814786,-0.0008695652171281099,-0.006618571712027066,0.012231672742031297,-0.005549208421480989,0.0009312988036136449,0.01927773255390841,0.003069657614912069,-0.0010669195663965958
2020-02-14,0.00892711338494645,0.003528502236094244,-0.006977166061203688,-0.003046127067386495,0.0002665067628575546,0.009443021766256887,-0.00459543738695023,-0.01238190667058059,0.011071986060383399,0.004433458882771024,0.0016020886489962471
2020-02-18,0.010142972754197954,0.00046749586897743,0.009742982008272172,-0.01324021533497155,-0.006594284952977203,-0.010068178214782009,-0.012695795548724909,-0.010218131748587544,0.012638230647628701,-0.0010546463027749642,-0.002577014218083429
2020-02-19,0.002990973668891561,0.0035736850411758336,0.006749641642737503,0.013639044529818456,-0.001341021859099567,0.004564747337908903,0.007682030727764966,0.002050080538630761,-0.026131045241749917,0.00031281770548519106,0.004781278769298014
2020-02-20,-0.015271251601804203,-0.005167653635921421,-0.00788860115564316,0.0,-0.0038270444475644316,0.009088010203544439,-0.007954922107686557,0.0005114715773524292,0.008592128736129467,-0.0016417793763686683,-0.004108293432502519
2020-02-21,-0.03161262335943171,-0.022102980244194104,-0.026533834935674072,-0.012219070478476035,0.010514254903358555,0.0009480170647422348,-0.012195121951760979,0.0020448404291690814,0.0020214417213340052,-0.0016836335159556848,-0.010298263837345112
2020-02-24,-0.04311551598660912,-0.04287274345096459,-0.04135555375315492,-0.02687578234266197,-0.020476222237083008,-0.026835043409515813,-0.046845932689647096,-0.03673201661737824,-0.013148888648787715,-0.03702396360347171,-0.033165407220738796
2020-02-25,-0.01650184329091864,-0.023622047243120226,-0.018190505103792942,-0.044642857142993764,-0.00863546021468442,-0.015166261152075311,-0.03832505322979107,-0.023984262691275737,-0.013178068188802072,-0.04089113346630657,-0.030302090440988416
2020-02-26,0.012494793835754026,0.0029935368447517874,0.0034723278282997594,0.0030096626011706373,-0.0067058416873304605,-0.010458700485978523,-0.021955719557398612,-0.005813953488953416,-0.00318129693353264,0.00012739394441818597,-0.003678234447582085
2020-02-27,-0.07045895281206938,-0.054312570569914675,-0.04813623022949198,-0.04161402400505654,-0.03173719376332751,-0.05542609853519054,-0.0601773250339821,-0.038830409356148676,-0.0453482762474019,-0.04853091032594814,-0.0449117174961291
2020-02-28,0.024212921987773584,0.01847979010653633,-0.00029188558085235794,-0.04333855153706001,-0.03335250143771851,-0.0023788546250826936,0.032517061422308924,0.007868905654319525,-0.012077389094675262,-0.01999196751324872,-0.004201539444058544
2020-03-02,0.06653910252445772,0.035146537241842024,0.03726609157266103,0.04659374730944155,0.041195716835312535,0.05590391239080139,0.047433903577360326,0.02704443013468194,0.06167906314336591,0.050270934839002246,0.04330655505303782
2020-03-03,-0.0479194397824354,-0.03505684113416718,-0.023009800660201196,-0.03752468729464442,-0.03163833738057553,-0.01162596186071152,-0.04788418708262776,-0.02523510971793186,-0.011924725171960637,-0.014264036418578652,-0.028632437154154755
2020-03-04,0.036715093307899016,0.03280208115244232,0.03501327927333309,0.024709302325813365,0.05819013201553025,0.053566895151167415,0.02183235867344613,0.02428043093784016,0.06437865359207051,0.043279380717712757,0.04203304023439647
2020-03-05,-0.025095279976877105,-0.04837869137202655,-0.026216830395327517,-0.04906132665834673,-0.010245330359848981,-0.023052208835332433,-0.04406714994202676,-0.04262166405070167,-0.021472610020891403,-0.01349072512660865,-0.0332417055551506
2020-03-06,-0.028267276117222684,-0.014466518603700407,-0.011922891015212822,-0.05168026673746928,0.00014083515284646353,0.00024664967487275646,-0.04829375374217881,-0.004591292940334668,-0.015715527230721338,-0.018333333333141577,-0.01653111155196385
2020-03-09,-0.06777248251542078,-0.06170219334171423,-0.052853889084683026,-0.13545521835654717,-0.039357882137807665,-0.04602991944678836,-0.12224785070101263,-0.14282184334139236,-0.038775660363307374,-0.10691741761354234,-0.07809453371880692
2020-03-10,0.06838401274789607,0.04884067149855986,0.05065505578664986,0.07769691780826249,0.038111990618758806,0.038686886092655914,0.03702818920192641,0.023253579322157103,-0.021241579913691022,0.04596636607334381,0.051744885679813724
2020-03-11,-0.04530201342292117,-0.050401122988186886,-0.03750885390787695,-0.0470705064553385,-0.06947190059332853,-0.07432600580689519,-0.03294171849800953,-0.05446520800040411,-0.056583115004654294,-0.03159660732598524,-0.048748353095874886
2020-03-12,-0.09483824773812399,-0.08204641175944394,-0.07922080775018403,-0.08243017924052143,-0.048482549317091284,-0.08737342055679975,-0.11434016198279784,-0.08372231601964941,-0.13417060432670913,-0.09658325312771943,-0.09567721242174876
2020-03-13,0.14216884797909035,0.0924114974576975,0.06464830819331868,0.18012492901729793,0.0708077505780762,0.12009033778400613,0.025282409896620006,0.0799913288533014,0.060653932691106416,0.09923826772449584,0.08548627624816407
2020-03-16,-0.1473902915067986,-0.11634150559540923,-0.053697478991596714,-0.14964873448235128,-0.05331744731540755,-0.04882966599405325,-0.09522560335873098,-0.06252509032527909,-0.09112655714064577,-0.1260418685789091,-0.10942373384784931
2020-03-17,0.08233643479560016,0.041994408201033506,0.07026611017375606,0.06111362607553805,0.07441201919340612,0.08976958525365886,0.06726587416729735,0.07269029011823047,0.1012563937029618,0.1372331577487198,0.05399207838218323
2020-03-18,-0.04209592686091401,-0.0240326994966652,0.01225772192229413,-0.10526877133062784,-0.011933523684879321,-0.006681326116608766,-0.1002444987747878,-0.0007984031936781877,-0.05014430014376414,-0.01721111652826668,-0.05063291139248749
2020-03-19,0.016452991453026256,0.018768500444005243,0.027830601092896146,0.016807724400519142,-0.05860995850568107,-0.05636441038746287,0.03955314009270827,0.028865361566649428,-0.016805924800901484,-0.05223991665433647,0.002125000000171351
2020-03-20,-0.03755868544577634,-0.039094335549021086,-0.018522752042872348,-0.021101992965199434,-0.05635576544655174,-0.07579175313506392,-0.04908510020306234,-0.07290554315118247,-0.07411878319598986,-0.0098932160806523,-0.04284412706351537
2020-03-23,-0.009974517655949255,-0.013180928843375295,0.030735229593356728,-0.05353293413224436,-0.07298356827083119,-0.04617787757516478,-0.03940134392207839,-0.03821989528736869,-0.05262059974044109,-0.06566217287839982,-0.025568181818223845
2020-03-24,0.09089571995927659,0.07198353144281322,0.01958661572499909,0.11894217385865491,0.07234119128958016,0.05701125895535797,0.12686804451581257,0.10332063146391945,0.13690410657441165,0.10009619193101327,0.09060327427672488
2020-03-25,-0.009572603478977815,-0.02512367147306782,-0.02796763053450846,0.03731765237918716,0.0018459473067236054,-0.022755882636958047,0.05220090293406332,0.03285968028448827,0.01810874933392559,-0.016819257278074318,0.014970183014585636
2020-03-26,0.06255104818944668,0.05564532234415531,0.03693314385101609,0.06966096151817758,0.06005025125640118,0.06401109789904424,0.04102976669343761,0.055698863093310846,0.09906310933588491,0.05330891969633833,0.05838972405715093
2020-03-27,-0.04106079046831468,-0.04528256457872781,-0.028325381362216184,-0.0712392988177305,-0.026941613336000425,0.02598249208456438,-0.048171045852221206,-0.04579185520400808,0.0036780614450133697,-0.04057812655207771,-0.029785604900543272
2020-03-30,0.0703406813631644,0.032469871921322335,0.033603494552918445,0.026006803467859108,0.07997726534544003,0.04384133611611429,0.014884979703429169,0.059465098633912694,0.06061651217864039,0.06916187813852326,0.03247573198645126
2020-03-31,-0.015727391874391095,0.013643778733307688,-0.007245601975610416,-0.03711229946597561,-0.014134275618209347,-0.043478260869342145,0.012533333334527663,0.03876107779122462,-0.02190967846777403,-0.027017866653743283,-0.014905407987931829
2020-04-01,-0.035508211273668655,-0.0515082404566648,-0.02155181256795846,-0.06297900699680004,-0.017692366354061795,-0.0060909090906638985,-0.011588095864609294,-0.04041709755281164,-0.09305128418304864,-0.0517509142828817,-0.04500484966023832
2020-04-02,0.020708697653117447,0.013546865074557157,0.0058342506683439765,0.03733997155010571,0.03369303625508513,0.04637336504183409,0.07647215560696141,0.04840592725641457,0.037666681942296165,0.02757819103986603,0.02307536055216275
2020-04-03,-0.009210356820768761,-0.02178097275680535,-0.006378887134347533,-0.029253799565515104,0.0076605332329897635,0.00594405594402958,-0.029455445544842584,-0.017731711495746705,-0.02124089202883117,-0.04061696658091141,-0.014454195290460325
2020-04-06,0.07436780861951453,0.08281321497107319,0.04772919190806624,0.06436644854220908,0.041663561154011264,0.023722627737332802,0.03213465952754979,0.05023109793336045,0.058067135894767086,0.03890675241139485,0.0671662838954652
2020-04-07,-0.010770254734503104,-0.0005324588605191138,0.007013451208706556,0.01319025262711615,-0.0163136805954206,-0.04278074866367465,0.019026439335233736,0.012372332475249825,-0.025670547097124574,0.04214381512466536,0.0010194064787758528
2020-04-08,0.01003119456860957,0.02066702746616067,0.015609465102406128,0.04037952338882422,0.0420424789057654,0.020661523454708064,0.06328806983708968,0.044947506562102335,0.021926561336615302,0.06796020392982904,0.03356843812478161
2020-04-09,6.0558348129235995e-05,-0.0003562551793350188,-0.00011747430249631208,0.08971367974574784,-0.014170040486091717,-0.003822762814989389,-0.01641961231696809,-0.01860282574619554,0.050449678800980724,0.016499814608712526,0.015217311973183767
2020-04-13,0.002240523191991972,0.0031825754005530005,0.06173510348743849,-0.044472557415126235,-0.010337746937646553,0.011250654108329927,-0.008578715509321544,-0.08709909621622602,-0.036978147424186814,-0.014271384278582766,-0.009130122214057068
2020-04-14,0.0494834148992751,0.04529043877617189,0.05276941448772865,-0.0273958651593752,0.04478786577942562,0.04320827943075378,-0.007717492985291341,0.020501138951595,0.026120824690435862,0.02127757990667334,0.029492853514882178
2020-04-15,-0.01047783534814073,-0.006267635133330507,0.010668675437520925,-0.049319371727913786,0.01116208998150725,0.002149470898830552,-0.045958048550032715,-0.042496565934255104,-0.021288885220378417,-0.031568458716356496,-0.021248105993575295
2020-04-16,0.03002094484564699,0.00010339616625332226,0.043554565624349895,-0.03810992400017288,0.013612352702844666,0.0023098498604952056,-0.03285573122542784,0.015152873666883337,0.0010960290023285246,-0.00439622112089566,0.004824308755474016
2020-04-17,0.008811568006748649,0.01715403640767965,-0.013782135130533724,0.08988892705812712,0.015701209326999477,0.026255144032493627,0.10395913154566605,0.03630100688931659,0.03697153444501722,0.04049229612967231,0.027015406664421482
2020-04-20,-0.019820828667387103,-0.013956215792733317,0.00783578947368424,-0.036457238916213996,-0.002302328641091811,-0.032801347341472886,-0.04720037019987966,-0.014617368873531378,-0.0351254771390892,-0.03218961625290129,-0.017617917945945916
2020-04-21,-0.041357248943177494,-0.03884549815692817,-0.027360346923684165,-0.029004470614173217,-0.01312059075654759,-0.007628524046347396,-0.005342399222682426,-0.04144851657966209,-0.009216783805223394,-0.03256052619327132,-0.03036329415115291
2020-04-22,0.03396496245992342,0.03815502903921475,0.015192515849698385,0.0032565974175120527,0.022113842864902145,-0.002339572192272099,0.02856445312532463,0.0071916249432988355,0.04991079772423479,0.0339939244903853,0.022194550249085898
2020-04-23,-0.012102351313827087,0.010139779562692075,0.015214788300352389,0.0005596597268517911,0.016471664815270293,0.006622278056547248,0.03133159269101604,0.020516992045544136,-0.02439616458429561,-0.014782689796751902,-7.16589034511772e-05
2020-04-24,0.018259246295427634,0.004271655247517492,0.00448852862114224,0.014766752433835961,-0.004179795511656148,-0.005192629815929495,0.006444188722364297,0.010007970950892009,-0.005971634734817655,0.026080371089159726,0.013938655582669712
2020-04-27,-0.00286450873648747,-0.004496318346057904,-0.014197874052991,0.043104398632420216,-0.0036807438979330476,-0.011197171240584392,0.004802195287529676,0.010171869519430388,0.016270337922124956,0.025279084786051564,0.014418489592355144
2020-04-28,-0.024360815857834006,-0.030113466471915262,-0.026060606060606117,0.007080955400365019,-0.018795774191139758,-0.004767986376867039,0.023441055985883308,0.0022569444447890774,-0.017651888340254218,0.006118959776838961,-0.0045985020030224755
2020-04-29,0.044873682351159294,0.08891034326116531,0.02533620272419279,0.026970301185690104,-0.007596274523387181,0.0016254598341212123,0.05537024683016245,0.03984063744954103,-0.017425825323651334,0.03152669707567246,0.026178560179053845
2020-04-30,0.010032125345041498,0.0033676556051760453,0.042689582797729164,-0.02145922746770801,-0.0013312034076117252,0.006747523061260585,-0.02085967129981492,-0.030651340995681786,-0.0170543954426301,-0.022066155113196317,-0.009310732921788079
2020-05-01,-0.025891412309338446,-0.021816291675945676,-0.07597413096200478,-0.02621136173681715,-0.01166355638479466,-0.008908119114555801,-0.07165913492666676,-0.047258979205987206,-0.01760989961932613,-0.014761946981334706,-0.0264734232992353
2020-05-04,0.024460101964393077,0.0042358728333202755,0.01310125807072482,-0.011903485254712742,-0.00013487086152619288,-0.008988186954571042,0.04033379694141126,-0.028499278500041192,0.013389121340566135,0.004949381327279845,0.002758230489162905
2020-05-05,0.010735853276817808,0.019744500716743607,0.0007815232362835545,-0.0015194269593925558,0.008295676806367114,0.0020730759264135923,-0.0011140819978624483,0.011047159302264076,4.3461254674470595e-05,0.004253413924429683,0.009239341256061628
2020-05-06,0.009847311351909083,-0.0026611910863832966,0.014436103201311612,-0.018804347825955636,-0.009498327759271064,-0.025084044478766665,-0.01873745259784554,-0.011385547699932275,-0.032333767928976465,-0.00410164957668846,-0.006778713442274875
2020-05-07,0.005806946423070558,0.01772667474275713,0.006953718431819578,0.01041320482983532,-0.0033090221505276407,-0.008222811671376618,0.005683109795905139,-0.0035293024982728793,0.008173897422085519,0.015310233682860552,0.012066842568150715
2020-05-08,0.005882352941254387,0.010998480953886558,0.005068402312881082,0.016335928077574335,0.007520834744797478,0.03369884996053707,0.043851717903378384,0.0449249697084515,0.02338738417694608,0.029453262786604872,0.016546162402654385
2020-05-11,0.011154429282944855,0.01390554343666972,0.012350763360382544,-0.02944983818692315,0.0027572293212274612,-0.005519620526443836,-0.009527934170197927,-0.031219338150174525,-0.010229399729922095,-0.0034692479013439526,0.0002051702916081588
2020-05-12,-0.022651815358411875,-0.020240953555706542,-0.021606475716064777,-0.03267755918751747,-0.013211722889070798,-0.006590928800987328,-0.0163970266731871,-0.033238191695640906,0.0024188582994537633,-0.010358017793435703,-0.01993162393181369
2020-05-13,-0.015122459043543812,-0.019524716763826055,0.004654320201955997,-0.034470872112328244,-6.796248489771006e-05,-0.0054997817544584215,-0.0496373526745949,-0.004952380952071622,0.009608213047683112,-0.019195691826500605,-0.017685840862243896
2020-05-14,0.004339360222884725,0.006326344440127585,0.008838981046656924,0.04153278590920695,0.0034663222999142818,-0.0009655898870437607,0.008824230861369298,0.016366768759638273,0.009169129150865318,-0.0009741409851690142,0.011967329545552685
2020-05-15,0.014568215809054319,0.011939330513883739,0.008761537978525302,-0.01851005484375068,0.01896505012212768,0.007029259291481127,-0.007092198580555209,0.016291552877256033,-0.018860612323618464,0.01072599946842856,0.004596975119964153
2020-05-18,0.00955448787943225,0.008826999548691594,0.006838798562524451,0.05296856810191897,0.0005317734643963679,0.013960387400117291,0.07952380952404292,0.06578947368377275,0.03335527759482648,0.04784248377463429,0.030459689814194224
2020-05-19,-0.006922286517857312,-0.007782382073127536,0.009508461582847572,-0.019679380873248165,-0.009965453095901355,-0.03244127011348874,-0.030877812086834378,-0.02556077203957907,-0.021023571884551506,-0.012220129734066831,-0.010271186440509616
2020-05-20,0.01383216250057795,0.025291036087764285,0.019846243666635344,0.029998872223133022,-0.008992081599969337,0.007470651012854823,0.03254437869793536,0.03220913633176692,0.009934924077640739,0.015972545862805942,0.016988046717002492
2020-05-21,-0.012011203274797655,-0.0017102387229789295,-0.020496889436895982,-0.012701193474205286,-0.006568255687656621,-0.01465395480214804,-0.01785320696413817,-0.014089376782802199,-0.016710339790566464,-0.017764804003552292,-0.006903984103833083
2020-05-22,0.00043613367509998113,0.004613470765665317,-0.00402985196628991,-0.0077631141186044195,-0.009065503373999029,0.008779788568567204,0.00089766606731434,-0.013940031562833077,0.021625163825905513,-0.0050522204297124285,0.0018990775908822588
2020-05-26,-0.01057163097374636,0.005752738388015599,-0.0061636190538720825,0.07097351067491742,0.0013160628936654817,-0.005062166962979453,0.02937219730894136,0.04392282386387425,0.001967072911182699,0.014721570301032827,0.012320606552923552
2020-05-27,0.0013218042626277349,-0.0007668657707676774,-0.004736029332826908,0.05792110206648782,0.0022827891531835842,0.01660269570709838,0.007187976476965341,0.04267098202940556,0.029106738934391307,-0.011101766190246054,0.014878962150630448
2020-05-28,-0.0022551014792169255,-0.0014363364965759295,-0.0038541480839199282,-0.014895925817254074,0.014355718131056294,0.01905347264868551,-0.025951557095351352,-0.013723247835934038,0.042425247791893606,0.02347337982682074,-0.001844957664808744
2020-05-29,0.010198456449497684,0.010773916967680153,0.017187955520386433,-0.02553575004969566,0.012111315234778042,-0.0012062726177846095,0.0095470692736912,-0.0050521782341027555,0.016709102483368987,0.004030247631392703,0.004455886721298041
2020-06-01,-0.002291950886579852,0.0009417378203697702,0.011738598164897196,0.013256602609887258,-0.01048739495842177,0.011473429952327141,0.017813943258465637,0.003079996670062757,0.005830333385200115,0.003931305607371538,0.004041798107302652
2020-06-02,0.01137668872712716,0.0051851387236334645,0.0005544224294224964,0.003346855984524,0.007201576194205028,0.006908315565305356,0.02225583405361542,0.02340248962691982,0.003716017994267018,0.011129431162328673,0.008280150548284793
2020-06-03,0.002433616353621826,-0.002121596605474285,0.002422737329164537,0.05397755989036068,0.002698145024874865,0.003981026596079129,0.040794757979363494,0.030570872526430648,0.01161340607854755,0.012882185079759134,0.01330823162818362
2020-06-04,-0.013163573586438715,-0.01733541775210612,-0.007182052937378947,0.02081135513578647,-0.012916246215694205,-0.02092297308673008,-0.0028432168966039395,0.014713982217442023,-0.029624778489001802,-0.018071319327431445,-0.0026266897304303427
2020-06-05,0.023398206866378057,0.018185674891259218,0.00910347069820383,0.045001878992757094,0.003884686158211803,0.019646704006961446,0.08105906313676536,0.047766749380073525,0.009885267378634266,0.018895765873230053,0.025629496402850727
2020-06-08,0.0061965811967201745,0.005569367091864397,0.016536447845348246,0.01995864425070093,-0.003598099117129605,0.006084678441666824,0.03127354935728577,0.019242155120990923,0.02397987263170598,0.004022849786829319,0.012087430325130821
2020-06-09,0.0076449352304259754,0.0027899781779403554,0.030427168926253856,-0.02565006610850773,-0.005518838999825082,-0.00596388072281584,-0.022287175738790577,-0.02563171652591667,-0.006948710073040543,0.005168683388059536,-0.007456683168260425
2020-06-10,0.03709167544767089,0.008690981212932547,0.01791330559891735,-0.040528315541324966,0.012606193477652683,0.007520703058928602,-0.053624813153342,-0.01304121022478899,-0.007267947577440315,-0.011998246103948285,-0.00557997443814795
2020-06-11,-0.053698435277295786,-0.04287567419866323,-0.03380233809892541,-0.08344333396230852,-0.046887686062409895,-0.024909838127346595,-0.0882527147096005,-0.0822259136208594,-0.032945208146939686,-0.05963043653654776,-0.05764890282139856
2020-06-12,0.007891770011196675,0.00786076039641781,-0.005058718666437256,0.027363439975572,0.009086391708770014,-0.005504902804413514,0.021437851884850145,0.013163307280622316,-0.005718197560967475,0.00840912991240228,0.011975649512593334
2020-06-15,0.006391818472556876,0.0055346374882383476,0.010868283942758739,0.01381796335245089,-0.006331340133510555,0.009254454246111488,-0.0006359974553670211,0.003735282176148935,0.006723097485557883,0.008381552076456744,0.009335656290105021
2020-06-16,0.0245051339047766,0.01811028055710473,0.016554721146819773,0.00800000000020451,0.022725663716717026,0.012340389065094826,0.022486211284896696,0.052584742335554324,-0.0016092046508001667,0.004345808193663148,0.019247679530950634
2020-06-17,0.003461280157389668,0.004196423016138651,0.009830724934710489,-0.02527924750198296,-0.0030458258339951527,-0.0016930500293044215,-0.03257261410739121,-0.014449312120725422,0.003344481606614824,-0.0024785750295391873,-0.004153885480618569
2020-06-18,0.010708401976835091,-0.012681234251852969,0.004922415164067884,-0.0054282267793926975,-0.004235522844295625,0.011447468837240127,0.006219172206031409,-0.0049910317400656545,-0.0002811244981205663,0.002779532533330409,0.0003850349741598702
2020-06-19,-0.005959657701991805,-0.006610325495594371,0.007923948183482743,-0.011421063270922294,0.002928666062048446,-0.0030181086519233125,-0.020034100595948234,-0.0010188886273515552,-0.026995540916163963,-0.01091932300198617,-0.005689133363101284
2020-06-22,0.027773507558651156,0.0182642632527239,0.01450835697810482,-0.010837337695594362,-0.00305916707209275,-0.009838546921600244,0.009569377989250949,-0.013102149694496856,0.019941373188019806,0.004076260031304235,0.00641524105725777
2020-06-23,0.006680959265695341,0.009182027491474232,0.018641619562093092,0.012196382429171981,-0.0036962131247171293,-0.00016985138020886303,0.006031882808652522,0.0036568884648440214,-0.015503562175148478,0.011079629551410619,0.004603695834226373
2020-06-24,-0.020157495913574075,-0.02136641210913226,-0.010855842657203407,-0.03339119779374644,-0.021279574408850643,-0.01112715535592712,-0.04710920770862992,-0.033188118811937506,-0.006331976482202295,-0.02488602618242275,-0.025508732574929804
2020-06-25,0.012636473918045121,0.0058630557682148865,0.0073800468110007955,0.034861609971626795,-0.0010728078961237397,0.012626696443706953,0.015056179774711742,0.021710634114548544,-0.01038606363917094,0.01784335592329711,0.010720510375350267
2020-06-26,-0.02001597284588208,-0.05451391298340835,-0.022402689339209747,-0.05481829318020082,-0.01331710460300084,-0.022563406564705457,-0.03431481071504705,-0.018603159329584118,-0.012293025589307782,-0.005394016013656966,-0.023751423458712173
2020-06-29,0.010747211327677197,0.02541576761139419,-0.004638174141343487,0.004428123986690791,0.008925331978538953,0.021088258265892,0.016047684550092534,0.023367922215773884,0.008551350435691996,0.010973646301381867,0.014697550408125704
2020-06-30,0.025549284418426854,0.014944494942613185,0.0292645072713571,0.011397849462432719,0.011435558112614652,0.016233214345897418,0.009025270757815118,0.009980039920274075,0.008101074545604048,0.017560035203588065,0.01280956447515158
2020-07-01,0.005847378507239487,0.016889390360731005,0.043453360494704274,-0.008505209440265338,-0.0017777145702941866,0.0034289537508727097,-0.022584973166843603,-0.0034782608692784933,0.025357038764128426,0.009483972500846649,0.00700479958471778
2020-07-02,0.007620908646472024,0.01936893203873513,0.004029596692951554,0.00321681321018219,0.004202877902943047,0.007501250208887145,0.008464882178380151,0.013168332539536864,0.000568504832551886,0.015056410256240715,0.005506891665683522
2020-07-06,0.021526229031540334,0.020218649867367766,0.05768951319932203,0.025253615367759608,0.01425835284142285,0.006204500330686313,0.007032667875390253,0.013388662699712173,0.0022727272737694815,0.0060221485734068825,0.015437337859754097
2020-07-07,-0.011627906976796498,-0.0064881805750725,-0.018619318033130106,-0.028210526315954776,-0.0009092180725649435,0.00485077694689684,-0.025906735751553778,-0.017229390403882716,-0.0009718172996061591,0.06516411554376589,-0.010313830625893528
2020-07-08,0.0219927971190077,0.009181701029774336,0.02699558684319281,0.01061525130043739,0.002940147007058469,0.00548191785315022,-0.0023126734481743183,0.007311320754715078,0.02654831387804424,0.017576283332509934,0.007648671043129829
2020-07-09,0.007000892730999242,0.010015961692294573,0.032949164424509236,-0.02165058949589993,-0.005444266070870785,-0.0033363170314230084,-0.04126101066349408,-0.018730976352109296,-0.005053895051855939,0.006708921754281061,-0.005692959706463885
2020-07-10,-0.003032848077183403,0.013399971026878621,0.005457750351124835,0.05466695880809258,-0.0008421643624468844,0.01151208360480549,0.031189555125688218,0.018134096874623307,0.03019961109595326,0.0058541973488508425,0.010210573191683947
2020-07-13,-0.03088875368581112,-0.017400796615594794,-0.030000000000000027,0.014334683701563655,0.019948022757332984,0.0012914682382734188,0.0002344665882738628,0.019998437622076093,-0.012942989214681622,0.004246129067671411,-0.008658962813593685
2020-07-14,0.006181484521928571,0.005706803859760523,-0.006443298969072142,0.0057347670252463345,0.018662626541323224,0.00838371624316503,0.03305203938133605,0.048326568123846725,0.02462535123378573,0.02420266083485867,0.012958963283022928
2020-07-15,-0.0014878809693289474,-0.002616940415855473,-0.024361219195849437,0.015477038998485515,0.0022985397511796624,-0.004716604044558981,0.012707056953821905,0.010812390415039674,-0.013521234050977715,0.003487668600339555,0.009187256992349901
2020-07-16,-0.019803883868246608,-0.0012921259423684939,-0.00298118562782701,0.002807580466752224,0.006677458518498547,0.002088353412876831,-0.007842258571304828,0.0014455044807235584,0.03621621621651072,0.018512607724177066,-0.0032934596863911647
2020-07-17,-0.00510003923154001,0.0012739946660538237,-0.012643754791826445,-0.0184981501850483,0.0006700167503146393,0.006973388907434153,-0.017163504968715437,-0.004546766742944297,0.02608242044832698,0.02371252480913144,0.0028990928647170122
2020-07-20,0.04298107255541983,0.03097867290715106,0.07929519880349911,-0.00876120619391152,0.0016739203215301313,-0.0031043540562701866,-0.02343749999731004,-0.01658144631188163,-0.0038129130656257004,-0.010646258503389738,0.008081561606242849
2020-07-21,-0.013468809073835408,-0.005064456721760147,-0.01831496102401131,0.0216855087363097,0.0009358288771772472,-0.0013573938038240474,0.050588235291989525,0.009210428582274277,0.0072904895555623295,-0.0016502217484337667,0.0021275283670270095
2020-07-22,0.01437125748523016,0.005739369633693814,-0.012229589999649515,-0.00724273211969928,0.001803125417664253,0.008555209083338067,-0.023292273236109717,0.008169573857285561,0.014801143560967622,0.01763146113831504,0.005692132549855344
2020-07-23,-0.04349468713105564,-0.030737770393190922,-0.03656880361042747,0.0029384942752295196,-0.002666488901115316,0.006426985888830172,0.002063746847957182,-0.002774127609638688,0.0019613436993972666,-0.007647795336870766,-0.011931713883605144
2020-07-24,-0.006122247457536201,-0.0056304598654769444,0.00748689959987292,-0.007072135784902178,-0.00995922732433463,-0.0015852885228211377,-0.006178489702235446,0.00717423133278694,-0.0025625511620260832,-0.00589940323921645,-0.0064404260589242535
2020-07-27,0.01266766020858534,0.014069658734904067,0.015387632066097057,-0.014041514042185232,-0.0063462057792322835,0.002858050174478599,0.014736357356767593,0.016790231137858047,-0.009348795718083336,0.010942645444536936,0.007292445774043976
2020-07-28,-0.008977189109574124,-0.01685595287176611,-0.01796275869743813,0.004334365325496803,-0.002378040494665945,0.012349588346894036,-0.011799410029393997,-0.013296161269503948,0.00868061808845133,-0.018458823928639734,-0.0063424293050149405
2020-07-29,0.01009801009838096,0.0132078608720958,0.011065449467225319,0.024249897246252816,-0.001975073213532963,0.0033625273699320335,0.011021814004718467,0.01811200463698248,0.004999285815252108,-0.0014519307224621913,0.012298782575973055
2020-07-30,-0.000784083113041012,0.00975379223030548,0.006049058357754822,-0.026685393258267798,0.002047222601018417,0.024238173174047972,-0.0490574608200105,-0.027040489575284488,0.0031978396828664657,-0.013986498182152696,-0.0035679133855985867
2020-07-31,0.005443845021995131,-0.032774950110041945,0.0369608241477386,-0.003916718203438196,-0.00735494415640825,-0.0022827575711501513,0.0050155242397398325,-0.028157683025105462,-0.00580859956086166,0.006390225062151478,0.007902210149182798
2020-08-03,0.05624115896812176,-0.0034880204303116003,-0.016680991443052684,-0.005587748344224375,0.010908342480635547,0.0012965222700640489,0.004039923956487446,-0.008278145695773453,-0.011079444247302117,-0.028678086732064623,0.006952100943372175
2020-08-04,-0.015008774360559696,-0.006379994064960592,0.008657118342871861,-0.005723204994196873,-0.000882253138889344,0.019041815827289144,0.028875739643517084,-0.0019729852782855994,0.026874166936622812,0.0042024352572724855,0.0038626478907852757
2020-08-05,-0.0016409583195248212,0.00392995316671052,0.021090661169926417,0.0173731030875528,0.00801521532420768,-0.002616040062644376,0.008741660915736249,0.02623175182454207,-0.004455358707987411,0.01802704056084181,0.006210991940758914
2020-08-06,0.01601390062917951,0.017483723099014803,0.006230830912659302,0.00030861022514372394,-0.005727762803540926,-0.005470623500829275,-0.004789053592894832,-0.004297251241005995,-0.0034181408129821955,-0.005726934157769037,0.006684532233268703
2020-08-07,-0.017887681996558213,-0.004372238280000551,-0.017841860465116377,0.022007404360639304,0.007116231785934346,0.006329590836469112,-0.004582951419075498,0.003943745815182309,0.017573636009789784,-0.004593801900947048,0.0007178536179173189
2020-08-10,-0.019907756024381773,-0.0010344574437521903,-0.0060932103325693765,0.012678607364539296,-0.0038358008074986794,0.004118307750059502,0.024631675873867165,0.05262377705272847,-0.014385989297678536,-0.0015975007988454637,0.0029889111394014733
2020-08-11,-0.023385354141341685,-0.010876391283489384,-0.02143791929253902,0.03159777424542187,-0.007160710666924142,-0.00648769574953878,0.010334756235826026,0.0035910435150687814,-0.02062473558078315,0.0012800455126411592,-0.008254611556411162
2020-08-12,0.028567214081749892,0.01803396058296114,0.02647800640769704,-0.008476208823193554,0.018303055045548522,0.01673797192877058,-0.00022237046897666257,0.0002806426714478949,0.024478922927037683,0.013494318181983989,0.013942307692394573
2020-08-13,-0.002342368181844412,0.006243199490342688,-0.00038580246913588745,-0.005537206139226147,-0.011091808098688816,0.002362320980308974,-0.02449535042027129,-0.013326786841219351,-0.0006676271125238831,0.010196215837325218,-0.0018077287815331244
2020-08-14,0.0009583133682489198,-0.007925361817462728,-0.0041125965669307485,0.00039073947389667296,0.0016216216216902168,-0.0050081013410396835,0.004417577306269571,-0.005047273761570215,-0.013713080167999103,0.005237418056925902,2.9688566956176388e-05
2020-08-17,0.006606031594246442,0.007716182716676956,0.010924327037312276,-0.026364612830086953,0.0050593631944320094,0.002960769800728791,-0.01296296296093613,-0.008859674192849054,0.008877005347597722,-0.0008971085499397402,0.0031765823538563165
2020-08-18,0.0057542324517849686,0.02607766580411064,0.040874683023243596,-0.01394042723922384,0.007383045842449754,0.00745387453844093,-0.004924953096403062,-0.0025230680503282032,0.0002120216260663721,-0.01108578532969795,0.002160338551438379
2020-08-19,-0.006052295616605474,-0.007179678360404562,-0.015701179475258842,0.002339300244609266,0.0019988007192570656,-0.005420848289113822,-0.011077068112804511,-0.002529450025675506,-0.002508390743413691,0.0020953378734915873,-0.00416371367795676
2020-08-20,0.023271340009180408,0.020484135153251648,0.011314285013249714,-0.01197361745309422,0.006848859631586102,0.007954629151738724,-0.015252621544542766,-0.003912476452149538,-0.0008146206709612747,-0.0030667363655457747,0.003113601992552395
2020-08-21,-0.007270015844909827,-0.00043140364733540437,-0.003836390820563196,-0.000513505186565788,0.00884955752263017,0.0043112897333210665,-0.007502420134571919,0.006910096013385658,0.0010634149809347626,0.0012933897300342334,0.003547357218744329
2020-08-24,0.0031452445779975857,0.0060803391785857475,0.006922964514479268,0.02815454171790388,0.0026184865143863423,0.007785215367086762,0.029504998779912972,0.023477569891248606,0.0007790092408157534,0.004224270353347492,0.010133144809921335
2020-08-25,0.01300949974278165,0.013058701068808798,0.01180059622792129,0.004397361582586745,-0.0005915215243551541,0.003970832431017257,-0.031738512553931675,-0.0037408243929334395,-0.004670417153414208,0.006153311315611143,0.003499358450824497
2020-08-26,0.021619623966375956,0.02383784288726698,0.02849552815039047,-0.014029850745640338,0.0015783243454698948,-0.004818064145621803,-0.021281800391412364,0.004817569961129253,-0.008211581528041356,0.01568654550505455,0.010025572474633648
2020-08-27,0.024553470494935947,-0.009494383047455535,-0.012159158592036312,0.03289938439743678,0.004464871963229422,-0.0013006720133713623,-0.006748312919574451,0.010858069519598557,0.00458781361929006,-0.004116206286613022,0.0021866098916731858
2020-08-28,0.010283343631479758,0.006699334364877352,0.0005294117647058894,0.004103566194828323,0.004314289449872,0.004051805224052796,0.023905385001713686,0.001813489572242366,0.002402467011105136,0.013697694278304473,0.006459391955944138
2020-08-31,-0.01476562841299589,-0.006038684176323583,0.014451172908460208,-0.025104602510289342,-0.001497005988745359,-0.003170714131748298,-0.018432047185601652,-0.009190280581733434,-0.001359327490750184,-0.015163768702104563,-0.0036225683153952026
2020-09-01,0.007715159846005459,0.01567936766978062,0.013955537009991303,-0.000499051801735928,-0.012319926992756192,-0.0010843634782188305,-0.012769153732461458,0.026280654908034107,-0.00730737543384663,0.03582426606456868,0.0094185680339951
2020-09-02,0.01927223126658295,0.03764772699896546,0.009239465922860512,0.015078889554304142,0.015245512143793105,0.01686206397390233,-0.006086735985486591,0.02204724409461445,0.0401616569830332,0.025038813464199228,0.014463981849294871
2020-09-03,-0.061946902654770986,-0.05117067177536938,-0.04628410426312135,-0.0031480570586203127,-0.027822921407100965,-0.016013095152986767,-0.0020413370782557116,-0.016815167146631893,-0.026607923402222733,-0.04231252618361758,-0.0344143136707461
2020-09-04,-0.014035895075839466,-0.029640812268419747,-0.021787410926365824,0.021612553044957794,-0.006419257773366938,-0.002169824967455991,-0.0007670672463422346,0.009675660942825015,-0.011654014754649777,0.004206204993771001,-0.008164683401440276
2020-09-08,-0.05409568261380027,-0.036434123235667415,-0.043944369912159886,-0.034775888716969905,-0.00895080422602268,-0.014641925195957084,-0.02302968270229333,0.0022945066811090875,0.0021275061309868892,-0.013101899943228634,-0.027322882914474156
2020-09-09,0.04258363761970396,0.01550932003246297,0.03770667716455445,0.009507606084393938,0.016569333152196775,0.016257172282461596,-0.006024096385320421,0.028077026663412274,0.01604836097934803,0.029709357598788122,0.01974730650346368
2020-09-10,-0.02801836338679342,-0.013688979660813505,-0.02860543166667162,-0.010310300386917826,-0.0186372745489094,-0.010495837857555257,-0.02503293807563567,-0.018534285152942753,-0.019336331762421555,-0.026511029775148187,-0.01736366579335391
2020-09-11,-0.006524808881577693,-0.00674289833275199,-0.018547388909360696,0.012421115896783963,0.005921993056688057,0.010534016093820986,-0.0027027027007986426,0.026491391965959066,0.004477989237953617,0.017240795311786128,0.0005091497197133865
2020-09-14,0.0067637112186025306,-0.004571963898657994,-0.004251946268235218,0.013851785891928703,0.0038570848558194815,0.003547126103422782,-0.006504065041596285,-0.0020802184231026866,0.013553837856417283,0.01215370271748517,0.013171286595399678
2020-09-15,0.01640621196675629,0.01742409681673096,0.017131973560814195,-0.031131062750198946,0.003640040445267667,0.0,-0.010638297873897917,-0.031984886978076,0.04887911464334982,0.00023028588339601974,0.005052295692014708
2020-09-16,-0.01786569594796994,-0.015002084527729442,-0.024723316213210444,0.004230459306244105,-0.0032910202165451485,-0.006708504652600422,0.04245933278232439,0.016890982503211305,-0.05191072032481292,-0.005196684647031824,-0.003968603933225068
2020-09-17,-0.010436478907697055,-0.016566474217534655,-0.022536629739124847,-0.011434302908166716,-0.008288409703736566,-0.001307189542824272,-0.0002644802940039437,0.01826484018274921,-0.002960584983581316,-0.001586986708877025,-0.008795230505669216
2020-09-18,-0.012419299196771538,-0.02417554336231742,-0.01788794607691624,-0.002130681818387603,0.013657674798278396,-0.0010907504358788067,-0.016137566137658266,-0.00961850913123119,-0.009301659988374844,-0.02043181667640548,-0.011466102906361186
2020-09-21,0.010729078297603278,-0.014437422902028874,0.001881613991627562,-0.030910015251314316,-0.027349510658256304,-0.0048045424763614175,-0.02043560096868391,-0.04632849924532967,-0.002600028888149142,-0.017004158074502063,-0.011129593225284617
2020-09-22,0.02409400612187662,0.02075321297187882,0.056923393920559784,-0.010911761620272076,-0.006133700896170824,0.009143442323036988,-0.024704913532905715,0.012523223009904605,0.006734250542441478,0.009182199601035279,0.010184420589081977
2020-09-23,-0.03292835792090365,-0.03454535490730759,-0.04126890785844639,-0.0162299777235404,0.0015948963316902987,-0.011959988402876487,-0.032085561498422344,-0.018824328916485222,-0.017082644032907046,-0.027330039189174093,-0.023191038450041668
2020-09-24,0.012961762799568843,0.00955732621956451,0.006643643370023877,-0.0008626266983199349,0.0015923566878499607,0.004475093536771668,-0.002035475426726663,0.00526388696528568,0.015476930956095591,0.015975896016652724,0.002665509546209144
2020-09-25,0.02278655445665123,0.011385519306931657,0.02494875471473179,0.008741636088694715,0.006843160296277295,0.005112474438205394,0.009324009324122251,0.00530522254362964,0.015421200548384473,0.0024828442362356817,0.016166924265860638
2020-09-28,0.007795207390954406,0.013620001944760096,0.025498121242080396,0.02877928747286629,0.009954689001304695,0.0028338904226539174,0.019341801382339652,0.012130765540552035,0.00823220495401622,0.006742114134027144,0.016609375475299615
2020-09-29,-0.01040870893836121,0.00504572690036631,-0.009190151383878575,-0.00842346089948487,-0.0003398817212554306,-0.005434388811992208,-0.029170206738596827,-0.0018282773565709842,-0.0035897796858335163,0.004066012915751704,-0.005446003770413488
2020-09-30,0.014812313036990155,-0.00028648995201396854,0.001224212052606033,0.009648662822063336,0.012375900993501388,0.012603817571855913,0.0014585764283763236,0.011803812495726707,-0.01963831591002474,0.01817191860062084,0.007581911724879209
2020-10-01,0.010126943374651143,0.015215611353127212,0.023034683824907143,0.007271216370516198,-0.010478237507083654,0.0017986905534204123,-0.034954849983152125,-0.01635936976191321,0.018734687996716515,-0.01070972940299364,0.0064200185137832655
2020-10-02,-0.029511437447028777,-0.021708448148555215,-0.029882716700918244,0.00948747035130948,-0.007330980179153235,-0.008043665613566953,-0.004527618473341155,0.022016222479397385,-0.005623143302534217,0.004649268673378337,-0.009494422027294447
2020-10-05,0.020321063096949477,0.018707062380324935,0.023743999999999987,0.020941873531043376,0.013607768052418256,0.009194902983578723,0.02304426925487335,0.02367613712212102,0.023971262937047655,0.014457505742456744,0.017733045770678135
2020-10-06,-0.021247266850172752,-0.021452223114492575,-0.031020255063766045,-0.01029886914388245,-0.013290157188338925,0.0015783054732396717,-0.010373443983646036,-0.012769561534988538,0.008231739086024703,-0.013718700053062305,-0.01421591711795156
2020-10-07,0.019037443543364008,0.0055960634598533066,0.030881043626369564,0.01744541930280863,0.011076165732590182,0.007807463649057045,0.0032943995200180876,0.02138190457333633,0.02356345597274423,0.019952734638685854,0.01740662227901879
2020-10-08,0.00357432207002617,0.016646791944952,-0.0016084163357522607,0.020555499849844283,0.006829862050449886,0.006751954513021907,0.05253731343161738,0.012211668927478714,0.013193322563645138,-0.008109628943176683,0.008862542552132702
2020-10-09,0.02483616677761713,0.018214543322620402,0.030120198711820922,-0.005698565533377886,0.013970044999099374,0.008965760677550838,-0.014747589336115863,0.014553810800668643,0.006211799096574877,0.0031368884734106484,0.008930129733929038
2020-10-12,0.025902414160405618,0.03584362276140296,0.047549936865805664,0.012252964425936375,0.00576273431858243,0.010985166527374579,-0.003166378813286963,0.023090474392694293,0.009111617312199005,0.007584830339638637,0.016087645956587293
2020-10-13,0.006594399277261465,0.0015850797964835905,0.0002033151995537441,-0.016204607574354712,-0.022918861960406267,-0.0019378503703242345,-0.011839445567930151,-0.003013344812238916,-0.013740308175207439,-0.005876914950019185,-0.006526118661871139
2020-10-14,-0.008974243919868896,-0.002316424919946214,-0.02320806823032673,-0.005556658067981668,-0.0017524939332074219,-0.0011788364194627032,-0.002045587377348723,0.009190722921028183,-0.0027531761042438596,-0.010594486881353893,-0.006283380458534271
2020-10-15,-0.005433306166657825,-0.0050977332035060385,-0.00745010717332939,0.01496707244118789,-0.006144496961463353,-0.0014579283534802423,0.008784773061333073,0.008740297047950873,-0.007251197445460988,-0.00654560102041013,-0.0012358807806006622
2020-10-16,0.0,0.007862575298901442,-0.01975049795576056,-0.00206449075899906,0.00618248522313114,0.00389348536478229,-0.010159651669344072,0.022479398933201944,0.023922803725786368,0.007365860251139278,-0.0006043165467620737
2020-10-19,-0.024765546754018097,-0.024079862219287596,-0.020013994518304434,-0.01684563097177627,-0.02552329507112261,-0.017175704688507154,-0.019941348971549977,-0.00722962962927054,-0.019797120418836966,-0.013349433152058277,-0.015203432290268548
2020-10-20,0.002007282232976193,0.013810908853680637,0.0030556153167395905,0.00571142284550441,0.0015936807094860672,0.004016630258703469,0.008378216635412716,0.008714857040780233,0.004807210815817475,0.0011218384552269534,0.004005730826731613
2020-10-21,0.0006988120194255654,0.02250689841972009,-0.00996888415018915,-0.009963136395315986,-0.004289173296484816,0.005404267265126439,-0.01602373887096109,-0.009408840760301795,-0.010997043090841152,-0.004176712282260575,-0.0018929465897521425
2020-10-22,0.0004189944138128787,0.013032869059230734,-0.002681369193768268,0.035322531950694014,0.007989995136283401,-0.007045724257926489,0.051266586246941914,0.013500597371874257,0.01541924213976742,-0.0034440428286609537,0.0054853674904542515
2020-10-23,0.006235748522544604,0.016381810712881473,0.008815010703941528,0.009039657854525762,0.0011028398126609051,0.0065747613997602095,-0.02008032128564108,-0.00023576564871807815,0.0026466404207621252,0.0059880239520957446,0.003395142334630785
2020-10-26,-0.028441936826613667,-0.029816654214391947,0.0008238671826239496,-0.02475676717168218,-0.008744147617402387,-0.007585335018878925,-0.02371194379365915,-0.0319710540367093,-0.0013858184591393208,-0.02585034013634535,-0.01847995835487537
2020-10-27,0.015089489717990068,0.009209172562543833,0.02472373278786666,-0.018866060844976218,-0.005695631034675075,0.007501769285185533,-0.015892053974070453,-0.03241421568652392,0.0015529489511354466,-0.010125698323726673,-0.0034473614427216193
2020-10-28,-0.049566236811276254,-0.05508856199344381,-0.03759512891279926,-0.028088190878776675,-0.03346140412111975,-0.03301489182365891,-0.03808653260251549,-0.04274586789906609,-0.017418844021221402,-0.03710758377453127,-0.03417893678666517
2020-10-29,0.010065127294300868,0.030500397140856395,0.01524924275479167,0.0065257924178170335,-0.008456201214521952,-0.0006537846870428021,0.04434589800561928,0.023220428684393113,-0.006043513295608038,0.013883801011288943,0.010163472723987876
2020-10-30,-0.01099062133629547,0.03804403679112922,-0.05445638599692926,0.008953380672254818,-0.0005831328810513847,-0.0034164425381040253,-0.010615711252925486,0.015387599405547459,-0.010809350087607972,-0.0019149474291998425,-0.010424874234668091
2020-11-02,-0.0006914604634851163,0.005080099745299993,-0.01043097343675392,0.022541819665469864,0.011523594194539521,0.010211524434448505,0.041998773759404306,0.039605221267172475,0.026225925418852825,0.03782942368944986,0.0112084277575486
2020-11-03,0.020263925270492145,0.013137805358805155,0.01462149856214734,0.03152119700835776,-0.001369961785826046,0.01963898917023532,-0.01706384230655633,0.027071721687659478,0.011846133368909717,0.008197007220239971,0.01765596608122566
2020-11-04,0.04824880104681473,0.06088134851697724,0.06322968367115966,-0.03055797311754349,0.006498194945949276,-0.004107066988330521,-0.005387608501238761,-0.07430377482247008,-0.03551696921794023,0.0008649321893734463,0.022349195012406176
2020-11-05,0.0318868709273632,0.00953690179595612,0.024941687543965863,0.04089775561148978,0.0025824964137466377,0.012372013652201197,-0.0018055973520567647,0.05063454229189879,0.019503546099536084,0.04856718172086194,0.01950282354312116
2020-11-06,0.0019257467864577382,-0.001571631205912305,-0.003199879590608079,-0.013320555821672686,0.01781625643965068,0.005969939598478247,-0.011757612298155196,-0.01103685081829009,0.012976588627875207,0.011142612250224282,-0.0002284148014700671
2020-11-09,-0.02382442338611168,0.0009603746028155058,-0.05062255199509558,0.13539238539177534,0.026924428821992308,-0.036584514417435154,0.12660158633336294,0.0590861181724478,-0.0027733755939329807,0.01939880020873619,0.01256568425862925
2020-11-10,-0.03379275607848753,-0.013455053308889076,-0.03458301259009977,-0.003250641573891322,0.015060240963996385,0.01645046742506806,0.021662604926777407,0.008664090855679207,0.006356773937719051,-0.008635302395623268,-0.0014666064980483062
2020-11-11,0.026254679872999898,0.005472688350076416,0.033729596510072346,-0.014933058702047641,-0.0032371189645421516,0.012904605731899332,-0.010309278349433182,-0.016482878699752623,0.020397420712838343,-0.09397683646789778,0.007428539147951607
2020-11-12,-0.0051258369895685885,-0.0025239951238810177,-0.008640940399503916,-0.012284370099347242,0.0033829499324824486,0.0005631026964219021,-0.034265350878330825,-0.001947362209495429,-0.011220015476563039,-0.055298390542818376,-0.009700843917194613
2020-11-13,0.0049665800225795476,0.016892163275567418,0.005957662975680567,0.006262679720796305,0.010788941335740043,0.014984171649177647,0.024127164349112773,0.015254537929190404,0.006782313813225693,-0.005427612980947627,0.01384445513990129
2020-11-16,0.00332548150182288,0.0009987247919087672,0.0007191232449399454,0.02822580645167405,0.0063375583716429595,-0.012822289991259894,0.05764966740569588,0.008619183506887396,0.007254825754184457,0.00973964452164,0.012482546774547298
2020-11-17,-0.012751461584503354,-0.006972824585832482,0.001469151022337467,-0.010144927536167803,-0.00994365263470054,-0.0038615460229401988,0.013364779872547361,-0.007390726946984838,-0.014662379421235938,-0.0005629785316163538,-0.005378271781911637
2020-11-18,-0.013149305231542341,-0.011931927840109657,-0.009631146233966659,-0.007406769442061867,-0.013257448945472317,-0.01536509726506452,-0.03775536591417428,0.004828107730552755,-0.010703563502641678,0.005294979158168012,-0.01203482890586327
2020-11-19,0.006348303960668211,0.010300808897182101,0.003722475897290689,0.00268980477177716,-0.0015606975639070875,-0.00121689334275632,0.005106154257386919,0.000926247539617675,-0.008708272860270316,0.009936496077682655,0.004210171775265392
2020-11-20,-0.009556538932566805,-0.012618206838112656,-0.005652835079659413,-0.008566978193081054,-0.005301073807445267,-0.0016483910275386648,-0.012299465239711704,-0.003875072295928428,0.005590310129933274,0.00044385264098645294,-0.006847783554233322
2020-11-23,-0.001330861732923183,-0.005079533282229209,-0.00032586952313351514,0.02880335166318937,-0.010112052473257083,-0.003876525484523552,0.06551164049691027,0.014805782964480985,-0.0129715420255061,0.017672286305934648,0.00599442771503278
2020-11-24,0.01784779401291159,0.021035448841728588,0.006348458392907208,0.046237380163746566,0.0,-0.0032430095126533276,0.06656504065283197,0.012129534271956732,0.005498189620069649,0.03182445687706803,0.0161136910425137
2020-11-25,4.6759562276399436e-05,0.00013039287924465626,0.021490927050794584,-0.010460590333559283,-0.0013206366858206087,0.002675150025384321,-0.027870414483959993,-0.012832108535959619,0.017871432381934893,-0.020773184986961346,-0.00154176532139072
2020-11-27,0.006359003132718755,0.012975234251667578,0.0032244189295682624,-0.006637712038057297,0.0022271714924191333,-0.0005047591579687705,-0.01519235481436132,0.0025768768252225627,-0.01105699618247824,-0.001042715374875991,0.002784977665085009
2020-11-30,-0.005389583236616757,-0.018253852782730617,-0.008543691751112581,-0.027553209042024074,0.004722222221862138,0.0018757665392210576,-0.05125653147692355,-0.008510395247896652,-0.020497803806569737,0.008314436886016408,-0.004427090494224184
2020-12-01,0.009996730041730961,0.02334701322332,0.01642656027070366,0.01577875805931539,0.019145700857491343,0.0036004896666788078,0.009703645423312368,-0.0019010311655115464,0.007609729583191394,0.010851716998684147,0.0109374136883722
2020-12-02,-0.0038851116973022126,0.016492514036015926,-0.005139623860276665,0.01920828461712043,0.004679552390494113,-0.007246896749378839,0.03740259740159857,0.003520720304641678,0.0021577882671297566,-0.032841302352070945,0.0021037101798682123
2020-12-03,-0.005246784602995991,-0.0017150966864946104,-0.005244214975355321,-0.006555227794152185,0.005805319291932953,-0.007372072853528255,0.006760140211508947,0.004371081843056901,-0.012918853452374202,-0.02420768219646574,-0.0002726355681904602
2020-12-04,0.0005601194919977459,0.0010538795939887269,-0.00757830126807113,0.009072913229461799,0.008523489933513373,0.0009465559924324296,0.03655807013166412,0.04340605852379231,-0.011315610088966865,0.02435921421870968,0.008617633423306348
2020-12-07,-0.0003265534615768395,-0.0036901785318746994,-0.001448184709951894,-0.0037600130776394014,-0.008651094696654815,0.001527606022881045,-0.01871401151593821,-0.019208605455296568,0.0103419746279938,-0.01672998246612023,-0.002054887116215709
2020-12-08,0.008026506136528777,-0.003136987281791792,0.006108296390120227,0.0009845749914139112,0.01731892327363438,0.0026873910517937194,0.032762836186243094,0.0007274355100532759,0.005595741776666552,-0.0035292369419700487,0.002926115581520561
2020-12-09,-0.019489838433123796,-0.01847813485047567,-0.023003880665598553,-0.007786885245650299,0.010227647641058546,-0.011879753712229268,0.013257575758359286,0.006877656005358945,-0.00013572204067535676,0.008723856391859908,-0.008968852149059625
2020-12-10,-0.00604343720482825,-0.005742859393202404,-0.0008730107596160996,-0.006443618339419865,-0.005551926845158595,-0.006597756763192519,0.028271028035386614,-0.006775142999745687,-0.005293878105909533,-0.0064678271796591025,-0.00032710917281253415
2020-12-11,0.013015390461551535,0.004044918394908725,0.0048138152952290625,-0.005903384053063343,0.004597701148712829,0.007379529186211764,-0.004771642808031107,0.0024601621467954526,0.0070960698701363345,-0.005431143515883585,-0.0011725247457107235
2020-12-14,0.0044077651690790365,-0.012700022538228883,0.01301172499213843,-0.010538641686454242,-0.025367767243587025,-0.004834810636153319,-0.03607305936146454,-0.006916169334779565,-0.0033875338749114192,-0.007330939557478655,-0.004477204477257191
2020-12-15,-0.00032679738573138106,0.005033499595151314,0.0025815893087359765,0.017075232459920375,0.010062386797936584,0.005888847994075741,0.019422074848700177,0.02072451558548738,0.01849082256898127,0.017370007536179788,0.0135194427687515
2020-12-16,0.02405081025546396,-0.0022088718292057052,0.02396117682741883,0.002908909575183749,-0.005977286312200736,0.004537138675145602,0.015334572490145693,-0.01232529987844988,-0.006274195700842533,-0.004110958853748237,0.0015693065289246189
2020-12-17,0.0006384531195151588,-0.009492428251024698,-0.0015057266982622108,-0.008287063893244073,0.026391394401017898,0.007139214686618045,-0.005034324944514945,-0.0018384401115381088,0.008328855454063033,-0.0011156563775668316,0.005592025285716007
2020-12-18,-0.0037826998449578264,-0.008210237230194206,-0.010639415589231316,-0.004930224785730797,0.00579351646919668,0.005714285713864342,-0.017249310026485665,0.009990511804602864,-0.007327471357176596,0.00353685778080548,-0.003975929507826659
2020-12-21,0.01829909876925817,0.004831365643561236,0.0014148954445363238,0.03753778972148436,-0.009643388777029194,-0.010932105868171393,-0.018254153989790023,-0.0044208664902624095,-0.001476311904319405,-0.01877202745313955,-0.0035754916302105366
2020-12-22,0.00606496248711319,-0.008267226271482242,0.0001060452002070722,-0.015216511533206134,-0.001960528036121789,-0.0070535194887575425,-0.016924910609605104,-0.0198712255769965,0.004166666667453356,-0.0018148134143198824,-0.001685423802599617
2020-12-23,-0.013039206930282043,0.004656381161514123,-0.006627122238439198,0.02794443987829709,-0.005107386065346664,-0.0015378982055330725,0.012851600387994155,0.010420206138748611,-0.005086333825527256,0.008484527101439099,0.0008985949244018077
2020-12-24,0.007827345941474606,0.0034312562554241754,-0.003949429718673736,-0.004397537379750793,0.003488219033585871,0.01012175443722918,-0.004069906631052778,0.0063894182267838495,0.00874478676314272,0.007887323943488456,0.0038904154311225625
2020-12-28,0.009921436587888355,0.02295059279452305,0.03507118565003209,0.006585287504098369,0.004722240440428793,0.006970665117927988,0.0033653846170869084,-0.006627311205629538,0.006801813815599855,0.0009316191541512975,0.008590785907695686
2020-12-29,-0.0036006401138157784,-0.009132111208280835,0.011583575926625178,-0.0026328386784669755,0.006201449181163277,-0.0018748197288821489,-0.011260182080944259,-0.0096428771648982,-0.0021194860232049972,0.0004839910647778112,-0.0019077303382212252
2020-12-30,-0.011019406647180818,-0.012237165483441559,-0.010881998795906123,0.0027997760176821096,0.012391332554301915,-0.004695853200429645,0.007996123091555729,0.019190489668638788,0.007699455727339988,0.008819260968016218,0.0014268023474000024
2020-12-31,0.0033381450738914076,0.00943988480851643,-0.008801375595355876,0.013640714742028548,0.008522909324195194,0.009944109748378338,-0.009134615383663336,0.01099755609873454,0.016335133710998928,0.012762818148550403,0.005080781741597429
2021-01-04,-0.02126607319469831,-0.015125753149376031,-0.02158474391528209,-0.009443613756177305,-0.005591561824677238,-0.009486847779199725,0.006792819020294383,0.000714207229983499,-0.037977965003759606,-0.018373471927474183,-0.013613993794747481
2021-01-05,0.0009646745370297527,0.008064282527967315,0.010004299212647894,0.0054023993003038395,0.01175718849803653,0.006385140037439507,0.048192771084156094,0.008180071369757957,0.00741040150997585,0.05290827740499071,0.006887388486555235
2021-01-06,-0.025929325378365786,-0.009867532542051083,-0.024896613650415844,0.04695582968600842,0.009410130100138803,0.010526315789851637,0.025517241378659072,0.05565236331930001,0.04895011368081126,0.026842310280111414,0.005978509681378474
2021-01-07,0.02845700824507036,0.029868592124493665,0.007577157641840637,0.03283922462966227,0.0033785897515696828,-0.00934646118764304,0.007845774491190838,0.001908593830842964,0.010965191891025627,-0.016139600648488184,0.014857448802086948
2021-01-08,0.0060928123135484125,0.013238725386141459,0.006495559996964051,0.0011039964669261604,-0.0020577414732245725,-0.00043212099368794554,0.011120996440541209,0.00015445605720976197,0.02320595283251259,0.0015773423534555242,0.005697705091054273
2021-01-11,-0.009698570257446804,-0.02310563290203127,-0.021519464605523564,0.01492427584187217,-0.004186453386143096,-0.00677282224979836,0.030356357237550702,-0.002059096057031806,-0.017749291261786815,-0.009134177924177811,-0.006740806798637311
2021-01-12,-0.011770656122442769,-0.010738545456387083,0.002125739754223588,0.015718942411712566,-0.007780636255267814,-0.005803409503051027,0.022203245088303847,0.01898277107170765,0.0007529175552001277,-0.00024723625171907404,0.0002112545881662875
2021-01-13,0.0065602754387099615,0.005652026268274213,0.01443846668995108,0.0009271145343370257,-0.001517738569677296,0.0015322874869125869,0.011278195488094278,-0.008352738685813321,0.02620689655246089,0.0268847594148931,0.002692927106127563
2021-01-14,-0.015346214292444316,-0.009346115324587845,-0.012135607996487496,0.005842536516254437,0.017480524415931287,-0.010636747778317468,0.039033457250791104,0.0077084077802356266,0.00843108504457235,-0.015206247634782843,-0.003501935280023627
2021-01-15,-0.0017369261101781719,-0.0019065005891265585,-0.007424531650183752,-0.017921654743029203,-0.0021786492374995525,-0.007511045655481552,-0.048101769033595754,-0.014083080040443008,-0.005937234946030601,0.002305676855824057,-0.007292712571765447
2021-01-19,0.017822713378822685,0.032906541948166446,0.005318514939196328,-0.0043277553372775834,0.015470991890230934,-0.008755008161033473,0.01983712675065341,0.002414962490731698,0.00938566552964537,-0.0043567669304314105,0.007852009582077768
2021-01-20,0.03649972278671343,0.053573329896471344,0.04570040631128314,-0.014995653434075162,-0.002457304337378119,-0.012500000000130074,0.014127764127955578,-0.008863238173866583,0.014974036952079661,0.0031505986138584685,0.013838637263982045
2021-01-21,0.002808237496670918,0.0021701319624853888,0.013363445262273954,-0.008384202397115237,-0.004002956028912097,-0.0009800651864905197,-0.028669493236842092,-0.0007798689817508642,-0.00404521118435941,-0.01378419877163417,0.0009117195028645053
2021-01-22,0.004356136373812047,0.0044635512040642755,-0.004463273248482724,-0.007713416895627767,0.011253323440297391,-0.00770933516453276,-0.014134275619208991,-0.0013007960873440139,0.005973002031458341,0.003503060754995957,-0.003539454507557216
2021-01-25,0.015844213321712042,0.0009088219130559683,0.0005376295094812189,-0.012482248299499954,0.014857841638459712,0.017230769230239806,-0.011174362218016598,-0.02396582265294489,0.03158769742221512,-0.01614950634697232,0.003943794400361522
2021-01-26,0.0121988411101015,0.007216462191609763,0.009754098360655883,-0.004087193460304839,0.027111700204985656,0.006427707198911836,-0.021961620468402,-0.0006939254831999087,-0.018878784389387948,-0.0036914916491310734,-0.0015609146960097187
2021-01-27,0.002453406791924184,-0.046652165937718815,-0.028125779810169838,-0.028271773825488178,-0.015251055842420369,-0.03538958599387376,-0.01133638543777582,-0.035147695101559906,-0.059134107708658235,-0.028813986114726853,-0.02444044920407873
2021-01-28,0.025890940317858657,0.01883514574405809,0.0015591261469167783,0.01759737212570145,0.007624493686002598,0.015422963077928342,0.015656008821912204,0.020539223827685138,0.028307769048238507,0.02177939106591098,0.008600197644445418
2021-01-29,-0.02917172393582368,-0.013943449168237643,-0.009704659595628828,-0.01106755822063521,-0.035646724993884105,-0.016492789199403224,-0.026487190621117596,-0.00813713789703685,-0.019282076158187222,-0.032987747407857815,-0.020019595900776843
2021-02-01,0.03315226763230439,0.03595897907307988,0.04262990455991522,0.0073832284142467675,-0.002574633728307796,0.005927774745231984,0.001784121320354215,0.010282213957495623,0.01026338568103835,0.008209626630736766,0.01664549950003158
2021-02-02,-0.0005841852703828421,0.013760716719570354,0.011104197578136077,0.030782286684172933,-0.008973019482302558,-0.0013956734126258086,0.015805877113709066,0.042117799913380605,0.015055079558486728,0.018590816136547117,0.014140286526858059
2021-02-03,0.014571416642480184,0.07282504481180996,-0.019961538461538475,0.011451238679359266,-0.00465116279023825,0.0012423324795112212,0.03922857769039845,-0.005454545455011117,0.0014470034976956647,0.009673298047183643,0.0007862665442162076
2021-02-04,-0.004074074074093437,-0.0025499300586748763,0.005575798558805634,0.02301317152640059,0.009283489096187036,0.0006203955018266871,0.019190215098276786,0.0010446591801691607,-0.0006020469598664313,-0.07194504699928705,0.01136571952353771
2021-02-05,0.0007850915250993129,0.017140380691984314,0.0063494446112277725,-0.0019529837254607108,0.015186122600538976,0.004185073238502923,0.0335195530733472,0.007044090790450319,0.007228915662299995,-0.01382937280851504,0.003935886480668005
2021-02-08,0.001114781172590007,-0.0020633560416255525,-0.008713810539504485,0.015654442672969004,0.002858011553047879,-0.0030871343677795204,0.04304304304372364,0.023056994818944743,-0.0023923444970296304,0.0019356112976030015,0.007221892651622097
2021-02-09,0.005361488018969851,-0.004379905206087553,-0.005398833563049488,-0.0039960039963367056,0.008185787048878845,-0.003870867848448034,-0.011516314779946746,-0.0008609774631417322,0.005155875299833745,0.0031540766440329993,-0.0006657960103538807
2021-02-10,-0.0038971161338411386,0.005343573978700222,-0.005573373676248106,0.0005731480158750468,0.0032477295963990738,-0.0034973187219322632,0.009678056489332842,0.0022303325225641046,0.000954312298745652,-0.0033799717028123455,-0.00043561819332249563
2021-02-11,0.0068775224444019845,0.0010879567506398846,-0.007439344242343049,-0.0027924960619649664,-0.0044961333255963964,0.0008579004835700399,-0.02503912363115013,0.0031863240945066984,0.0004767012268367399,0.01620790283144724,0.0016150533223517893
2021-02-12,0.002045073418336374,0.003006582884440556,0.004776020575513629,0.014216988582952839,0.003131398290076026,-0.0055326112370681635,0.013643659710034006,-0.0018149735316965732,-0.009767718879723053,0.01109860685315045,0.004939725115812976
2021-02-16,-0.00526552104155753,0.007479606497151625,-0.002672597636764751,0.024070796460741173,-0.009064713651089629,0.002350728726551621,0.030087094220274446,0.022172837012248703,-0.023336942138891703,0.000690846287079605,-0.000865933170323907
2021-02-17,0.00434961017613178,0.003752309660185693,0.012141513329968268,0.0031109574835705978,0.0035742412304491378,0.004221388367447787,0.015564950039026026,-0.00039529597805787464,-0.0062815617688141145,-0.002761477390597511,0.00022941626321482111
2021-02-18,-0.0016789516786530623,-0.006046388686705262,0.005920861743798023,0.00337698139153475,0.0004829168176248011,0.008329441071077692,-0.015704824975734333,-0.011764705882020055,0.0006197322758667578,0.010153455636448427,-0.004255969826202133
2021-02-19,-0.011567332540375563,-0.00807290306343389,-0.023535032134197387,0.01669070677973883,-0.016652588391649403,-0.018605728402849464,0.00672818146873988,0.049969987994921805,-0.03257772823056704,0.004683038263941786,-0.0017659705158442618
2021-02-22,-0.026808316387913034,-0.016540518286162986,-0.02128065478937813,0.009390622888958644,-0.0006135722171500824,-0.004247954688201605,0.036853160205154056,0.03882616359407787,-0.03841229193305895,0.006063362134246297,-0.007691716021834272
2021-02-23,-0.0052876209968358845,0.0028526087254912014,0.004326037337223365,0.00803159092376382,-0.008834249706821229,0.007426133670383361,0.01381215469565178,0.00972209483626929,-0.0051930758980863745,-0.00809853849647535,0.001214376146545737
2021-02-24,0.005487203669497287,0.011499330136777841,-0.010946940053216503,0.017595113206583912,0.013400648217668065,0.0010978670007133484,0.02997275204301353,0.010400581342466353,-0.012715834561487616,-0.00026582614950521055,0.011019354838782913
2021-02-25,-0.023704966958024376,-0.0325653490482366,-0.032400388665402624,-0.013571708208015676,0.0010455747588720143,-0.008459971799535504,-0.016578483244994113,-0.002921742257397719,0.009286876356693341,-0.010939755375246829,-0.024095770477578715
2021-02-26,0.014804139918811021,0.0029564225304659075,0.011700401679990646,-0.026524672576222708,-0.026419267633835175,-0.024095433718207437,-0.024928263987207155,-0.02677846902884029,-0.00783148798248845,-0.01828097396107775,-0.005152616849447678
2021-03-01,0.019623031241597255,0.02361628361213053,0.0172037517822905,0.02262689406848839,0.005427237158043718,0.006152351656166122,0.03733676659920482,0.01797294793395321,0.033070223188524484,0.02179015726502298,0.024240193501023244
2021-03-02,-0.01295686671725882,-0.0025028265508806324,-0.01640422867386704,-0.003255813953664255,-0.0018830027619776146,-0.0031378228344636216,-0.005851063830973557,-0.017928649435675847,-0.004874193121987891,0.018415712699365594,-0.007803275322259884
2021-03-03,-0.026980801299933743,-0.0257062311087336,-0.028931695604825225,0.019332044530475878,-0.017607848069482346,-0.005972558514777737,0.00802568218402544,-0.004216476693765681,-0.039978819169321334,-0.013759398496166919,-0.013245718424909847
2021-03-04,-0.0036473896991412458,0.011196126100027737,-0.00912811980033279,-0.015368517428587802,-0.020163871462921867,-0.00820071451786708,0.03874734607195651,-0.009957656693149186,-0.016960838389911248,-0.02252801707732932,-0.012374809920823848
2021-03-05,0.021479292550465212,0.03104334957464583,0.0076874767007995,0.0023246546226498577,0.019794865094493908,0.031354891526921724,0.037812979049835826,0.03473234008521975,-0.008276055546747041,0.02881878095396795,0.01839660207068783
2021-03-08,-0.018177892918686434,-0.042711974326162916,-0.016167520980116423,0.013252932211380575,0.008327994874650635,0.010557231306382642,-0.0009847365838963063,0.006449854651211062,0.002263083449953296,0.011598817375756854,-0.004978755571987459
2021-03-09,0.028101499625934556,0.016368617683438336,0.03756838699842491,-0.007062978222911576,0.001905972045987081,-0.008875972036459623,-0.015442746837370791,-0.02157234407443054,0.04459497601014428,0.002360611510795918,0.014277480876040638
2021-03-10,-0.005817435195103138,-0.002043756983373224,-0.00170103008635758,0.021734835013287768,0.009194673430262146,0.009193216040609409,0.030702486233676662,0.0196494464946122,0.005944339367189189,0.01536391162946038,0.006224655836101434
2021-03-11,0.0202650374318174,0.03160314116008123,0.01829842623722855,-0.005221427190229999,-6.283380430227581e-05,-0.0033767865553698817,-0.00744698073343264,-0.0058807563557697895,0.005372011819342548,0.003939327000630044,0.010139124184890269
2021-03-12,-0.00581959262839582,-0.024060479685527825,-0.007740261241846125,0.011858475894160225,0.0028905366344864625,0.009691907651302234,0.010764964930485954,0.04204586821977063,0.010820197701900014,0.002090285672539993,0.0013467842351866377
2021-03-15,-0.003987274655381623,0.00216585365866262,-0.0025279253210076513,-0.004995196926213752,0.00513784461160105,0.0032776650531289864,-0.02549620784158857,0.007598253275362232,-0.00198229152858187,-0.0010978555222554975,0.005963558848874895
2021-03-16,0.01235041097078704,0.014334806565242664,0.0033033929544923346,-0.011971423054512265,0.00592195486849989,0.0029558182952948986,-0.021195562179596505,-0.018549016209015168,-0.0018538135596366523,0.0056784876905828785,-0.0012613203500955184
2021-03-17,-0.0028185604306828482,-0.0008013858696179765,0.014188870129954179,0.01029248908874525,-0.003718163227839688,-0.004032883511508989,0.004398578921363638,0.031661220524923595,-0.032104006368600335,-0.013988561436611646,0.0034098658783996427
2021-03-18,-0.026662166723320335,-0.029238024801050977,-0.03435882553663738,0.016506544587441274,-0.001866019779324657,0.00218034574036019,-0.043119420583644485,-0.012626803064699765,-0.02508223684085298,-0.006059038682049822,-0.014549665206493478
2021-03-19,-0.0016036754503779838,0.0027803338383147747,0.015511940264003599,-0.015921344751041344,-0.0026796285912106255,-0.0053613053617938,-0.005632811124379189,-0.023365701404759465,-0.004077042037212819,0.02367765676719147,-0.0018448247676081664
2021-03-22,0.024484480138621256,0.0018401941820100909,0.011678200692041507,-0.02687894804737645,0.0028742814297186836,0.01695180064077184,-0.01026730394791242,0.003240268099084176,0.011998870695761665,0.012418300653321168,0.007985005648391663
2021-03-23,0.006737573626121485,0.005239598363237619,0.00856030628087967,-0.010001987149718894,-0.0009345794393713636,0.018589645107346398,-0.012341262742218806,-0.034377488717733606,0.03250104617089944,-0.014812423785895867,-0.00787080669378748
2021-03-24,-0.008923310042944665,-0.004310914943015165,-0.016073306772908413,0.007761273919488554,0.009728718428664296,-0.00030165912590818245,0.020282506336728012,0.013654066437350343,-0.016076736017686444,0.012086351887574676,-0.005083440308172316
2021-03-25,-0.013250658285825279,-3.443983602136047e-05,-0.013219654883109277,0.012813703359442652,0.0003705762458223738,0.006940253470183233,-0.002839900603265444,0.013650951498562769,0.008512975422081626,-0.002661774756433699,0.005625516102494732
2021-03-26,0.017818713953765775,-0.003803272881141684,0.0018941259117737363,0.01665027859714807,0.018274989195421698,0.014758765358168668,0.02723389106402152,0.02341137123749748,0.008304969367546766,0.03588559887475151,0.016114960225652508
2021-03-29,-0.005243572395435159,0.0104013868519639,0.007765323407699087,-0.015539364240056197,0.006730127932935037,0.01565153193054214,-0.005371686016417243,0.0031372549020647345,0.009991898460846471,-0.011315368010356264,-0.0005050760139541088
2021-03-30,-0.014410814487372248,0.00033238993206152756,-0.006645576822412846,0.011789363374341999,-0.006203324500073215,-0.015410336555877424,-0.012369337978702988,0.012422899834712675,-0.0077540106965039435,-0.00478923829997735,-0.0026529890341142615
2021-03-31,0.016907483286990876,0.007842773166115258,0.01269601248981278,-0.014564992231960394,-0.003999757589973507,-0.00014765596153676341,-0.015170224025342516,-0.005191350609011658,0.018728105632776604,0.0008138423978709675,0.004053403592168436
2021-04-01,0.02790855494735278,0.032610592866486376,0.021628400041369344,0.009722130986011823,-0.009248554913907081,-0.008491471608591428,0.027941966684672748,0.003752102471098695,0.002116122206417881,0.012653728584554269,0.010799081573410252
2021-04-05,0.027728491850822712,0.04187286949858127,0.02079405251502675,0.005269663652465395,0.0036848246642318117,0.016160262138992687,-0.015507928210924504,0.004167740826417354,0.01332981391049759,0.016181116180995048,0.014353111505084781
2021-04-06,-0.004858072028082638,-0.004371417240260689,-0.0009018418026919273,-0.007030334592228682,-0.0002447531056209984,0.00036643459082275065,-0.0028318584068673935,-0.013135937700614941,0.01015889554593774,-0.005146627059442244,-0.0005906093120621181
2021-04-07,0.00823045267478073,0.013475100259581652,0.017237314738415943,0.015668021502998286,0.0013464716326052617,0.0017582417582191479,0.004437344694236067,-0.0009972251126835197,-0.0019339865920992017,-0.019200055551666484,0.0011572934108994293
2021-04-08,0.013405362144832011,0.005091490511180297,0.006071251055836502,0.001226360291926465,-0.003911741336176555,0.0038028375024812267,-0.010425870294850315,0.0003038062584987955,0.004521379666736269,0.002194767956202437,0.004746796527292485
2021-04-09,0.01026653504477304,0.008993836733347083,0.02209559603552269,0.007478081484668442,-0.010554089709824632,-0.006484044878909634,-0.0023214285728940798,0.0011714682404719845,0.00231481481521012,0.004415244958061004,0.0072701458924799844
2021-04-12,0.00023451240950334018,-0.0114723848019751,0.00213213925627187,-0.002111594573733555,0.0024186046510386028,0.004033145120018178,-0.00662251655524404,0.0007800650054428093,-0.0038491147042738483,-0.005204670136536915,0.00036452890715232833
2021-04-13,0.0100816693369854,0.004370450231799383,0.006098733795152356,-0.011926899647440758,-0.013363028953210065,-0.013219398188515918,0.003783783782942418,-0.006841900143284896,0.018031942297894066,0.007883201357235858,0.0029637547370218176
2021-04-14,-0.011219002669541345,-0.005553510199830525,-0.01970588235294113,-0.018690375754210176,0.0027589666414999936,0.003626674560958776,0.028899658947596052,0.014083278831870105,0.0011386639685366795,-0.007821542562293171,-0.0034152012788742914
2021-04-15,0.015297938104017028,0.019331730533312053,0.013828382838283693,0.006348786456348954,0.0029389694845360914,0.01209439528107259,-0.005931612001276454,-0.00025797575028785324,0.01326930367755974,0.01509473981886722,0.01074249605064126
2021-04-16,0.004778420038412445,-0.0010939722134443164,0.006022331456102092,0.007425905236927655,0.011534384936743525,7.286505346448813e-05,-0.005616005617730013,0.0036125924648100494,0.009478672985952619,0.0011492251438314227,0.0033423906508618373
2021-04-19,-0.007670476336409715,0.003070857518757464,-0.00806897606664625,-0.004240052184792065,0.002773668639408644,-0.0046630236796356694,-0.003176844333307227,-0.004156667809138703,-0.014208055349913873,-0.010713788785514322,-0.00491300388260707
2021-04-20,-0.001855144160086808,-0.004694815177177847,-0.011067582836349898,-0.022142155257222407,0.023295838711345773,0.008344923504971069,-0.021069405100263894,-0.02048280907084632,0.009274345156164543,0.0004922644164158108,-0.007321596300456701
2021-04-21,0.008983195229524732,-0.0002895994318398154,0.008195664364603727,0.008508072619899387,0.0006607400293363597,-0.006533575317728357,0.01284138180684069,0.021218644291148392,-0.03178939525752611,0.014374077458375156,0.009462115146662953
2021-04-22,-0.013086192340027503,-0.011337151885613461,-0.01575838335286528,-0.021057526239051327,-0.008463893391061572,-0.009866276944882069,-0.01303571428635808,-0.015357480857191463,0.00448890598951035,-0.013477462495340764,-0.00913307856850376
2021-04-23,0.015476144184602303,0.021047537868100985,0.009622126054686708,0.019135509262966366,0.0020583605761810286,-0.005125157840038308,0.005427899403628533,0.00983004936877907,-0.0010214504583528905,0.019526585657368756,0.010842409100662032
2021-04-26,0.0015316867702617198,0.004347958416594855,0.020389837408107958,0.002463546174211295,-0.008458192363135497,-0.020008959235989776,0.001979485332004982,0.001955586458755265,-0.003962167690572227,-0.0004133654840103862,0.0020876325767757997
2021-04-27,0.0016058115079515822,-0.008203711800566338,0.0024728659430919286,0.004582890542499163,-0.005727516451681791,-0.000609477372765066,0.013110632184578641,-0.0009541984733758557,-0.008340818682638473,-0.0013439933834112905,-0.00021551208075820671
2021-04-28,-0.028285681566518228,0.02970781063123451,0.012017802851850723,0.006479338843142335,-0.007353842382871512,0.001677084921505534,0.03013650062144224,0.008509160371680036,-0.0024585921321768067,-0.0006901549400936124,-0.0002874113815500845
2021-04-29,-0.00805311125058561,0.014293950080693563,0.0037039178834752384,0.019444261971505616,0.01370539572832885,0.008447488583999574,0.014283255893428493,-0.020792079208156178,0.001686340640347117,0.009358057944274467,0.006372783900409518
2021-04-30,-0.00130687893548731,-0.01640783028771242,-0.0011206144078170777,-0.008892325535981627,-0.008952496954799272,0.006867406233552087,-0.02884289107660143,0.002813557831771618,0.003755503755396239,-0.013068764967552049,-0.006570489930089685
2021-05-03,-0.0012689348878661688,-0.004427448481210017,-0.02334012032000743,-0.002925687537160715,0.015239968044882035,0.011842302503777491,0.02760307477403079,0.0002630309938009834,-0.010450264481550287,0.005927620632193209,0.0021567217829498997
2021-05-04,-0.016159771301374803,-0.015471089335026611,-0.02203461401037654,0.01382368283829738,0.015495430059002446,-0.0034074074079945005,0.006290377421644733,0.022965332866049737,-0.01316818774444073,0.0002756814499724758,-0.006169296986950457
2021-05-05,-0.005327091488758651,0.0034419528095814833,-0.012479354564037926,0.013120658605662028,-0.004172378852531633,-0.00802735245981101,0.03007264740750637,0.01915085043472864,-0.025234509182669118,0.007992558652578419,0.0003127857176798976
2021-05-06,0.013226761877644266,0.009754748852284223,0.01095537739945085,0.020124428643420345,0.004010295085848048,0.012588041360418245,0.009512875184800373,-0.003405078190683586,0.003117375982400361,0.0036228169108301067,0.007985568250164388
2021-05-07,0.010931806350893858,0.006237833443484497,-0.0044641101873050815,0.0034227394362422725,0.0045308215097816795,7.399733636637151e-05,0.014297319251549645,0.016535200573780662,0.007026077558287547,-0.010556785288494797,0.0072780203784017505
2021-05-10,-0.020914204230366273,-0.025587496226573192,-0.030720528859737417,-0.00012403869983235172,0.0105044510386747,0.01864594894518823,0.002402691014246283,0.006722270633633842,0.003622702267383149,0.010256410256265447,-0.009902397422502762
2021-05-11,-0.0038433530220237655,-0.009464383113318209,0.010474880034101464,-0.0166232477360978,-0.008163505021385298,-0.004939347715321785,-0.03179929690001837,-0.013643295824475099,-0.009759358289655573,0.024563077027878855,-0.008924726037168651
2021-05-12,-0.02936279088682814,-0.030752491123453907,-0.022323824176233242,-0.0068752365332522825,-0.0040265277123607834,-0.01058471421298246,0.005281399570487677,-0.008274132887483465,-0.03415687862869898,-0.02520449557748028,-0.021245262065203607
2021-05-13,0.016861924686415675,0.01308487671798586,0.003023534711955156,0.02572245157204711,0.010463733650786677,0.016083812897104588,-0.01232511658751112,0.01158772964748156,0.015236231479078599,0.022581525446918604,0.012012530524509568
2021-05-14,0.021067357939080766,0.02213508954536869,0.01943083439033111,0.015541795665300562,0.0015297717109121756,0.002105721754502632,0.02478920741952395,0.008997375765247062,0.006746523475506194,0.004236440055984003,0.015355367066558712
2021-05-17,-0.01196856739874963,0.004626093979219981,0.014735176393930738,0.004024144869703594,0.0009987075551931568,-0.0020288384899174172,0.023366792825576965,0.010568467985312191,-0.016684901531415886,0.001993024414685962,-0.0025445292620537296
2021-05-18,-0.008565135818348724,-0.011555668175293632,-0.011653044438125093,-0.014088783628053436,0.00035213334092998316,-0.010237421041196071,-0.028300369835319028,-0.02173291392623422,0.005424200278284497,-0.006696502569221718,-0.008615710435303514
2021-05-19,0.002468323185468746,0.003991213143301309,-0.00014850198621407795,-0.0076378195255548675,-0.002170724553068215,0.002053990610280998,-0.023994704615583062,-0.010857309892702838,0.00511827362021311,-0.00453893134872152,-0.0026217410300072297
2021-05-20,0.01382033563682672,0.015606427470900242,0.004913670400396031,-0.0017379430204423896,0.005820790216703564,0.010248901903129548,-0.0023736859961930312,-0.007936842994278104,0.0224332507567917,-0.00405672712654892,0.010757922406485099
2021-05-21,-0.005314832846401885,-0.005557120873626253,-0.013732880086708033,0.01137847416538773,-0.0006430116324749324,0.0,0.0013596193065466,0.009574875526668025,0.002019114281434975,0.003803945331139591,-0.0008187247157219746
2021-05-24,0.022882081820596145,0.02916574038935482,0.013084281379172724,0.005410057789206668,0.0038020589609646382,-0.0002898550726939675,0.011710794296430294,0.0076294048219878174,-0.0055077915101051644,0.004627921794573053,0.010194244951048148
2021-05-25,0.0037483052877196332,0.0007750821670235997,0.004332833074986109,-0.010333863275433841,-0.0027557900908640187,0.0034067845752505654,-0.02264720684422672,-0.007864463501132235,-0.008915304606203711,0.004940414594338582,-0.00221867022927269
2021-05-26,-0.000913713650276704,0.007380854638401102,0.0018747794602722578,-0.00012357120766715024,-0.005938381937944492,-0.00223939897413028,0.011671815998930413,0.002276847830515072,0.0013629548864260155,-0.01212423185521927,0.0019845065034465037
2021-05-27,-0.0086683367129482,-0.007406598299883105,-0.010734542870793451,0.0155718964344298,-0.001537824569476376,-0.02273385461942179,-0.006447234476532726,0.015018299608900554,-0.006397168912786411,0.002958977807614671,0.0005249719617905768
2021-05-28,0.0014840961049571444,-0.002467536865112363,-0.0021794923392701726,-0.0006693033158279293,0.0026064806582881683,-0.0009631056454103559,-0.003244535519528302,-0.000828912466635745,0.0030136986306519287,0.0046265254124919775,0.0017887381046848283
2021-06-01,-0.009131688561308193,0.010323100749110248,-0.001371363327510755,0.011020457866196987,-0.02197932053128282,-0.014608824619892768,0.03580606475960568,0.006968641114961871,-0.00976509150553373,0.009610892344557476,-0.0008808684885354134
2021-06-02,-0.0004042037184461833,-0.004447374831094253,0.004765973311792182,6.022282467621487e-05,0.004047604663392823,0.004364840458010999,0.007939133311002156,0.002883506343667852,0.00818080976257285,0.010312685925784937,0.0015726642361266752
2021-06-03,-0.006429437929852733,-0.009706444387364566,-0.014526946589197842,0.0006624111764199636,-0.0009626955474972831,0.017907987412251636,0.00393829996704409,0.001560831347809044,-0.00467611057697237,-0.005070993914566446,-0.0037113696381418926
2021-06-04,0.020674779211582228,0.01959038669631208,0.006027593261395348,0.0016248420291635757,-0.0004215851602736853,0.0007361059985850904,0.004413206930711011,0.0007381889763278249,-0.00041453640971111927,0.002137384498770656,0.009145831840812413
2021-06-07,0.012041947445849743,0.0036472716489239776,-0.0025606477409536588,-0.004686373467675642,-0.006808459359785135,0.0034571533652199005,-0.006509357200748855,-0.017457585443530377,0.0017970693948929917,-0.009679747998375454,-0.000970184571624233
2021-06-08,-0.0048855443047527425,-0.0016067934899952618,0.020669103598800476,-0.0039840637448141925,-0.008796408638963693,-0.011581879489369618,0.0176904176897954,0.0016683350017070442,-0.004553608389997188,-0.0072562208011940355,0.0002131741631445916
2021-06-09,0.004038484380685992,0.0039609079233629,0.00522041230228143,-0.012484848485353028,0.013464716322760806,-0.00037080984921622484,0.008369547722228088,-0.022943037975021396,0.004297199888634529,-0.007576263266724559,-0.0014919011082599187
2021-06-10,0.01439331203902161,0.011291809596935654,0.020876826722338038,-0.01558856020587751,0.00899812790620258,0.0074189479931285884,0.0015961691948451762,-0.03801406349874159,0.014630779848726183,0.004203800235286881,0.0046484050753266
2021-06-11,0.0025268232001187663,-0.002024532570999993,-0.0008418790022837186,-0.0006857855358871623,-0.012688532439426137,-0.006848810663280247,-0.00924302788908482,-0.022283258760490754,-0.00027207182773913985,0.006195579370408932,0.0016524633507695174
2021-06-14,0.007755244484158652,0.007698954818448067,0.011067188951933593,-0.01696924324691984,0.0024854510189498136,0.00037075485739523906,-0.001608492841178366,-0.007657453556758731,-0.002449312830857031,-0.0044266932931610325,0.0022389290849291754
2021-06-15,-0.005887106083514948,-0.008379238110615916,-0.00021868452393269955,-0.01516786190234598,-0.005321400496356543,-0.0019272107333394572,0.03641050426905257,0.0020547006987088334,0.0016368844632108637,0.0065525541586810565,-0.0018341720359311697
2021-06-16,-0.0037931568353843925,-0.005328633374071301,0.00949416664449787,0.007024101043829223,-0.00036476381488870224,-0.013887857407867021,-0.0035753147834933774,-0.010480269753148974,-0.0017703935724707742,-0.0034542314336178936,-0.005583301922303829
2021-06-17,0.013676276322854841,0.008039909748035257,0.02166459263597109,-0.028860305881054704,0.004804476068750674,0.009112818195207595,-0.03291731669199016,-0.035503776017540956,0.01746248294650643,-0.0031662445007299977,-0.0003316671011035499
2021-06-18,-0.005634342659765257,-0.013409340129771796,-0.0006706331464730875,-0.025303110174156318,-0.0196102166811013,-0.014627957309912065,-0.025649298275441157,-0.0028169014083460064,-0.017430946634974687,-0.02136480657981399,-0.013446749768965871
2021-06-21,0.01233473383944994,0.014166063058337786,-0.009446786543921504,0.016968631693219827,0.011482899123455681,0.007876997651370399,0.03625827814696447,0.020827348462976403,0.014328602620254705,0.01318756405895738,0.01431601272531724
2021-06-22,0.010965997791423376,0.004252437147505672,0.014904631205920005,-0.0014624742406873503,-0.0013427734376262324,0.0003757420911425502,0.01917239175519514,-0.00037521692260023,-0.002959773980076519,0.004889398435183656,0.00534619588467633
2021-06-23,-0.0008850890736140649,-0.0016635262664358441,-0.00046213884704904284,0.006058185207316491,-0.006050605060722303,-0.0014272836539053202,0.007367926007430192,0.0030967015439629098,-0.01025502631206765,-0.024093151236601495,-0.00120536030806917
2021-06-24,0.005334087268008103,0.0030541976787823444,-0.015622948667454395,0.009197988353403685,0.004550205989419576,0.0006770480703053305,0.004046062870392664,0.025960054258878706,-0.006407634629560288,-0.0030945913420384885,0.0059157595833136956
2021-06-25,-0.006261952079298694,6.93877550115296e-05,-0.013806580305472771,0.010097698512051556,0.005141702883187715,0.014283566380729473,0.002169869806796676,-0.013814169782381591,0.013446761800795626,-0.004794260683583573,0.003552105387009563
2021-06-28,0.013961210474679797,0.00022447422068716527,0.012474055258624217,0.0018175916911618017,-0.001157054990957529,0.0029647198337874325,-0.02551809464945287,-0.00018491979069024111,0.017465475223499283,0.0017675192347912372,0.0020158927358007173
2021-06-29,0.00997320631128984,-0.0021503884577570576,0.0012340696131409867,-0.0012311281023010823,6.096817452250214e-05,-0.006798699378734119,-0.006189493729503059,-0.0054099042867001845,-0.014238190285478236,-0.002629302888691898,0.0005380494539033442
2021-06-30,-0.0018422991895029606,-0.0014966570566811166,-0.002314291183072581,0.009082652134446034,0.004328476498129286,0.00394345238089211,0.007345895878682285,0.011761971176334152,-0.010799136070481108,0.003087169170112425,0.0008417114798484615
2021-07-01,0.002583979328249164,0.002907702955956548,-0.002090019068880511,0.009900990098741458,0.00740560883842134,0.002297487586072844,0.0028535193413803395,-0.004227358360568756,0.012418122271723231,0.003893214682771484,0.0055366070177955695
2021-07-02,0.02227540500728664,0.022973673786577553,0.022723763971138622,-0.0009549274254664342,0.01819715594138338,0.004880212954816887,-0.001422699969768404,0.004845184809115999,0.0012131014965255371,0.006821329639996154,0.007643519271325339
2021-07-06,3.601656793916774e-05,0.007444663992127509,0.04692706879560693,-0.016791642632902115,-0.0059770387028377225,0.0005886681379627667,-0.028494538545809855,-0.019470977222485142,0.011443187936179156,-0.013928534580595842,-0.0018214516276425785
2021-07-07,0.00817546639738631,0.0022505745307315195,0.005669606664236326,0.0011733263803104244,0.008572959456724982,0.007501103103889628,-0.015642822225296005,0.005479580367063308,0.0026620524423914826,0.014195033482103048,0.003534058623676284
2021-07-08,-0.008966527345874886,-0.01130667172739619,0.009422222703147298,-0.017253727456295498,-0.0019479369575189365,-0.00014598540199339816,-0.0044694586992325425,-0.012017327308839088,-0.0026549847337963284,-0.011795453763908559,-0.008148045849900476
2021-07-09,0.0018744142455440205,0.003794664278064408,-0.0032347021635252826,0.03199946998793246,0.003962621244661069,0.000365016791271211,0.018124376453797497,0.025034180378208815,-0.0018634367089094273,0.014998608017705806,0.010674835236046176
2021-07-12,-0.002230697272960991,0.011607850635692696,-0.00021240327585003715,0.014315978686556763,-0.0015905743744456524,0.0008027439242819234,-0.000979911806916034,0.005335295740934276,0.0013335111340300188,-0.00212568999209084,0.003581925055241353
2021-07-13,0.0131977498920548,0.002882445826375646,-0.011076898253351564,-0.014873417721564364,-0.0012390842572569394,-0.0012396091580492152,-0.004740886054594995,-0.015509195718010793,-0.0030629910769433,-0.007524480329913152,-0.00340898691310465
2021-07-14,0.005445227418108711,0.007032271490772235,0.001174755803076133,-0.003405075489460896,0.006793879600125896,0.0073738774916394245,-0.022174770041112457,-0.01649704911919503,0.011220945765248125,-0.0024925569477849407,0.0014922289308698655
2021-07-15,-0.0052387526106013604,-0.009607211647232994,-0.013711131874578952,0.002191851469627304,-0.012029104564999282,0.008551964052502914,-0.009742986728032532,-0.0010867510867631491,0.014795244385497286,-0.00013882140618304284,-0.0034155510727574834
2021-07-16,-0.000996334910747132,-0.00027557970202141124,-0.01585426305353599,-0.022835456066058857,-0.0016036110942957427,0.009701063524100828,-0.027650551314207794,-0.016366302445579017,0.014319187712056314,-0.00888580354057722,-0.00784358826929521
2021-07-19,-0.013321460373769467,-0.01883909584946597,-0.006727053444256947,-0.03251925482131324,-0.007257584771212078,-0.0004981851827413619,-0.03436845778122899,-0.01808126953594502,-0.01193531827532901,-0.012047348882823772,-0.014767932489448299
2021-07-20,0.008339049131577347,0.013096212814382335,0.0066486551967974705,0.018643260528676375,0.009407957813905687,-0.0053403588720810635,0.011020776873497784,0.024029938940226092,0.0023379659703148814,0.013647642679896155,0.014330423324010022
2021-07-21,0.007446656164956211,0.01061330565503038,0.0033611422846251404,0.02104067864578485,0.006173938854028949,-0.0035077671985119796,0.03216583273871887,0.013319869205772328,-0.016716340546936603,0.002692778457850764,0.008096320697846604
2021-07-22,0.016844349680162907,0.006840508353425312,0.014735579605043014,-0.01262593222555597,0.002891026019723908,-0.003808908046416315,-0.011253462605048226,-0.0074502918428757114,0.0031628887716921295,0.006068638392622505,0.0020941203542834685
2021-07-23,0.012336618438753,0.03576893277183624,0.005115405865262268,-0.0019214205263581308,0.010648311565921498,0.014441219158187968,-0.0012257047807360255,0.00176898068496123,0.01418812401447811,0.006344033834833729,0.01028797134067938
2021-07-26,-0.002140366624250767,0.007668308086169251,0.011808654940054453,0.0067047265006441314,0.00046568484776177144,0.0035052578868559614,0.02524544179649535,0.007158879396511608,-0.0037564766842483888,-0.0040304523060112896,0.0024548802109554124
2021-07-27,-0.00868361875120105,-0.01592867534627762,-0.019846911471368966,-0.0013188262449160826,0.00459649735256229,0.004063301967754729,-0.011114911081871903,-0.005354688906761718,0.012352099857897647,-0.0007609297177303409,-0.004557616434627598
2021-07-28,-0.0011167725274215945,0.03179681576933446,0.001083722379556562,0.0016507098049980407,-0.0027800301168890984,-0.014838480653050823,0.006743904548106361,0.007336827060391959,-0.00012843565410403102,-0.003703703703984207,-0.0004100134393728583
2021-07-29,0.0009782684650678775,-0.0023255984833321364,-0.008373917450803181,0.008569545155573843,0.0,0.0051888152202093085,0.012195121951320775,0.005297010972580063,0.003982016698344637,0.006392662335373167,0.004147391928571276
2021-07-30,-0.005549738220078648,-0.007740605033530468,-0.07564890330896246,-0.00797385620954516,0.00011615750941063041,0.01971608832786864,-0.023078228405790435,-0.027333458788428966,-0.0033265097228550866,0.004694997756179431,-0.004856462044655729
2021-08-02,-0.0003158892280358261,0.0009500729250280227,0.0011690142114864077,-0.004018974831820787,0.0004065040651095586,-0.0024608029248582852,0.00017370158015284076,-0.007690447400015676,0.011681643131654207,-0.007902965329895872,-0.002098013728367376
2021-08-03,0.008075275612508426,0.005750642358965052,0.010433801193463488,0.011377918899216022,0.01230626342357155,0.014589794192498173,0.010767627649166167,0.016279976603651658,0.007740134500935358,0.006649811242147585,0.008135469275104112
2021-08-04,-0.0021245472274956656,-0.0037196785368064367,-0.003422215884785529,-0.01079207273223226,-0.005906301966719041,-0.010559221951691677,-0.023367697595754522,-0.019088729016627948,0.005666079073548547,-0.010252881472673447,-0.004918961804572963
2021-08-05,0.010505741509759137,0.008332994142059347,0.006340320503648522,0.012628934144895743,0.00190355329933789,0.0004914694929916141,0.006333567911835258,0.01305495795017464,0.007762614247302846,0.003650015643246185,0.006332862545013196
2021-08-06,-0.00020723956896895324,-0.003765096163609205,-0.009197302124709927,0.0284035259547315,-0.0033392826296821942,-0.007649122806392072,0.011538461536989342,0.0055987258070275825,0.0014908684308370113,0.007273482959122335,0.001652480985245175
2021-08-09,-0.0039038209077506547,0.008652666708269363,-0.0009178042057556013,-0.0010793650796251386,0.0034660042749425912,0.005445159465422567,-0.011406844105025016,0.0025917926566294547,-0.0006202704382571866,-0.0518189945669254,-0.0008135777080572337
2021-08-10,-0.006554989074975648,-0.0007742142825258869,-0.006340761310284493,0.012267209051031847,0.0003454032577918653,0.0006330004216619223,0.017132867131193663,0.024797740437836113,-0.0003723932469067437,0.007688123299896876,0.0012439780155673041
2021-08-11,0.0017804775869811884,-0.0038594516356361686,-0.008603659491429383,0.011930177068933068,0.00017264199845290484,0.002460111056459935,0.002921966312906532,0.03545569206322852,0.022848627840189595,0.0030949724690396696,0.0024848649138100587
2021-08-12,0.009966893186942993,0.006714167259192383,0.0034597871881558717,0.003909158600223117,0.008055235903366986,0.002313840976378767,-0.0022279348772250573,-0.006406207705542677,0.007648415686248189,-0.004018225522692376,0.0029969804858225313
2021-08-13,0.010489631137700961,0.003888654022845328,-0.002884819131224514,-0.011187341615652713,0.005993150684623583,0.004826862539155652,-0.010113339144306566,-0.007582637123150215,0.005421686747243859,0.007672634270887713,0.0018197748870592
2021-08-16,0.005975755505888802,0.004225735601443681,0.0015239968791458391,-0.006563320415175822,0.009021276595490013,0.006961849066822401,-0.014620398098597276,-0.003934666239600926,0.005991611742769631,0.006470293844309971,0.002354682454261514
2021-08-17,-0.005159538356947713,-0.011915305889819705,-0.01728710908490172,-0.01208079028454756,0.009165542060345588,0.0016592920352982432,-0.006792992490866734,-0.01961324697985234,0.00011911852327051164,-0.0004972473802935529,-0.006555249793107842
2021-08-18,-0.006107547427474769,-0.008872286635458249,-0.012566472134141082,-0.009107700146896991,-0.012704073103990465,-0.010905577028674895,-0.02105831533560698,-0.017007121439381212,0.005478799427525161,-0.0329057247433624,-0.01094495991347777
2021-08-19,0.02077528978807064,0.0017054389475092968,-0.004207770787387433,-0.00835582979809002,0.007788249901435229,0.01179344033447638,-0.03052031623454421,-0.025546923406667088,0.0015399194506831027,-0.0027925776227373245,0.0015483400883484766
2021-08-20,0.025575361390753226,0.012894310141041254,0.003827150811701152,0.0028519574802055025,0.004872038976210025,0.0006897027380130538,0.00018964536236731888,0.0023966740030472167,0.02046126552337202,-0.014554699878193578,0.007957077251804723
2021-08-23,0.000952819030039187,0.01900610858675056,0.02060032188002925,0.012797311271479872,-0.0042911279537147795,-0.005100282582590765,0.04114524080587034,0.020493803064288718,-0.021789522484584545,0.011404427161204822,0.008796463370592367
2021-08-24,-0.006663384211335055,0.0087117033166777,0.012220327202246306,0.006190172303641939,-0.012499296210429,-0.008105299619374784,0.008195228555807121,0.016496126996364158,-0.00308056872100948,0.00011090983024586443,0.001587443545150613
2021-08-25,-0.0020157292973604912,0.005787139454437984,-0.0019965030945796602,0.020612672036687707,-0.006613832031729161,-0.0035619499927013187,0.001806358380304518,0.010207441554101804,0.0046351319239368305,-0.004990388880813823,0.002098354800448954
2021-08-26,-0.009668554021395437,-0.004493978702515444,0.005098236531501765,0.005157842406497526,-0.005337771910997824,-0.0017522955072404311,-0.01352326000792603,-0.016390389271784822,-0.00396309002697337,-0.002786343203305286,-0.00590318772120213
2021-08-27,0.002106389381249185,0.018124228916653218,0.010141737032569376,0.008037094281214907,-0.0021350259660269932,-0.0007723634322216455,0.01937488576197488,0.007526983526141562,-0.004772700155677434,0.00029804038472769356,0.008940976112569166
2021-08-30,0.012912051247562006,0.004072803532823244,0.02147699895212285,-0.016007359705912272,0.004221361244259869,0.004356686107595875,-0.010937780169212763,-0.00648404830139393,0.006474043879303615,0.00633147113577337,0.004397556912817402
2021-08-31,-0.0056325965940865474,0.0007400209554655479,0.01438520912914254,-0.0030541012214632124,-0.0030519405735449645,-0.003778073182250208,-0.011602610585755957,-0.002742965240167483,0.00047647409205042734,-0.0025536639524571525,-0.0014815470004984066
2021-09-01,-0.00016562872654124483,0.003579882168181614,0.002365455703168262,-0.0014379493594380843,0.0035233639461047517,0.010183299388616618,-0.013756419663222386,-0.013799971546499257,0.016073342064399698,-0.0006307743683654499,0.000531490831839676
2021-09-02,-0.002252923831316034,-0.01328026278190697,-0.0045645300373670095,0.004633107939218339,0.006849315068230277,0.0007647385985611876,0.024363027711545415,0.01836891709932975,0.013358331380878274,0.002450434395079082,0.003076582558664942
2021-09-03,-3.3206043617228787e-05,0.0031579975853703868,0.004311141398507745,-0.006045120279075777,0.0006288229578188531,0.0006946856546334867,-0.0038126361667262243,-0.006657852488195948,-0.009135060130195272,-0.006370370370163858,-0.00024272380248313574
2021-09-07,-0.003187886032920084,0.0037637531784953104,0.008982044536449907,-0.0017555959626360806,-0.01553930530114589,-0.0037486983681984665,-0.005831966465371541,-0.01017255312079679,-0.007702182284297199,-0.004398389742133246,-0.003575527500569442
2021-09-08,9.994003598423618e-05,-0.00408579121945063,0.00461916797984796,-0.004459518874053603,-0.0024373259059045083,0.007595289526235671,-0.009165902841906437,-0.007011477693106394,0.016582382688141495,0.002358667165808459,-0.0012182696141910254
2021-09-09,-0.00985976483141382,-0.0010439067158357629,-0.011725996312579867,0.004353312302921353,-0.02228039557879702,-0.004218533886166109,0.0007400555032315292,-0.00652899356731107,-0.006941230911116758,-0.002278414820896635,-0.0042802333058820086
2021-09-10,-0.005180824221762803,-0.018566123964949055,-0.0043080685157971255,-0.01149569696610564,-0.006544892009268222,0.0009722897423500854,-0.0020336476245265134,-0.0019959108173071005,-0.010601118360060724,0.003294399520668012,-0.007884538286904497
2021-09-13,0.0043285651480764464,0.010338879582160176,-0.0034532954758371703,0.015887137773320292,-0.007007246810207479,0.010754180253450318,0.02575027788198847,0.0058045948979632556,-0.004121040856992053,0.005597014925625032,0.0025592672414107565
2021-09-14,0.009427926866206526,0.001489470079047539,-0.002073950659065016,-0.017452771174398918,-0.006031363088482844,-0.0017160900597504858,-0.014267653964040394,-0.018768186226737593,0.0007093875618850998,-0.002374768088986179,-0.005396569483644864
2021-09-15,0.016778411554952744,0.013223940593717343,0.007475362318840606,0.00693958107838788,0.003762135922080523,-0.00213160970982329,0.03371198241018991,0.016804230711870982,-0.0003544423439522104,0.0023804210369029466,0.008352657766173888
2021-09-16,0.0013122498522226689,-0.005674048584537572,0.00358191950606912,-0.00044258978298472584,-0.001209043646283603,-0.006959757442058012,-0.010634526762855923,-0.010353375783608731,-0.007209549698525719,-0.011428571428482526,-0.0015852460480576536
2021-09-17,-0.01752834021341776,-0.01956688252883576,-0.007373345870696935,-0.0025934594214197526,-0.0028446919256387426,0.0015960030536861236,-0.011823719098229213,-0.018909626719300077,-0.028095238095570685,-0.017228436303720063,-0.009709692063385567
2021-09-20,-0.01857471571044267,-0.014776278409157184,-0.03084169910931933,-0.02993404363299379,-0.0057056145676643855,-0.01004572537106152,-0.02664974619233129,-0.04470588235263695,0.0006124448793334292,-0.01394034297061908,-0.016674218396053986
2021-09-21,0.0016989466530592523,0.002259956242593786,-0.003605772812472985,0.00013075313832477953,0.004395336060071919,0.0015396458816863134,-0.0009312721182059835,-0.005135730007672312,0.0028155220959240612,-0.0030598807034285525,-0.0009446133995364425
2021-09-22,0.012822252374556253,0.008994267547867585,0.01089235351997675,0.01915283043521665,-0.003646751352455291,0.003423939626885364,0.029269202088402002,0.00795406658245068,-0.00024414062447075668,0.0021368351530060004,0.009754860134151055
2021-09-23,0.0032822024248917447,0.006647253597138247,0.010635937338205226,0.03380155217769265,0.005673153175460799,0.004108635097409552,0.033870675603350886,0.02754115495197884,-0.007692307693081157,0.009575870357359628,0.012150002283868533
2021-09-24,-0.0007010281746981928,0.00707426920468146,0.002786885245901649,0.0115398932872246,-0.003032876379824301,-0.004438587974458397,0.008934828310854792,0.0010171905198621545,-0.007013658176020288,-0.003264083560453046,0.0016471862447628993
2021-09-27,-0.01730415901107074,-0.008037126884795631,-0.005756790209953677,0.024165848870963513,-0.00724020442972062,-0.013166144199934782,0.029692654975214117,0.016156894624047125,-0.024039653036246222,0.009053783325362774,-0.0028609402806427653
2021-09-28,-0.036203555767119755,-0.037158330498035075,-0.026378530741675954,-0.0053898670500485135,-0.002206287920222594,-0.007553296626234163,0.010455311972917603,0.00275000000034753,-0.01891823260430192,0.0015272421824399363,-0.02015181637458352
2021-09-29,0.0016930022574379588,-0.010870205403739841,-0.004475325395963736,-0.000782755298438742,0.007431975922905787,0.01017142044238084,-0.0006675567434715202,-0.01336325105973879,0.013976963892128103,-0.007967671838526647,0.0016831135296062616
2021-09-30,-0.007323943662166266,-0.0050426672920603766,-0.004871074059713099,-0.013618559807200614,-0.015363980002792266,-0.01563160118259077,-0.01770207080691455,-0.02981755698166355,0.002169751117187868,-0.010029974636894257,-0.012222350097880086
2021-10-01,0.02546821793434173,0.02144738023273951,-0.0005418503275455011,0.021015333862725694,-0.006377708978203334,-0.0015736766812163294,0.0358721523290495,0.012293587539410566,0.00878757004499664,0.005154035375541266,0.011884233583465242
2021-10-04,-0.02071947423041076,-0.021117889602325413,-0.02847170190603243,-0.001077005923552976,-0.007789617997146836,-0.005659836652508021,0.012965698342171095,-0.006175063037014983,0.0018937002913153034,-0.005593753642012089,-0.012896094325637986
2021-10-05,0.019956907209059738,0.01768299297799314,0.00978750885641011,0.01623240491173239,0.0022610224842525284,0.003890770227961804,-0.0016202203508240975,-0.0032620514679757573,0.0015120967737964897,0.004023594671981989,0.010405001866296004
2021-10-06,0.01506441335383446,0.011336318122714628,0.01273207078547034,0.00213447171807446,0.002067928312030398,0.013349601665327615,-0.01833820188215962,-0.003324675324477444,0.021389028686126466,0.01451248930017468,0.004156084045290553
2021-10-07,0.005936337893623911,0.012067022862310761,0.012391133074392657,0.006330611761921068,0.008942530173417396,0.008003399674486156,0.0028103818812137416,0.02027520066697197,-0.0032027593004203547,0.009971236816773477,0.008645665670239167
2021-10-08,0.0,0.0040258574248497325,-0.004181769182087014,0.0007643012528044668,-0.002541217305199517,-0.004145587408571405,0.02505769864810592,-0.003014048531214897,-0.008774097874501119,0.007898234289317907,-0.0018237359230269812
2021-10-11,-0.002102764117356104,-0.006234552224461787,-0.012868619664175296,-0.021031606156694305,-0.004225439632180139,0.004162844845747804,-0.009971051785051754,-0.011631481861286042,-0.029672110709221933,0.012432656444327339,-0.007239756999972924
2021-10-12,-0.004588247289456504,-0.017744791741734933,0.00031728429288735427,-0.007681228996982092,-0.015975039001171032,-0.00147554806071859,-0.005198180636043936,-0.015397376742907753,0.013362456636675457,0.013656830275421417,-0.002461524304572471
2021-10-13,0.011711281070498458,0.008303468694778271,0.011378578709278164,-0.026366715045760936,0.009575749888407037,0.0023221448169539194,-0.002775963422509964,-0.0051600673965624955,0.0167364016735978,0.02209985315721652,0.0035976200357934474
2021-10-14,0.02173399480287519,0.025940893431451117,0.0047438099065852946,0.015341614906889678,0.005716080402004664,0.011303004774023684,0.015228426395790695,0.02852757489105251,0.01583738620835451,0.0343006967889381,0.016820625948012813
2021-10-15,0.00482246077604831,0.0015373606982489463,0.033080191280842275,0.019208417446267223,0.0074323902321504765,0.0025685525863774483,0.009516129032290488,0.024134204703481377,0.0025779523685829364,0.016425322082371352,0.007615819208873997
2021-10-18,0.010124584990783836,0.009973968649747311,0.011064763480413742,-0.0003601224418260385,-0.007315561066239762,-0.01440243733598534,-0.0004793097937693114,-0.00422068133844411,-0.008326190767873443,-0.0005466347796618809,0.0029605041829230405
2021-10-19,0.0030589996419894128,0.0032147809887117518,-0.0007514346890103996,0.012128489943244336,0.02341993504874984,-0.011802725867727015,0.015025575446747652,0.01493591684320661,0.012841091493175805,0.006665755110150773,0.007714841566131891
2021-10-20,-0.0026603510364979766,-0.010248748577538658,-0.00844620588534195,0.01346621581524654,-0.0005492158422645277,0.0039101379210264575,0.005511811022785862,0.015163567664255195,0.023040351090591216,-0.002682603823223162,0.003927747204073739
2021-10-21,0.01089749845469501,0.0008252862046578269,0.005841771447646638,-0.007843596347328674,-0.0023201856148311606,-0.007153884285791556,-0.018167580265800454,-0.01003966893589725,-0.0013107721631678837,0.0006469186243072134,0.0026082535752038893
2021-10-22,-0.00514866778196188,-0.03044345460449749,-0.02895479198022699,0.013451327433630311,0.00195838433331752,0.010765807794378857,0.006859148188954389,-0.00187988522815008,0.00727836773645274,-0.009051005478206475,-0.0010361780462203596
2021-10-25,-0.0033316082290607563,-0.0008686707879095312,-0.004550973602554409,-0.004889975550157688,0.002198876129627436,0.0001420151961386562,0.019486692015722396,0.007774732120555461,-0.0015399194504139846,0.009236685780798615,0.005362817796750852
2021-10-26,0.006425859215315022,0.013543402184055697,0.016775238904098266,0.002691002690928146,0.010177961969728644,0.014199503017300996,0.02315462315466421,-0.012709559368547452,0.01399928817127516,0.0015650517150609389,0.0009000109756003294
2021-10-27,0.042114088549181306,0.049594963695414496,0.0048636432301463195,-0.020828471411725724,-0.012126696832558403,-0.007140357017519805,-0.025972053463301337,-0.017581646964546338,-0.005382005382377986,0.0015965758543359243,-0.004430213176409237
2021-10-28,0.0036513290218818106,-0.0025202181683017244,0.015941093415160923,0.015074778049468218,-0.005435446439139402,0.005993090318718197,0.0028067986912765353,0.040585326059169535,0.016586283967629623,0.02235034763405519,0.009648852271087582
2021-10-29,0.02241405888717596,0.015063524604622458,-0.021511241611225085,-0.002758863583066984,0.00018421860552031433,0.0021726941406579048,0.0024879489957672085,-0.0003919839284927118,-0.012612821107320427,-0.005407377919021683,0.0020291499388627177
2021-11-01,-0.006784874253756845,-0.030726936222633117,-0.016107080057999767,-0.0005297545470160925,0.0008595284874464149,-0.002447723616389119,0.01799286489980778,0.006715357090280039,0.003046994023299998,-0.006070511324151373,0.0017201959717025872
2021-11-02,0.011415733066315381,0.013488086858934878,-0.0016153774287169798,0.00394581860973009,0.015764936817705966,0.009955131799825878,-0.012341916806690723,0.008472100496478285,-0.001986213341714782,0.0003020235581105979,0.004043126684779352
2021-11-03,0.002611593071617513,0.008014027125934797,0.02150781073126562,0.00035196808841808647,-0.0032006763693572804,0.006872136610236446,-0.013730330145663383,-0.01723638470467015,-0.0021072348404009844,0.013586956521555393,0.006105217579368105
2021-11-04,0.007305389221476055,0.011388286334337083,0.027482269503546153,-0.01313551867715923,-0.0027868653821899736,0.001861427093812651,0.007508212106868806,0.00019651191345149144,-0.005631159080109804,-0.0030450468339987546,0.004712515062996969
2021-11-05,-0.0011294733087269249,0.003942199065495533,0.01207650273224048,-0.0014261096917097538,-0.007108140947842401,0.004954582989264322,0.009470579103201704,0.01124809666502502,0.009084473808266935,0.026891537465566717,0.003469619412672875
2021-11-08,0.002767362971064502,0.001202536748375449,-0.00852801514070789,0.006010116036698321,-0.0034265434744286116,-0.007463708572852834,0.0107659181792219,0.04065475034027921,-0.010990295802881911,0.010636578190153845,0.0008537340192749099
2021-11-09,-0.0030861449895476234,-0.0007548765025731097,0.0250073087263325,-0.007571276469568233,-0.0022103518139789946,0.003035529492970923,0.009738283627948707,-0.02072345390930297,0.004137604919008719,0.003966730646096872,-0.003305397394145926
2021-11-10,-0.01532966215199294,-0.020313124292734464,-0.026334995232409564,-0.0009536297535431837,0.010830102762596105,0.009835614553707073,-0.019439421338376284,-0.014965921548182992,0.0030609842229045725,0.00137012490449262,-0.008044845735776351
2021-11-11,0.004927448609202134,-0.0008704980005009855,-0.002742637239557144,-5.965875141100696e-05,-0.007365921957805832,-0.0028606456881490328,0.0018694500701410544,0.008999854841171828,0.0019953051646919295,-0.011932414802476976,0.00032354083077890117
2021-11-12,0.012904972475558107,0.01997372510168871,0.015161987041036662,-0.004474673348924707,0.011958788176521518,0.0010928961741765164,-0.0076193438031447736,0.003548650074645332,0.01101089375682851,-0.001674610331040216,0.007546844340984293
2021-11-15,-0.001930387265396405,-0.0015200634929697365,0.00582386565110693,-0.0017979144195757746,-0.009029755772854253,0.005731441048678398,0.008617988090292572,-0.007454484637018255,0.011933727262155358,-0.020000000000239937,0.0003424144497963244
2021-11-16,0.010235962745747562,-0.003880042033483022,-0.0014045260711625929,-0.007204610950868218,-0.005198140899897119,-0.0014246947088191186,0.010097871679104697,-0.01097684271343946,-0.004121822761849359,-0.007570770243590319,0.003957811865039185
2021-11-17,0.000677446909025603,0.0011563742593698745,0.0023441692320727014,-0.0053821964200196915,0.0037499231572453162,-0.0006114545824166262,-0.010919717009021834,-0.011926203573343619,0.009197516670279793,-0.006666666666469756,-0.002429253324231717
2021-11-18,0.006339938664653655,0.012100886880399564,0.04143702451394771,-0.008633793396643497,-0.005389514943501483,0.00013596193115028576,-0.010884776863202106,-0.007685486254750851,-0.00205058099741251,-0.010851781361724155,0.0033964198743949847
2021-11-19,0.005391625399119304,-0.006086553189071031,-0.00527318279465161,-0.013063477461436879,0.003017241379360547,-0.002039151713334464,-0.04621914793275195,-0.004865455267421548,0.008105022831099262,0.005063462057680379,-0.001788261341758024
2021-11-22,-0.00955961644947323,-0.0176227870795721,-0.028287235113162446,0.02131493910068416,-0.013076309165552025,0.0066748399402973835,0.013845393110557103,0.009678706844893359,-0.010757558601014905,-0.0007388997112371953,-0.002815159205641349
2021-11-23,-0.006326692758019337,-0.0035542918068572904,0.002090931738216506,0.02391238211097635,0.006199123355621561,0.011096075777607961,0.026337180947684224,0.01457653918382773,-0.0005723443217581226,0.004974455498914843,0.0013260046622980415
2021-11-24,0.0006811182182233644,0.00231853040815988,0.00010335080054968415,-0.007844069407708765,-0.0028004231749499953,-0.005219486081308178,0.005544115316307829,0.008474163541454027,0.003264230901839138,-0.003879598662283601,0.0026698562549367644
2021-11-26,-0.02435559764407247,-0.026943607993482943,-0.02118472465443899,-0.03012697652138696,-0.006490264602655116,-0.00800484326652573,-0.03512917454248998,-0.040276235089523715,-0.01284256392646943,-0.014101531023138714,-0.022303169734100514
2021-11-29,0.021081048289014914,0.023543602258849772,0.016267377359782564,-0.004322855554899752,0.0034547738689729712,0.010510612328326285,0.005551020407313034,-0.014139787651729296,0.029852479962022782,-0.007798665031946039,0.012266596945196051
2021-11-30,-0.01794254819822072,-0.024963839195232707,-0.015302240304135517,-0.014885567202537975,-0.023912363066989184,-0.029794658434974863,-0.028413703522450873,-0.013117599020119886,-0.021204601848792026,-0.013420284881049294,-0.019457597933564053
2021-12-01,-0.001542696391362175,-0.00596205007139694,-0.01806351170635312,-0.005918277402949035,0.013788238311770895,0.012588186471261142,-0.0008355614968514891,-0.009723299715346356,0.012214796035339592,-0.008697467297465566,-0.011107208710258831
2021-12-02,-0.0017874454677258012,0.013573056649695436,-0.0018468400450676326,0.02102729748512422,-0.006262651821909548,0.005874316939480373,0.02492055527678838,0.027785031597750143,0.008879781421057942,0.008738681828014627,0.01531631520538057
2021-12-03,-0.019666757716441663,-0.006746359273898106,-0.01383910908371544,-0.01811302028393491,0.014577630657797824,0.017791661007505066,-0.006364229765614682,0.0051323746121452185,-0.006657639359031964,0.0041401384684083276,-0.00870135548752482
2021-12-06,0.009844896442736228,0.008123153628714075,0.011086232480478353,0.01181375955538222,0.02233655414712321,0.015145449693477087,0.011331910001384005,0.017593528817205994,0.012722935363260746,0.014794539532842377,0.011843324070327288
2021-12-07,0.02676354272069248,0.028741573818426458,0.027986473593454964,0.015047452547307216,0.0025776359396503246,-0.0026289845545498514,0.011204936667496668,0.01594793322718302,0.014133482893866844,0.010379323295506948,0.020684844918250178
2021-12-08,0.00014928938239888723,0.006226679658815737,-3.6897331755381124e-05,-0.011441225318307602,0.00599902056793189,0.004481054365524262,0.0028906375471724477,-0.001467064403770868,-0.0009954651034985718,-0.0008785861521215521,0.0026479883830363704
2021-12-09,-0.0055825894855388025,-0.003698042669143309,-0.011279646680820599,-0.001555597038404688,0.009492515516663635,0.0058387456540605065,0.0025620496397611436,-0.00029384396899323484,-0.004539415411677461,-0.008421551053408804,-0.006751576077713484
2021-12-10,0.02833983788651495,0.002458708263289866,-0.011247567046178797,-0.003988532967546754,-0.0024713682940120663,0.013957735454778852,0.006388755789932921,-0.0032822221134282126,0.004115226336656397,0.007401596288788559,0.009413530609903464
2021-12-13,-0.009166812634976429,-0.014695797001970212,-0.015356072747543692,-0.011888374421108683,0.017886277116394345,0.014215875466790928,-0.021901285511588098,-0.01086208591348492,0.016171909614875135,0.0074826477062257535,-0.008858393168038603
2021-12-14,-0.03258691809073411,-0.013162902490408968,-0.0028071416987335285,0.0076621073961535835,0.010923122588605949,0.0036785691631024964,-0.0014603277620064414,0.0019378881988785235,-0.0186396337478254,0.0021508267237375644,-0.006879996570883562
2021-12-15,0.01921788390078194,0.017608594439626035,0.024977600884728002,-0.007478162509048092,0.004991485113211791,0.0038546603478979424,-0.004387390315807704,0.004512993453243963,0.021881595024265454,0.02307176391709631,0.015625000000053957
2021-12-16,-0.02913491707753857,-0.013630062619202632,-0.025641173585667643,0.015638850196343812,0.010926726656695696,0.014163414326984425,0.0016321201250342199,0.017872130338375314,0.002499999999653557,-0.006326209518792036,-0.0088185295366362
2021-12-17,-0.003385657125291708,-0.018830696804889357,0.006789205961947209,-0.022754192381639005,-0.02762846078251302,-0.022655328657848917,-0.02183477268971057,-0.023281757772832368,-0.01398677220025546,-0.015899719610846796,-0.01059828277415431
2021-12-20,-0.012013588634986805,-0.000832598341484525,-0.017283514932286415,-0.017989282980787724,-0.0028532366400674247,0.002540327702831746,-0.014492753623954635,-0.029348959626366966,-0.01099626127095732,-0.011128615962017196,-0.01063343988522436
2021-12-21,0.02306898815284697,0.01317378378177958,0.019978573010372314,0.013966480447084706,-0.003219076006107935,-0.0006334726974654981,0.022650439485595752,0.014580988437588926,0.005670446964685327,0.0025083895457971295,0.0177590223746793
2021-12-22,0.018057380305072757,0.02050915680700771,0.00363813469313512,0.0039080017939172595,0.004305962562016763,0.009888438133750954,0.00809917355339862,0.019363622611051845,0.0038695411831506377,0.004767540152151417,0.009998704271467984
2021-12-23,0.004471788715407765,0.0034251955055890626,0.00018417067652021224,0.0035737077217876667,0.0019055558859897292,0.00489580718045679,0.0004918839158880584,0.020034627751351897,-0.0011013215861322978,0.007807241890045669,0.00622207017472598
2021-12-27,0.023185634467639327,0.006738521541282516,-0.008178010563020033,0.005723006486320292,0.008439821694171457,0.011680199874889219,0.014257620453080655,0.0008729388946959737,0.00683572216139039,0.00914919193284991,0.014152146196392712
2021-12-28,-0.0035041611914660153,-0.008245073746068754,0.005843713808315609,0.003034901365217779,0.004007779807796874,0.00537136506745961,-0.003231539828791319,0.0011629033816173973,0.006132282084505558,0.005856660710694017,-0.0008171646483152717
2021-12-29,0.0020512820514899666,-0.00021815157415594477,-0.008554971551789858,-0.0005042864344956266,0.0070443205169814505,0.008290346352335165,-0.008753444643691322,0.0034362598011117296,0.001197213757447857,0.004638310470733931,0.0012791746179605656
2021-12-30,-0.007691182921679696,-0.0030991101565730483,-0.0032889876537373075,-0.0005045408676109808,0.004430195278348981,-0.008648516961616615,-0.005887162714757754,-0.006029035836776608,0.008479182520118034,-0.0049443352979329225,-0.002764513697058213
2021-12-31,-0.008841211835411977,-0.009223634666477465,-0.011429367693580161,-0.0008202927812768213,-0.007196332192405563,0.004976346992600078,0.006580029610270044,0.003202639751509917,0.0063598145952070695,0.006153542400132439,-0.00252016129031718
2022-01-03,-0.004668173168234535,0.0009630519428092121,0.022118320267279223,0.021155667824434232,0.0027474133398186495,-0.004156987406580215,0.03840496813332117,0.0012576182642158873,-0.018209083119234193,-0.027772300006521533,0.005789961259873744
2022-01-04,-0.017147124720058637,-0.004082997968389845,-0.01691563309654398,0.0379097093380969,-0.0026815902997118224,0.003499079189135834,0.03761410135282128,0.053526570048674005,-0.010691686667611777,0.012203779452711228,-0.00033493123426697746
2022-01-05,-0.03838789094537298,-0.0458761976324753,-0.018893040914029102,-0.01817315140357534,0.006663549216749054,0.004526824494232917,0.012437433641099283,0.00765774027890509,-0.01047640052962362,0.016097789058979295,-0.01920217778258937
2022-01-06,-0.007901890132260614,-0.00019960079814262954,-0.006711001052586818,0.010624007815675185,-0.003425850656490703,-0.008403873089390834,0.0235205992509826,0.010193401592342388,-0.04413239719135198,-0.02044438601098708,-0.0009394081726750159
2022-01-07,0.0005097489487606577,-0.005303181546347346,-0.004287796929937304,0.00990816819726792,0.013517450329253222,-0.000552723699476898,0.008196721311644728,0.009910356322552216,0.007461816485375028,-0.0020468424936698204,-0.0039534983117875955
2022-01-10,0.0007323907780205641,0.0120605472318287,-0.006570124389433718,0.0009571667864174405,-0.004943949410516013,-0.013641391176045348,-0.005952380952076175,-0.01137428074390423,-0.0245341974309502,-0.007767055579997684,-0.0012443948594084153
2022-01-11,0.002259203869414028,0.007690948621863258,0.02400208067572418,0.0010160172120521338,-0.010630307932581462,-0.011587341141578111,0.04206221703020452,-0.007624977441207714,0.005931901767590508,0.008268383598665219,0.009108289832651772
2022-01-12,0.010445107625715933,0.012126438426810715,-0.0009373374777760235,0.0056719804172813415,-0.008525547444883208,0.0022059750410960977,-0.002943237562610057,0.01113889520378697,0.003538153084827078,0.0074275727635806366,0.0027035657264422586
2022-01-13,-0.0423225563201135,-0.020105281392789665,-0.0241696780402767,-0.0012467347422283614,-0.006066317215461914,-0.004528017105840831,-0.007168962607848939,0.02068345323741272,-0.0022329298393237718,-0.018215179316298347,-0.013778608126999936
2022-01-14,0.01771653543316032,0.006447213663944629,0.005731512151550211,-0.06146347262698593,-0.005451528798443128,0.00960262808736645,0.017556279201815794,0.008546255506565403,-0.020023557126169544,-0.009990145774366188,0.00040901556404704387
2022-01-18,-0.024339136041213516,-0.024967647807369486,-0.019862709543722157,-0.041927924504559844,-0.004408960914805693,-0.01927288655234871,0.01683595380539682,0.0040621997027954215,-0.023437500000085487,-0.01630341513647815,-0.017709588569329138
2022-01-19,0.0022468197588871863,-0.006481712966069364,-0.016477102899303042,-0.015469028888402181,-0.0031119090369762237,0.03362470490604075,0.00041050903000017236,-0.030887023099890554,0.016492307692096198,-0.0035938590369943846,-0.01038357904884002
2022-01-20,-0.005703359377500661,-0.01338844626718605,-0.02963230730842814,-0.00852749613921211,-0.007984151758927194,0.0053691358024865465,0.0021884831076908196,-0.022692411802147094,0.011139363118860768,0.004937493434055806,-0.011068068622196003
2022-01-21,-0.01846816976138066,-0.022174296269729332,-0.05950187086884129,-0.017472572124978214,-0.002299546142212505,0.0038271604936850334,-0.015012965742646767,-0.011725061164001072,-0.010896898574702218,-0.015715380862747708,-0.019630665920552848
2022-01-24,0.0011485322433997247,0.0034713831449186827,0.013326977138730989,-0.0008960573482507117,-0.011524231212488911,-0.008117082769591888,0.008590827212880514,0.0011210238683205809,-0.008232445520640619,0.0012036676461018025,0.00424676925894607
2022-01-25,-0.026588386139039244,-0.029578606158796816,-0.03153365065308844,0.010900310452111261,0.02859421979554333,-0.010911345318741605,0.029399642809490922,-9.331404825019263e-05,-0.08325195312454292,-0.011951486864031025,-0.012208985085476964
2022-01-26,0.028493188672194414,0.018103753889208374,-0.007954366865257856,0.009486112058761487,0.004474139473666927,-0.00871254857774062,-0.010142799946811776,-9.332275657425448e-05,-0.03275632490026603,-0.010807715706914522,-0.00250880383005625
2022-01-27,0.010549020929226272,-0.001764255259138925,0.005508650020702444,-0.01764467279624482,0.013125074236969514,0.006196648751735534,0.01280841310408909,-0.009893135470676384,-0.00178964757793465,-0.0020259759052767556,-0.004937929761232418
2022-01-28,0.02808164354343301,0.033688616720104925,0.031084056933130544,0.008946390475940591,0.007034409988588841,0.008609313140195418,0.002129925452652337,-0.051892350474031734,-0.00013791201075197268,0.0064527823092861425,0.024835358500942428
2022-01-31,0.00882372023617961,0.014641809959985652,0.038863576379724485,0.013573426096309404,0.0029105302987295634,-0.00031152647980692283,0.00903294367712304,0.0019884668924827764,0.07751724137841887,0.016172603825059806,0.018011087227207456
2022-02-01,-0.007138722747630388,0.01729814823690856,0.010830795562048134,0.017160161507682847,-0.008183876023065473,-0.00442505453449904,0.0641126908900711,0.01880333399470735,-0.011392729133975155,0.008896923295021564,0.006756906936943086
2022-02-02,0.015222179038930639,0.07523756938194026,-0.0038427577905134624,-0.008005292755768223,0.011060393258267132,0.01790409415299199,-0.002598045279906147,-0.0019965911858703667,0.006474168069271702,-0.0009837332677117283,0.009714096478461443
2022-02-03,-0.03895233841657497,-0.03317567567533575,-0.07812764544775519,-0.008269974656315293,-5.788041856724657e-05,0.00947109471099683,-0.011659637807954315,-0.021225724602191187,-0.02521548951524133,-0.012203270617088036,-0.023504974308534488
2022-02-04,0.015568464730245424,0.001418687538869312,0.13535908617852233,0.02595830531272547,-0.006540865941684348,-0.015901060070389494,0.02171184738963783,-0.010867939578261931,0.0031674805329493516,-0.06337225861596851,0.004702194357535383
2022-02-07,-0.016310387657426317,-0.028556872980595727,0.0018777019719042887,0.003342947037138222,-0.0033210977101959527,-0.007490868569541731,0.012037833190995606,0.007106496648515703,-0.004341534008537984,-0.0330697886571244,-0.0032092712280795688
2022-02-08,0.011995348064189004,0.0014224035750058928,0.02202164807785456,0.01881492127771134,0.002630655910773383,-0.002245508982020139,-0.025852652021026934,0.008407566810111788,-0.0029069767435867533,-0.006171868857822171,0.008227876403000822
2022-02-09,0.02183477804044509,0.015731820170612476,-0.0013877401828222835,0.004168002564753026,-0.00011661127666107163,-0.0022505626406442714,-0.004734612510170377,0.010421836227999304,0.015902464880827027,0.025908785253579536,0.014636093493676894
2022-02-10,-0.028373124256834248,-0.020989886433953497,-0.013561677404545613,-0.00415070242639437,-0.012070674674574566,-0.015225563909843198,-0.009620253163480474,-0.0026031434184818902,-0.015783981214742226,-0.026912399752873517,-0.01796564234827369
2022-02-11,-0.02427409220184662,-0.0312905785600166,-0.035911159188319774,-0.013016992626101342,-0.010093259355458684,-0.005599032894040956,0.025178936604192126,-0.009011670852305032,-0.006494367131746448,-0.0316586100328482,-0.01971868601450022
2022-02-14,-0.0001355748372533494,0.009260328039703003,0.012221653233829288,-0.009290540540015102,-0.012581241429028611,0.0028792629084948285,-0.015334746290185386,-0.006708407871396704,-0.0005336179287626086,-0.0036826384057122574,-0.0032693093582462085
2022-02-15,0.01854237288143401,0.007987397252186224,0.008658413193527004,0.01462390976461303,0.010326086956536695,0.0005103993877562107,-0.01253481894148567,0.01760968532697782,0.00226908702617723,0.017824140621767626,0.01612682793498177
2022-02-16,-0.0011648417478729023,0.008268153152537483,0.0101590628104824,0.0018097207857716846,-0.0005976929051345614,0.007588317816251022,0.004615976407495781,0.0011307212036870684,0.0018644293509226806,-0.010047209780705724,0.0011208249269252235
2022-02-17,-0.029282136895140032,-0.03774557493195263,-0.02180891268528562,-0.023032258064598854,-0.006100113629467163,0.011454971204571063,-0.0015315890246885289,-0.043704576703942566,0.001993885419223407,-0.019279367408387538,-0.02136139722345698
2022-02-18,-0.009630929040630898,-0.016116011135870356,-0.013261990591810768,0.004688635012558562,-0.010650460316914634,0.0005005631337560157,-0.011121053303270734,-0.014326794700974532,-0.016317325551357675,0.005652300403047095,-0.006475083512569757
2022-02-22,-0.000729343937677096,-0.004520601520193068,-0.015753449343551607,-0.0017746812144054935,-0.013589618021378813,-0.012320200125045866,-0.011633919338821519,-0.003855170617221737,-0.004989885368075764,-0.01595239079249844,-0.010731639914312585
2022-02-23,-0.025893229528653694,-0.01714382556530525,-0.035756254265217446,-0.02093896095334513,0.0004964627031189828,-0.012473880833247186,0.004054407534175519,-0.023743528058075003,-0.019788560584406367,-0.014447104279158296,-0.017738668901409627
2022-02-24,0.05109358832535382,0.039995924381608594,0.04509518252811984,-0.027843163628874512,-0.019104329487247385,-0.026929982047198875,-0.012635143937235083,-0.01060695344703444,0.04314159292017461,0.00196019942853054,0.015049176442663237
2022-02-25,0.009233171526702444,0.013327957435041338,0.01605795531124876,0.023659633344932374,0.04970279499154673,0.042698998419001155,0.026912928760422172,0.012832313606078394,0.02279957582084502,0.022328073831917372,0.022063973850275254
2022-02-28,0.004977969123050707,0.004443717253354906,-0.0014662994957360675,-0.04169764141391008,-0.008614457831114808,-0.014850859454535903,0.007451181911872995,0.0027798567308683353,0.019893727320095422,-0.016973125884198526,-0.002558537978502695
2022-03-01,-0.01285183573755222,-0.007370961890256655,-0.01576551643299484,-0.03772919605085512,-0.0034635717324140725,-0.016550131502510168,0.009563886762888885,-0.025322529054611298,-0.010604318385091016,-0.024418112568753703,-0.01523028651238334
2022-03-02,0.017765723004125267,0.003804224180997018,0.006024136242738676,0.020740197874795196,0.012439024389990783,0.0031309112255983873,0.017178224074621662,0.05349231526567322,0.001420454545350447,0.012145924608509384,0.018396204474598443
2022-03-03,-0.014224324594478865,-0.004993627922932564,-0.027319511352986603,-0.007107983917563732,0.014695254155477011,0.0037063528185692363,0.006333043586365772,0.011629718083153495,0.015989684075481625,-0.006300090001152836,-0.004978419237668397
2022-03-04,-0.020478507704731808,-0.014884297551687853,-0.015263846489315447,-0.028129293513981524,0.005935422601997198,0.005053122570942703,0.03763573543898424,0.00415704387992033,0.018022591699432766,-0.014793409816276526,-0.008124670078739626
2022-03-07,-0.03777685779337214,-0.041908473046816885,-0.05622043243317465,-0.03861607142854828,0.016108095350764184,-0.014825319067144016,0.036032821976925034,0.005315342942065149,0.04949507542630971,-0.030337521341457174,-0.029479140153231165
2022-03-08,-0.010971281058656301,0.005744648021304144,-0.01046539544426095,-0.007042798544370177,-0.020265954357910898,-0.03958387856561019,0.007575757575747355,0.06761565836258554,-0.02649085293396669,-0.012325056433293069,-0.007581718045914898
2022-03-09,0.04585825629902485,0.049687461891842366,0.024001117527910676,0.040062353857505784,0.00379326695091331,0.013488657265768644,-0.0568466621096243,-0.0010476190471405689,-0.019890176936830706,0.03761941765324672,0.02681081081077563
2022-03-10,-0.010086655112800269,-0.0074239244492491085,0.054125173213477984,-0.011840527577350879,0.0017713745865846064,-0.02574443772291013,0.031042396424513896,0.009581466297805097,-0.0019920318730042297,0.002643171805919886,-0.004515570529543211
2022-03-11,-0.019328407857533425,-0.019323489101671476,-0.008806852044204616,-0.02252388897317459,-0.0018271837793818468,-0.011866979439425496,-0.00515463917525083,0.01435384106881199,-0.010728542913130856,-0.03611599297004919,-0.012715051236133812
2022-03-14,-0.012961045452723363,-0.030180063987048755,-0.025229428721624036,0.009930948870478629,0.01381753764426863,0.012777545034925675,-0.03579839849277444,0.0028394544526577636,-0.00025220680982473986,-0.00505971373893499,-0.007308305758671807
2022-03-15,0.0387425842858673,0.025779866773590232,0.03886770107082671,0.01774602442971629,0.025918807152248258,0.03598759048618283,-0.0569125549582733,0.004734496843552316,0.034056508576886024,0.019975259999240658,0.02199040767378979
2022-03-16,0.0252133031516919,0.03159878635907698,0.038933543240831536,0.04468599033884857,-0.00919722947657664,-0.00339389099637033,-0.003755503755634937,-0.0017555206505701637,0.006464991461986314,0.008848762521013409,0.022174249712727745
2022-03-17,0.002819389245428461,0.004190410449971038,0.027007785557529473,0.012644508670181853,0.013064405225844844,0.0031383547012713287,0.026647601715946267,0.026008885598203024,0.002181553750399523,0.017586821015196152,0.01251090399892063
2022-03-18,0.017647855836461224,0.017083959085492095,0.025512118494775304,-0.000356760613367646,-0.011085972850556569,-0.0005325168078073039,-0.003925044315813642,-0.003563373928916591,-0.0038698754379752343,0.013651279807281425,0.010918922166485823
2022-03-21,-0.0042272742402518215,-0.00017630789286071646,0.0014945690090883978,-0.003211991434740824,0.005662319835039398,0.0037962037967389506,0.04487098004426304,0.012674844959462916,-0.0069199951436009766,0.010920706177021566,-0.0002924502835442988
2022-03-22,0.016379195079363473,0.027674199035496505,0.021038258979574787,0.021267454350181403,-0.0047204686344614055,0.007696390657619512,-0.0043795620440454375,-0.004470072862248653,0.012836185818873025,0.009991460290323939,0.011701433425718388
2022-03-23,-0.015029928303516682,-0.011385735121977159,-0.00898179987749348,-0.019913055672630575,-0.0037714285714864904,-0.006979194100680708,0.015762463342827715,-0.0024246778318429696,-0.0033796016902960524,-0.005495899213543987,-0.01287840032037424
2022-03-24,0.015392834485412621,0.02384008736209786,0.0014778958190542202,0.00651023036220999,0.005162326488846292,0.0017239092964584923,0.003007337904737728,0.0001800423095956738,0.013685357877531334,0.030479510287105605,0.015074357818810169
2022-03-25,-0.0013811246302347646,0.0007134179072774138,0.006868337514016387,0.008742625630481893,0.0095868523164373,0.011583267143087328,0.021827776445667357,0.0051752846406292186,0.002867383512581645,0.01711975578547764,0.004883571222543459
2022-03-28,0.023116438356133084,-0.0015352254834583023,0.025592707565233352,-0.007398534385690381,0.00514356771409652,0.006870378852085635,-0.028051643193552467,-0.006760386819248954,0.00583750297850516,0.007097663854924718,0.007113035410579727
2022-03-29,0.015159317669953598,0.007422829087176508,0.0019202262849093987,0.0022006104920853087,-0.0005061013321322472,0.010267741096764427,-0.005313367950726566,-0.0036511156186717075,0.0022503849350758998,0.016229712858708556,0.012370862670169513
2022-03-30,-0.004914238610284061,-0.003978793800705205,-0.017801139887192563,-0.004533220002537086,0.010408461797678514,-0.006882799433589493,0.01711788272504955,0.009229098805419556,0.010399432757443927,0.0032495838949007094,-0.0061748456289396625
2022-03-31,-0.017683043395004594,-0.02022707017466152,-0.019864582894871252,-0.03002703856543032,-0.013141043487917559,-0.010298594468661326,-0.014203867272160386,-0.0011655011651885427,-0.00923976608143584,-0.006438615895317912,-0.015391323304920101
2022-04-01,0.0036002724531563057,0.007787585165470068,0.0034509731744352123,-0.007409037559187093,0.005416690176573757,0.014986910994964298,0.006417241797590512,-0.013688178799020956,0.011804981701530659,-0.003681325277049452,0.0028341156674658308
2022-04-04,0.017936784952345297,0.020128362010483514,0.029264490095377793,0.004434262064961114,-0.009652617991601109,-0.006512347669108132,0.00048123195367377747,0.0047322200479424925,-0.0010500525023084961,0.014699385517551677,0.008566634284028485
2022-04-05,-0.01298536368531611,-0.01665017153783499,-0.025492065472106584,-0.011551762195704862,0.006460021532800564,0.003504672896806005,-0.005170755171129304,-0.02169285811325594,0.008292455033864554,-0.003839303383869175,-0.012631348511381257
2022-04-06,-0.03660576428197582,-0.028757175067904095,-0.03230014324464359,-0.013874306284526905,0.02601204887152786,0.014293105678399254,0.011120512510437663,0.0008795481900343294,0.0018533534117892714,-0.0062778130961859135,-0.009999334855738007
2022-04-07,0.006243739565950923,-0.004829803438692215,-0.006119453752928994,-0.003042056430317075,-0.0025791582065031182,0.012943952050319618,0.016736401673372647,-0.001433791221477243,0.00682159787255987,0.00507796881272915,0.005038968019427825
2022-04-08,-0.014599993363839325,-0.01914069255334616,-0.021066708073353313,0.01830803264950509,0.0019806338023358183,0.007805615006632349,0.021046443268900816,0.005233904585607352,-0.011368856224624801,-0.0006762939098151621,-0.0026739755331336434
2022-04-11,-0.03943159241660166,-0.033491512707690685,-0.02161394013356155,-0.0036706869424437683,-0.012519218098038354,-0.003810118675391827,-0.03443113772379125,-0.0045155047691654016,-0.0175397839467053,-0.005453821655884816,-0.017092298411543805
2022-04-12,-0.01121783635999929,-0.008608677764270323,-0.0022134434430461924,-0.010977443609089477,0.00033362989347307526,-0.003009593077913819,0.020870602264908777,0.003008562832618855,-0.008157956963586566,-0.00820557979407377,-0.0037052191307370697
2022-04-13,0.01971211798907735,0.017065407608224836,0.031524496393931845,-0.03223354112861576,0.004224569205350859,0.00283001069095401,0.014135514018682738,0.0072450392249536755,-0.004052926451129091,0.008636693841277632,0.01145360377837168
2022-04-14,-0.027084347402837272,-0.024358322940304267,-0.024652663927838936,-0.009269442262062721,-0.0042067972990281755,-0.005581337012435572,0.011749798410557899,0.04370733495186441,-0.008856971873460684,-0.01232394366207068,-0.012451783176413489
2022-04-18,0.0024657827966203527,0.007468634103808602,0.007109121889965042,0.018553758325690506,-0.01245136186783835,-0.00952260831165963,0.008197654560419654,0.00926210438560715,-0.013283419877216374,-0.003403014098311008,0.0004111560335469111
2022-04-19,0.017039783259827468,0.018268827857778502,0.03488889616127233,0.02070683481211444,0.030507711358725542,0.014962434738148067,-0.008921513269924297,0.00974251913707147,0.0014686084934709687,0.014512195121854532,0.01614265817290228
2022-04-20,0.003715387311684859,-0.015145105338504883,-0.026041090215696783,0.003508236729781844,0.004424295390315969,0.026598080421835313,0.00227894257136807,0.012577532735952746,-0.003910546254017655,-0.003325720238605001,-0.0007415063814635303
2022-04-21,-0.019381198491614904,-0.02519134645445631,-0.03702645488902456,-0.007751937984463386,-0.00288215781180734,-0.0007742132601026297,-0.010572987722517468,-0.010677216267093836,-0.06539074960126046,0.009648629090735827,-0.014953565244565037
2022-04-22,-0.024144439300557985,-0.0414935764675014,-0.026608944273614932,-0.02872242647059109,-0.009925828970089756,-0.00836356927624593,-0.021831552337167937,-0.06518467558157315,-0.029272775006299434,-0.03273074779039986,-0.02743916358508458
2022-04-25,0.024413385395813725,0.028741468878837884,0.011943193626602122,-0.00031543253679611194,0.02462267268870466,0.008062015503723652,-0.03371314460330743,0.0018492834030716665,0.0012170385391854222,-0.000658653054175451,0.005797577692327804
2022-04-26,-0.03740381875182219,-0.035945853713840514,-0.045750783849281995,-0.02958113118245742,-0.007150153217208799,-0.016979390956902596,0.0003646973014967969,-0.029533917859071557,-0.0063479200431700855,-0.029370571758047803,-0.028960817717193943
2022-04-27,0.04810894826454182,-0.03670880741732674,-0.0087810547309366,-0.01300601528279155,-0.013970110461327345,-0.0026910319789446024,0.02855754040572389,0.01740370898751653,-0.004077749081786708,0.011119127445466281,0.0028118240806203065
2022-04-28,0.022632582444540805,0.03699215622827756,0.046534266503578836,0.015812880909399363,0.007468423942945224,0.025414156626589524,0.030245746692094677,-0.007104131613377529,0.0030025931484052304,0.009359916054692885,0.025259424353691884
2022-04-29,-0.041811966992117866,-0.03723343668916901,-0.14049441030730347,-0.03226852602567609,-0.0163523383847487,-0.017501988862994255,-0.02236238532083412,-0.00894370175119863,-0.03361001496931448,-0.026655023286791923,-0.036955657885608395
2022-05-02,0.02504324012682857,0.021676547526722434,0.0017581055909368093,0.009132037533816195,-0.010085337470663647,-0.013516038616784298,0.01360703812364461,0.007267027642823498,-0.016192621796223494,0.005682060921851084,0.006019417475870981
2022-05-03,-0.00945618167126383,0.006441762521369743,-0.0019799196787148032,0.02141967621405705,-0.0019592476489038724,-0.013701224902357811,0.020599467653435122,0.007308907436628376,0.012737941892920546,0.015717926932856008,0.0045840571318018775
2022-05-04,0.029100716871368615,0.041991238685504806,0.01348050557931968,0.03308136226970726,0.010712883504190307,0.0073618846424683415,0.03980043088817231,0.04199045033229809,0.03250423968248506,0.035089920535211094,0.0304529516306975
2022-05-05,-0.04355472791225856,-0.047075518766875324,-0.07561036619986738,-0.025019669552098445,-0.01908990011076761,-0.018429079817072647,-0.015158124318524036,-0.029920481603228022,-0.016698603886135865,-0.04650692957281233,-0.03554281452480301
2022-05-06,-0.009446547683550355,-0.006514713897785129,-0.014041251814753464,-0.001613944479952223,-0.0022063815342299176,0.009970218826906851,0.01528069981220792,-0.005927846987210161,0.008769487749475946,-0.0006780235614530783,-0.005968922935741472
2022-05-09,-0.03694536453954289,-0.027953329042481156,-0.0521335685813239,-0.015033947623923849,0.005443102568429614,-0.0025000000000251488,-0.07885265568854416,-0.03894712322406568,-0.02428591141140446,-0.011025358323849543,-0.032017309281839434
2022-05-10,0.018595509864407056,0.016745029375476284,0.0006434474073664376,-0.024372230427974984,-0.0013534088989749504,-0.005269584216434864,0.00663035756670749,-0.015996897571375346,-0.010182435299235348,-0.010891004202105647,0.0023105708616655285
2022-05-11,-0.03320964749514699,-0.006927750339397742,-0.03203226191679143,-0.0063083522583916585,-0.005420972386889544,-0.01408359713186147,0.02081863090996494,0.010936499334871952,0.0030004286322948825,0.009580371076750138,-0.0158861409705654
2022-05-12,-0.019957781615797088,-0.006676789683496054,0.01479045666780543,-0.0008464533602318136,0.009879066599039588,-0.004062643339401872,0.004493605254542787,-0.010623263973380315,-0.024074074072906182,-0.006354931512912998,-0.0010439210695257772
2022-05-13,0.022596436263846664,0.028415334444496176,0.05727552008080017,0.008895289731729594,-0.005734525215246644,0.01072438976285528,0.029663962919973308,0.0064029946313650665,0.018829367975285116,0.009939069184667915,0.02390783504111793
2022-05-16,0.0014552696077856364,-0.0138344944659754,-0.019853168811640343,-0.006969518851143941,0.006955046649779417,0.009764353599661657,0.023520144045808156,0.01399696569281672,0.00458452722014413,-0.0033802575840505833,-0.004057552524130537
2022-05-17,0.020344168260028495,0.017720302328430027,0.04113328610555844,0.033147302553862,0.004155435759156223,-0.002836513667050955,0.012754260583747845,0.028476277812685913,0.02709640616093334,0.028593508500631915,0.020570371666420506
2022-05-18,-0.045423881268155775,-0.039266611145813424,-0.07156199482527725,-0.017105909314423573,-0.01856615591090749,-0.06232221360248813,-0.01585061339733862,-0.024168191843756626,-0.014162732573673176,-0.02132899240355679,-0.040311520376262844
2022-05-19,-0.0036996221662684015,-0.013543402784996328,0.0019278795658770331,-0.014822216670321131,-0.008888888889316937,-0.023028130170549832,0.005405405405096486,-0.0056747138596734414,-0.007605633803703271,-0.0010662344861134265,-0.006124636349739809
2022-05-20,-0.002291222248797853,-0.013371503116307193,0.002534499948750879,-0.008198799763860842,0.017477291020222552,0.0006351446714234488,0.007899934167359124,-0.04323853743473527,0.010786261709442302,0.01438818205090997,0.0004365018230705342
2022-05-23,0.03203199239822907,0.023689719763118955,-0.00031601156230531835,0.061871484575234836,0.020284777941056653,0.022991748360262187,0.022098846070279565,0.03199878677568413,0.018674529626864445,0.0015152152870219204,0.01871005826037586
2022-05-24,-0.003951659313620293,-0.04949411595833275,-0.03214109727865233,0.014125200641593061,0.0109228711546967,0.017786970010699177,0.005431888379758831,0.007347538574812962,0.029221226739997164,-0.004748896826922144,-0.007633780106731214
2022-05-25,0.011170171789912198,-0.0015570444473658185,0.025696445725264194,0.006964229186666948,-0.009812568908794228,-0.016392332182276648,0.02012711864399308,0.01779722830034669,0.0016070711129156923,-0.0016890465333311289,0.0088349539211241
2022-05-26,0.012875209507668961,0.01878455649572852,0.04029501287754611,0.01729016032747266,-0.000890769402070668,0.008745954135874534,0.0035306334378040205,0.017581577564496298,0.003342692873544051,0.02567464681503706,0.019981377557398705
2022-05-27,0.02760436254219023,0.04196952478187188,0.036632081204564404,0.014137824474521166,0.009082803967926267,0.015292190059834843,0.009830298012607708,0.019484482839519313,0.03751332622487502,0.03365087220068452,0.024549110557290588
2022-05-31,-0.0050139071878947394,0.012869881094312419,0.043970072907122626,0.007313171326342127,-0.008614501076805947,-0.005648197955426704,-0.01629265293511506,-0.005940867642888592,-0.022471910112016324,-0.01791342509460858,-0.00561094254197092
2022-06-01,0.00202302571093127,0.0011427365907088483,0.012266085459135878,-0.01754518641790781,-0.010137581463014245,-0.01514741682496501,0.01916666666647071,0.007968496640876177,0.006341656757626213,-0.01076535586605687,-0.008088538008697022
2022-06-02,0.00792893326473787,0.0327547149929317,0.03145031392787878,0.016088060965562034,-0.0031512013955304896,0.010780005493144174,-0.001737530662614395,0.011168819230852556,0.030852041486344683,0.038355714344252556,0.019043433677389476
2022-06-03,-0.016607181877749122,-0.026198218878321633,-0.02518504354200035,-0.01393939393966348,-0.004120801580738687,-0.008966782147865615,0.014538752943815902,0.013181818181425387,0.0021650534890698125,-0.0022938501087188534,-0.01641150961925697
2022-06-06,-0.0047033553067202805,0.019901170760279197,0.019942787086228098,-0.0033036263057781845,-0.0001133658312187924,-0.003907053259284532,-0.002522958926677088,0.003275011216121948,0.019062142586018682,0.020533555317862273,0.0030447703025182626
2022-06-07,0.0139534883717507,0.0028162865248326785,-0.01434409808478243,0.002620827872692244,0.010997732425977125,0.01114781172542334,0.04583164710644905,0.015516701694555213,-0.005112856965537649,0.01297339289163224,0.009592267903686169
2022-06-08,-0.00766972477031258,0.0003798565085029182,-0.014796747967479651,-0.015914507572307057,-0.005943703038820747,-0.012454062882468753,0.011802263712751726,0.01188903566701649,-0.01616946603160463,-0.03224816902494587,-0.010872179727719478
2022-06-09,-0.02078325505718126,-0.020124750414266535,-0.041508499752434425,-0.021015625000104232,-0.020137635379207652,-0.018055268416807047,-0.021608184338297476,-0.02667536988653474,-0.01465154796713175,0.004913226087846612,-0.023782889937422835
2022-06-10,-0.04456361645102147,-0.03199359083165465,-0.05596211795092554,-0.045966004309743735,-0.006677796327208663,-0.0037897396307068343,-0.018274210886221387,-0.03795770554831557,-0.018489785364127154,-0.02137055437279567,-0.028995615783131368
2022-06-13,-0.04241274358644109,-0.042901544150007354,-0.05453716370269046,-0.02977833542441355,-0.010084033613113719,-0.026769989433536368,-0.04588891100948611,-0.03857235802623604,-0.04610723224812463,-0.02219983883946952,-0.037968188814736736
2022-06-14,0.009204986378047009,0.0030359282842502555,-0.013118549242789657,-0.01663936546220246,-0.015338680405445948,-0.03119797321710771,0.0026082420441246867,-0.0009184068054235439,-0.012843529900132267,-0.014298075734809346,-0.0030133333332643675
2022-06-15,0.029735367499704513,0.02857129470468389,0.05238979571889346,0.011835875854619538,0.010702182056002707,-0.009937238493670453,-0.012591050988405184,-0.0033383327691947073,0.03791270285479542,0.00029261767407806616,0.014256292294084094
2022-06-16,-0.026970130282563343,-0.03399095335991131,-0.03724342899600641,-0.017156225630405086,0.00052944290857182,0.006112746208022157,-0.036884813994451315,-0.05441747572830591,-0.044749966302566,-0.017510134146626832,-0.03309599156132492
2022-06-17,0.010940115116055527,0.01046838970764341,0.024696121937102022,-0.003526403949769663,-0.0036453433681558067,-0.007200720072010891,-0.057664952401959235,-0.01103752759380805,-0.0008466205732499121,0.003700552956358738,0.002146109368667437
2022-06-21,0.024591156874474995,0.04107108690688288,0.023159480323856174,0.024772184376236517,0.02094889649524001,0.030296161982391157,0.06223873664691082,0.01936254152856698,0.02711481429249263,0.02135864728541259,0.025173563658304365
2022-06-22,-0.0024040356269690033,-0.0005065265727171031,0.002484357747515542,-0.005611672278531765,0.015779434714254803,0.015619271100768328,-0.03957149103702107,-0.04348933136441224,0.02694898941227719,-4.1492054135283674e-05,-0.00181299490775233
2022-06-23,0.022636589894597492,0.006767574840446988,0.03203304268012852,-0.010939399200752153,0.02230567884373924,0.02743682310453921,-0.03016162076043416,-0.04876750252888673,0.033605569687660486,0.004398340248851218,0.009802612249215192
2022-06-24,0.03414973344670469,0.05107713690047788,0.03575240128068291,0.029845505617192014,0.014638762106666592,0.01440618411781669,0.019833352893687817,0.03817092964677937,0.010621761658303308,0.04139469552989117,0.03179389514891939
2022-06-27,-0.010496824803908344,-0.01815215087968014,-0.02782071097372485,-0.008012274122177976,-0.0009325799551705982,-0.007620367162942565,0.02451093210492128,0.011321365033519548,-0.0016662394250737123,-0.023405268168447346,-0.0038197292862472976
2022-06-28,-0.03174902789836964,-0.03303016830149841,-0.05140434552199247,-0.0048118233372320685,-0.028442784977230295,-0.016265270506225282,0.027743457262668247,-0.000799616184257057,-0.018615996919630784,-0.014907791047576557,-0.020432846959551276
2022-06-29,0.014737991266134287,-0.0027319599134359995,0.014152700186219613,-0.004489725435985692,0.00028258166626082826,0.009083167754497579,-0.03693989071064474,-0.021126760563823677,-0.005756148612863776,0.002556595604639611,-0.0008143964270170834
2022-06-30,-0.013179128563759801,-0.024516232996494636,-0.024880646345942004,-0.023330442324500544,0.0029380190971228792,0.011181434599389029,-0.028143440762371297,-0.025724874645320916,0.019210526315296184,-0.004236416732083859,-0.008124309828029475
2022-07-01,0.010707471868748764,-0.002069509833691141,0.0315412861312494,0.012787496670050302,0.011323305729407984,0.016134640795683275,0.022302662307257748,-0.002629223540345671,0.0400206558224272,0.009439454424624572,0.010576540755485642
2022-07-05,0.012597272516940983,0.04161857684836323,0.035962029937933515,-0.003770276194302702,-0.007687165775710159,-0.009650263500373013,-0.03129640205626372,-0.025408043075383135,-0.017999006950828567,-0.011452111225572548,0.0018885741263983125
2022-07-06,0.01278295605873292,0.011557172245189928,0.007312775330396537,-0.006481974782190036,0.0008981699786680952,0.009329647546682196,-0.01804032543381462,-0.008344843462305795,0.005814688408239288,-0.011459765804097688,0.0033773169967270533
2022-07-07,0.008226588032041127,0.03675418077673931,0.017493221376716495,0.02529269818521973,0.0011217049915870358,-0.0003423485109835811,0.031940441882971404,0.04625384481451311,0.010179715973562597,-0.005901694629316889,0.01497716894964718
2022-07-08,-0.002757078986636241,0.004802875832929487,-0.006791025530817452,-0.0031380753134959694,-0.0012324929968827725,-0.006712328767211173,0.0016290435190242647,-0.006545373862771098,-0.0016173177414384732,-0.015308285980843883,-0.0008226432556720509
2022-07-11,-0.01176866173516844,-0.03080764284284676,-0.03280249264324053,-0.013116474291689273,0.0003926407896106543,0.007033512619199156,-0.005111524163140868,-0.022780569514242344,0.005358255452656113,0.008096119891228604,-0.011423572696669604
2022-07-12,-0.04098143737454163,-0.014315785833405759,-0.022639821029082796,0.0009746588695698222,-0.014017381552803188,-0.008833196384346209,-0.013311536666127166,-0.0030282253458525643,-0.00904809122435668,-0.00922722029989509,-0.008848866564133973
2022-07-13,-0.003745023061518693,-0.02339053065063179,0.01080388207288041,-0.009383022041505984,-0.002331532556314131,0.006563039723626707,0.004023668639770994,-0.003553212218291746,0.0038774233884943943,-0.01698788427537201,-0.0052516871045962255
2022-07-14,0.005381449825934581,-0.008854683508153438,0.002083333333333215,-0.03493879009970369,0.0013679890560867047,-0.002951269732513029,-0.020037718058367626,-0.02260309426580831,-0.0016197358577658694,-0.026360805298450196,-0.0024285299473724153
2022-07-15,0.01039042821135272,0.012775500034680976,0.02639428726385251,0.04583333333338868,0.01451502732223453,-0.0013767467474692374,0.01683906663483059,0.020242438507551475,-0.017721203045770406,0.014505811334457386,0.019105077928494474
2022-07-18,-0.009621377376046403,-0.024580080964828888,0.001849405548216776,-0.010270030987229561,-0.022442910845525965,-0.012132074171231633,0.018452803407239537,0.000634444572594095,-0.015245839155917817,-0.007282415630348149,-0.008256952197890133
2022-07-19,0.02076696165185976,0.04384114463926059,0.03911744022503516,0.02477860273750676,-0.014578430809518483,0.005093852488246009,0.025203252032990786,0.04150095106354934,0.018320216745520757,0.02880658436184036,0.027019243356539935
2022-07-20,0.010557546333914258,0.000790791670182367,0.038575416631418724,-0.0001745810053555008,-0.005707962024902757,-0.017286864759775145,0.010989010988352144,0.002674243690306888,-0.0077283669064912575,0.007086956521704213,0.006373161342754452
2022-07-21,0.009799062035209305,0.003863037752688925,0.015150281013276867,0.00680984808764773,0.003514732587427183,0.0009417167073124677,-0.016696548633292285,0.005667611268673101,0.007022471910306249,0.012779000992958922,0.010183144615944162
2022-07-22,-0.016915873735144915,-0.05632324645766573,-0.017732488164968307,-0.0048560527221644945,0.004728270387179823,0.015983519216222097,-0.0076353276353781085,-0.013094646112975838,0.01749714720333806,-0.00012788268894026178,-0.009278066150134157
2022-07-25,-0.0058764787216657455,-0.003614457831282447,-0.010455807874530265,0.004008365283564519,0.0019753660233754466,0.006782268213963549,0.03330271015224007,0.017859142313112253,0.009096573209899095,0.0027711459754615753,0.0012149130578749112
2022-07-26,-0.02677433064163337,-0.023160636220622255,-0.05225359088657755,-0.015622287796663192,0.007074104140414983,0.0019445794848713671,-0.0038897532791977163,-0.0031901435564286595,-0.01321313904688548,-0.0024658815523743716,-0.011831028642293573
2022-07-27,0.06685192536728435,0.07655684631502191,0.05365386290392826,0.01604655263537258,-0.0027637033625038665,0.009496083731995064,0.021644538658942114,0.0221817579871737,0.005881616818672386,0.013894216425789585,0.02596638440493404
2022-07-28,0.028540596859365497,0.010260038917388803,0.0108291311895512,-0.0037313432829468862,0.005773672055423562,0.016616314198846682,0.011685049689591276,0.01398110661240759,0.051754167703615295,0.026650973138742984,0.01254238978650224
2022-07-29,0.015665135125245033,0.01838557170359212,0.10361465489041533,0.004790523473460873,0.0018369690011468265,-0.06179927056579626,0.046308290154970955,0.055419505962631455,-0.0005914360068824953,0.016378004340102725,0.01457876720767115
2022-08-01,-0.009724300064224978,-0.012551581842429549,0.003260466839570153,-0.009968793342277182,-0.0034953013982798042,0.028723634007764565,-0.025275972350933484,-0.017099621689841138,0.009705290567175284,-0.003947951496546143,-0.002961236923318622
2022-08-02,-0.011474407395316244,0.0023506877934025283,-0.009084865942831755,-0.015585325278584472,-0.005692599620328531,-0.006648005598535622,-0.004339542759926318,-0.05824694652540896,0.0042199038791708166,-0.01265925176957361,-0.006597365922578091
2022-08-03,0.027836402008468042,0.02562320854672584,0.03995229576624926,0.010495419371883141,0.009657645153658967,0.02064107079983768,-0.03242266397449456,-0.0034875483628725723,0.009221431072814035,0.006513190234437527,0.015659461844044875
2022-08-04,0.0041774347719685245,0.0009315718162119513,0.021860665137614532,-0.011002552591703796,-0.016037573744193012,-0.0015875207066412544,-0.042078664029798984,0.004210641439112539,0.01758038399247641,0.048919457897463214,-0.0006755941609863925
2022-08-05,-0.002608848933591368,-0.00609188594694321,-0.012414954057655803,0.030259878960630537,-0.003958321206121829,0.00048392671952202093,0.01445119853187693,0.009529514267313965,0.0,0.019050944787225133,-0.0016901272424351133
2022-08-08,-0.009154854900832565,-0.0014471780027239811,-0.009872159090909216,-0.01218037318643228,-0.005318216351886784,0.003800442233117929,0.0056529112489998035,0.002265494363251852,-0.005228461013595642,-0.003312519037299122,-0.0011609064745585762
2022-08-09,0.007063356164410006,-0.005711849957662607,-0.0113334767950648,0.009007433318881874,-0.00011750881349226194,-0.0023404694709179275,0.01843732434022094,0.001184005166358526,0.015996343693434945,-0.011498643847777101,-0.0039710404610685535
2022-08-10,0.02430038965642045,0.026322558518655947,0.03526082855691781,0.02608771017540068,0.00287930426623606,0.009452839301839822,0.009493321559088885,0.025210987475529523,0.00967161493393287,0.026549698562321478,0.02100401118271855
2022-08-11,-0.007400746991145679,-0.0071846282371570425,-0.01436680916672517,0.014781653855409527,-0.02068318978160455,-0.007108680792484279,0.02864953526522207,0.017197986576778845,-0.003898418355179234,-0.003087000715403243,0.0
2022-08-12,0.01703714026864267,0.023897677549875374,0.020691126279863692,0.016564008657115936,-0.011008735192050811,0.00970673275497047,0.00869191973308392,0.01463917525774372,0.011629207201207414,0.022922095087008376,0.016928974499461624
2022-08-15,0.005344112911523702,0.0032873109794742117,-0.0025774991292233373,0.002702038810683094,0.004779189353202096,0.012886070771017222,-0.017872340425577282,-0.004521438731511118,0.005858295567661598,0.01192409923248805,0.004120814797531125
2022-08-16,-0.002589702524720461,-0.0031127129751685745,0.011174745076127923,0.009554140127789879,0.008910831476902414,0.009221863220350013,-0.009315424609179224,0.008012248022074342,-0.005164835165853865,-0.00207945715253699,0.0019586811545888594
2022-08-17,-0.0026305900039048646,-0.017666392769264516,-0.018510844039231977,-0.008412197687094669,5.9676552577769826e-05,-0.0046021476692169605,0.008090968729052905,-0.00804981773973057,-0.0036452004851350583,-0.020252979454486786,-0.007097975331603279
2022-08-18,-0.003947549086903868,0.0051861145963880695,0.0014074595355384467,-0.007749408597845009,-0.004833512351803071,0.0035513267223701295,0.023644251627375823,0.007247486347168097,0.0004434589802382316,-0.001492537313220188,0.0029063635297945645
2022-08-19,-0.013853947685868784,-0.024631771656586143,-0.028601546029515257,-0.024745149621243523,0.015230557054275229,-0.000267076183294801,-0.003178639543014672,-0.00886749429971545,-0.005873226950423915,-0.014573991031481937,-0.013438033139435035
2022-08-22,-0.02935523326904199,-0.02533913488574513,-0.03624394125732466,-0.016521959032701483,-0.0034847321479624105,-0.0026714753226058097,-0.0007440476186960643,-0.019631901840489463,-0.013042024301200161,-0.010580204778043778,-0.020822475955710518
2022-08-23,-0.004716471647477349,-0.003326330532286814,0.003002552169343975,-0.009856861232239278,-0.008711736977320639,-0.019286144779939507,0.042442293372375595,0.028420942845102548,-0.006324824938104712,0.0015714230957246667,-0.002419257288192811
2022-08-24,-0.002351323975938291,-0.001493061655373551,0.0013471037269869868,0.0024238227143340563,-0.003310660326091064,-0.004301809491513153,0.005918367347467202,-0.015465747173084798,0.008297340304407097,0.005357416195000075,0.0032011640598972324
2022-08-25,0.011095398672840373,0.026035711144985818,0.026008968609865457,0.023747841105798084,0.009361033941090557,-0.000822932381814967,0.005173463176816551,0.024309847548712682,0.007665426671993991,0.014730511570933302,0.014117533299265128
2022-08-26,-0.0385870539716715,-0.05409344192059706,-0.04756701631701632,-0.03272880641114828,-0.017112427451396517,-0.02340425531937751,-0.012312039560259391,-0.0349959774740467,-0.014878621769978118,-0.016354701976690977,-0.033849014326249094
2022-08-29,-0.010668059234029137,-0.008337864781677418,-0.00734225621414919,-0.0024417894825145003,-0.007731174286394471,-0.004216740459801915,0.02298968018812997,-0.0007294706125761108,-0.0069838746314302425,-0.005834572703481089,-0.0066122227430585045
2022-08-30,-0.00852090638293268,-0.004386766587269886,-0.0081670390631019,0.0001748404578505447,-0.003496932515393514,-0.010657068247392543,-0.038054334797671174,-0.02523725101677332,-0.01516892668258396,-0.01860375910972223,-0.010977820827957507
2022-08-31,-0.005704072708135777,-0.00660914264703949,-0.015225666122892778,-0.005943536403997252,-0.006710583020630989,-0.015979454986377983,-0.007475859204497781,-0.011928961164128893,-0.007467911318599807,-0.013289036544900767,-0.0076090505010952825
2022-09-01,-0.004092247676610539,0.014045462945232012,0.008282716731087714,0.006858348720293783,0.02479236395241724,0.01232419892691583,-0.017993513966582997,-0.012289534946494651,0.014107688689930953,-0.009704892057928571,0.0031378106179134058
2022-09-02,-0.01666666666660055,-0.01722252597007201,-0.0024252855578156263,-0.006986289406451962,-0.01572517237236648,-0.017759954168183656,0.018323212954797885,-0.008824819118487204,-0.01333178761844922,-0.013879999999891757,-0.01054437213042414
2022-09-06,-0.010973990470745654,-0.009643022717249261,-0.010979531017175193,0.0002638290379488595,0.00270369915202906,-0.01115485564315355,-0.006695261011487208,-0.0009401094954216704,0.02655387145943755,-0.0014602685270833637,-0.003773200081594985
2022-09-07,0.01911154985179242,0.024716786818532288,0.026722702402664167,0.018990680499441526,0.005454099767252307,0.015114650151857534,-0.008530805686434384,0.0011070519209683827,0.03284880393842027,0.030913596295180534,0.017964991299130872
2022-09-08,0.0016660854738737019,-0.009776153494891249,0.002625888168056978,0.023295944780526767,0.008045346498466666,0.0013073794300537678,0.008179307414253323,0.012661727302842207,0.00033244680775590396,0.0001970210415465079,0.006536276333607649
2022-09-09,0.022976945691085104,0.020944823767883314,0.026575258049607253,0.004806070825982944,0.001934820726833486,0.015232844915373578,0.016752713096076732,0.03461643461639441,-0.004098814666498196,0.012370484182287811,0.0155352415205261
2022-09-12,0.008281025485953109,0.0018978761864318905,0.023861334133713274,0.01183183687221634,-0.00042242471795839176,0.008145184338645972,0.0115025906735442,0.015357010924257786,0.010122358175211232,0.025411526637513226,0.01074766355135881
2022-09-13,-0.054978436152519294,-0.058993324914673795,-0.07057530230853792,-0.03474871454649553,-0.026020284955100115,-0.02069454287789063,-0.023358262472255698,-0.042047817048026404,-0.02147340601194936,-0.028159392789498416,-0.04348249263933224
2022-09-14,0.0009127346324062646,0.006518404908175457,0.013641381485570259,-0.0023197869235174196,0.020640922332444633,0.0023881893188235637,0.024546312807632864,0.0018447181379614985,0.00022507314826225588,-0.003514526710226784,0.003815822945697045
2022-09-15,-0.027119181666843906,-0.01990476190473245,-0.01765849863866209,0.015070616603016562,0.0025507105555546694,-0.007725074002293608,-0.02907750588710345,-0.011697806661175814,-0.03229072907275177,-0.026295164197943977,-0.011353269133344224
2022-09-16,-0.0026081995270516023,-0.0010688951506881983,-0.021777003484320545,-0.006702299143135804,0.015265325902692917,0.006111757857747646,-0.017083201518161117,-0.016548851991987967,-0.014184397163499507,-0.004467340121319663,-0.007596642058786518
2022-09-19,-0.0008989131325470856,0.002626459143484583,0.009147575487735704,0.009224461906417458,-0.00787589498808583,-0.0020971940988715465,-0.00010728462658649018,0.014709979383515037,0.024177379408593325,0.008166235446199765,0.007754953833371214
2022-09-20,-0.008465565188833901,-0.018725138255593077,-0.01981389379111187,-0.01971902505032963,-0.007878277603953543,-0.003550981954948851,-0.008154506437060505,-0.022623688978810175,-0.013242745279584578,-0.018004651535938887,-0.011478574186036261
2022-09-21,-0.014435966178589665,-0.018390350009832912,-0.029871511580325638,-0.028835362168577183,-0.01024428684065748,-0.012872727272421614,-0.01611856339329998,-0.033934490701923226,-0.020072353832506606,-0.014006288537761313,-0.01744382826930735
2022-09-22,0.008495501150987073,0.008662369057087282,-0.010376244305719595,-0.011378789226317965,0.017760901519009886,0.0035364326235751697,-0.004178119845707151,-0.008141901715471356,-0.005120876503899363,-0.012175929760471105,-0.008399798616779752
2022-09-23,-0.012698149223930866,-0.013980427401532158,-0.03009121132043302,-0.018613434043346033,0.003249488506846143,-0.004625211071374369,-0.05321850502321501,-0.036997947815932464,-0.012209719895118876,-0.00607915478786214,-0.016754850088165574
2022-09-26,-0.001975453934097149,-0.005772736479263352,0.01204078045350676,-0.02153197727716627,-0.006118042226655018,0.0009588434871847795,-0.020641399417586026,-0.009863614223348804,-0.016602035869084375,-0.023495170202802118,-0.009892648457912157
2022-09-27,-0.004379869446276663,-0.006824895589625624,-0.0064264003473730735,-0.008802322314525268,-0.004586602293374709,-0.027485078476406577,0.02095737080275173,-0.001106874923236023,-0.0008626001240320536,-0.0031965442764562146,-0.002552770991772868
2022-09-28,0.019711518125103522,0.026153846153866844,0.03146578096320263,0.020217288616271922,0.008609191220795509,0.0,0.0363890832747189,0.03275055405120719,0.015910212135989532,0.018244063095737895,0.019676371842416884
2022-09-29,-0.014808976645921734,-0.026286856571698825,-0.027201084653842966,-0.016946013520293457,-0.011000240441849551,-0.02485225034044336,-0.002025658338919545,-0.011087267525210054,-0.029136821657554268,-0.01366131846597185,-0.020888996842597818
2022-09-30,-0.019368421052580742,-0.018168753849423513,-0.015679442508710784,-0.015636774679794296,-0.0071111651374915485,-0.01903651903681225,-0.015448804691069906,-0.010970464134891666,-0.019507315243774137,0.011175353814045108,-0.015463491275718666
2022-10-03,0.0336625161016999,0.03125980135947182,0.02548672566371679,0.030909090909838843,-0.0009794319291720477,0.017900990099265934,0.052800366510743935,0.043576304241916164,0.03545466139479858,0.024062218020894477,0.026401254269549757
2022-10-04,0.03381241173020455,0.030413625304333003,0.04496030376251303,0.04678362573041994,0.014828431372242878,0.01237257800884528,0.0364447345513752,0.049056824154391165,0.020076364084239184,0.040406159526811036,0.030986607021091794
2022-10-05,0.0012857602056171036,-0.002066115702760496,-0.001156164836072393,-0.012237297152935978,-0.003079338244258989,-0.0069177555725039586,0.04041146216022118,-0.006958748538942738,-0.01267809707764711,-0.020809808033590227,-0.002328227107964098
2022-10-06,-0.009670947030385402,-9.859016057311987e-05,-0.005374121537825571,-0.0203822810042652,-0.019381018714790477,-0.021052631578865943,0.029661016948933083,0.002410584146594008,-0.034976152623320544,-0.017339373970547967,-0.01031583972012129
2022-10-07,-0.05085295190221384,-0.02701636758091086,-0.04771404821280134,-0.019974107638434435,-0.010561423012265037,-0.017473118279445976,-0.010092102684554516,-0.007046585761476543,-0.027626409833779175,-0.02866842700840111,-0.027893890675314448
2022-10-10,-0.021302937158440782,-0.008309687879399119,-0.007768854748603338,-0.009341385166200311,0.0013108614227634874,-0.004103967168301748,-0.02167672968400125,0.006308082230005896,0.00013032712077798436,0.002977346278292048,-0.007635271093385243
2022-10-11,-0.0167502726281199,-0.006948702227881687,-0.012844198117357375,-0.028859891418440142,0.014462938719508323,0.003797672915585082,-0.008498583569999774,0.0060446633463930866,-0.009252019806589407,-0.005291688177446741,-0.00633298150104844
2022-10-12,0.0015083625393641498,0.003910269602886984,0.006149184564655741,0.016182816790552668,-0.0002458059359636833,0.0016099170890395698,0.004387755102793545,-0.0013908205844372912,-0.04314086544867968,-0.008174386921262045,-0.003298484933148549
2022-10-13,0.03760797342188882,0.015375153751120196,-0.003277236492471247,0.055593089470646895,0.01512078185519461,0.01510889656851333,0.03494869450388727,0.02027855153179514,0.004673539519078895,0.03780743066452996,0.02639107022670739
2022-10-14,-0.024248633880008197,-0.025237229961304286,-0.050031102817026496,0.016640760719666137,-0.004178019981829539,-0.009737946322993185,-0.026308039659208027,-0.027028502784638753,-0.018059926117366842,-0.02294214042583831,-0.02278875317666018
2022-10-17,0.03924571228586782,0.03531483015730208,0.06445275958840035,0.0420001798729277,0.012951477562887614,0.018068436201096105,0.014416775885079947,0.014647286604045684,0.02619478890887872,0.02077151335293892,0.02569694936109923
2022-10-18,0.004083694691135342,0.008002400719865577,0.022585464452060666,0.025720697393297742,-0.003481601536868384,0.008088581749450485,0.0017889087656166591,0.015210176991413027,0.01914460285046604,0.02110717896860015,0.011749631972202579
2022-10-19,-0.008469601677432825,-0.011312890740549975,-0.011086283946373343,-0.01960619320064938,-0.007951328233260169,0.009270078679486371,0.02966269841240865,0.004685371833462515,-0.018918198774678707,-0.0037958493211031064,-0.007086465658959984
2022-10-20,-0.0013954668468133535,0.003412626718455547,0.0015642652298601956,-0.003261522616139212,0.0025502459163608826,-0.012787125656804621,0.0013488775416499177,-0.020985846754426163,-0.040738728950528436,-0.012963346448522706,-0.008385345997354632
2022-10-21,0.025280542028115027,0.011603481044309971,0.03531453362255954,0.05252734004944459,0.021803646054393777,0.012520670919273558,0.01857019147471095,0.06026365348357321,0.014297848243890687,0.012462235649581377,0.024301469582223456
2022-10-24,0.02118784074038005,0.013744685058856954,0.004190412336573912,0.001227194633043105,0.01345504119506069,0.006144034842107127,0.006990364632152746,0.005677636420896803,0.02274947662245541,0.01089974719214859,0.012236501108708886
2022-10-25,0.013791708796527802,0.019118220834613675,0.006509764646970506,0.002614806341326492,-0.00157913206242688,0.01151735332813364,-0.006754221388233672,0.018504966022095726,0.03520742358040696,0.031321744834288845,0.015968538020873613
2022-10-26,-0.07715630734840628,-0.0914050535983032,-0.04096185737976776,0.011491442542185926,0.008786831468506895,0.0070304141830230815,0.011900264451160103,0.010880722644391216,-0.003427366200505766,0.0018285896010206137,-0.007534033045687449
2022-10-27,-0.01975618191251083,-0.028547350679388184,-0.04063634791630644,0.0039481105470720035,0.0005806863716768529,0.0007588404915570557,0.0038267687136936956,0.07707148659640639,-0.0017195767201212409,-0.011745099595441677,-0.0053400345532107485
2022-10-28,0.04022050716639436,0.044133593579855024,-0.06804253785147796,0.011878009630981401,0.014856943880074525,0.025326053988271147,0.02928870292879493,0.03393985104155095,0.04717106135025051,0.02160122058944003,0.02379072582757713
2022-10-31,-0.015856191970066713,-0.018485824073096957,-0.009380137317474113,-0.0015862944156330716,-0.0051466803913645665,-0.004067445644032941,0.0009936766036984235,-0.013130299990994798,-0.019359736808813865,-0.01587800660268357,-0.00722327900879749
2022-11-01,-0.017059406367289198,-0.04274679928024672,-0.0551542366263178,0.01803304734588651,-0.005058343392552955,0.0015593673423677235,0.009926901903724472,0.009424374018580428,0.0027096774189871997,0.006869009584676622,-0.004375857694040142
2022-11-02,-0.03536836569225699,-0.03868685752153622,-0.048248786031614865,-0.00920795942190622,-0.015367727771280926,-0.014383155397085678,-0.02055222947014279,-0.01812356979408225,-0.005533393386083385,-0.02756623829916649,-0.02509622386331145
2022-11-03,-0.02657882780555243,-0.04070369092814796,-0.030612244897959218,0.0018114515240579276,0.0017015783603673285,-0.006845193320737741,0.013593650214061448,0.022000559336248893,0.011645962732591553,0.07688542643858498,-0.010296902926372864
2022-11-04,0.033325554259347134,0.03775620280506242,0.01881298992161251,0.027358490565278837,0.0044517338332483725,0.018253427251772925,0.010891089108749252,0.03917723250922256,0.007930416987081301,0.04560260586327769,0.014393143041915524
2022-11-07,0.02926961470702283,0.022060522060862953,-0.004946142009232823,0.0052800734621165635,0.008747375787197198,0.015322820589255493,0.011842222420584525,0.0033355277594551147,-0.01916243654881611,0.005687169455844687,0.009565563969578195
2022-11-08,0.00438846710830787,0.004633291897041314,-0.0060753341433779084,0.0006089670397568803,0.0049716730255904285,0.0022710622708717043,0.0031678986271792553,0.00524911421194485,0.012679518696047776,0.019342290098481207,0.005395446769311585
2022-11-09,-0.019050115786283017,-0.01777277840333702,-0.042676150255612444,-0.013008748573826834,-0.007995858260565036,-0.0024121043787568297,-0.04473684210568696,-0.01858056655470286,-0.000894340104167668,-0.010141342756289307,-0.02060209424073678
2022-11-10,0.08226805042083551,0.07581310123730067,0.12177850011609004,0.04115924156036477,0.011713540156689906,0.03443728018788428,0.01469237832972925,0.030637580916642593,0.06393861892543162,0.03377003534060008,0.05495416031859279
2022-11-11,0.016997283727002266,0.026293378752452634,0.04305081237710873,0.0016286644949716766,-0.02991918381394887,-0.0014874628134060597,0.03122171945653429,0.017380081737918163,0.0013221153843085975,-0.0039020684415467244,0.009678481846452813
2022-11-14,-0.022500101169154352,-0.007364381288056054,-0.022819724178986145,-0.01027346637086557,0.015716395864362687,7.093707832583895e-05,0.002896007020397162,4.228508631487493e-05,-0.0198055455522006,0.022290785551047243,-0.008506687410636204
2022-11-15,0.0017387704408673432,0.02863113897549674,0.0045689917758149345,-0.007243671122133755,0.00279215868745597,-0.0034756703075309314,0.006703713504350839,-0.008076109936528408,0.01530737202993282,-0.0011868832445300903,0.008529054464589514
2022-11-16,0.001818407240204989,0.004164973587662546,-0.018394986860723606,0.0013539942829421392,0.006206856546235873,0.008897430422440067,-0.010689564531510265,-0.009250181167261395,0.01700639247436997,0.0019691722684214152,-0.007628798715174301
2022-11-17,-0.00020684234455370376,-0.004957005563643535,-0.02337314662273482,-0.004356971154136691,0.00807102502037682,-0.006137999153391971,0.00132849171954863,-0.008519060321847127,-0.023363377609234903,-0.006166982922138797,-0.003059805285208661
2022-11-18,-0.0019033432636682557,-0.009455063033726008,-0.007485503426462814,0.009808359740799855,0.007663273476147703,0.012067863987694327,-0.008667963913828292,0.004296129144024219,0.010321797206748196,0.010842141152540785,0.004540381493623347
2022-11-21,0.003440842384279774,-0.018782715796301974,-0.017845761631612556,-0.005902570233043081,0.005107832008659496,0.012695517990926941,-0.009903640256304747,0.003197511126813879,0.004807692307556177,-0.0002361036160409835,-0.0036360881752477425
2022-11-22,0.012311505887251384,0.015167364017003804,0.008003460956089281,0.014956783163959653,0.0048303688128983335,0.008588447153394574,0.028926736955986465,0.02192359047243353,0.006100478468459736,0.043014743092531615,0.013457006006324823
2022-11-23,0.010406888952266602,0.01452859350825797,0.00997854077253213,0.010663507109103465,0.0010745390791340181,0.00569976651596904,-0.004992117709296862,-0.0014330270589658634,0.014683153013903105,-0.0032669168067317456,0.006301575393841352
2022-11-25,-0.00036351886255181487,-0.010156408692933216,-0.007648996069265945,0.001905041031559307,0.0012993616182628287,0.0018436326393118652,-0.0035208168294501574,-0.005149417524953237,0.004945831371692577,0.005711504137505097,-0.0002236469358969373
2022-11-28,-0.023152450604005725,-0.01446747383620317,0.005780965635371116,-0.017478426210543296,0.0005077860528353018,-0.0008178844060868773,-0.03003268262474479,-0.014425116673724592,-0.018865713615964674,-0.01758575070175028,-0.015957050182783816
2022-11-29,-0.005914956981891706,-0.008953669963434163,-0.01628525811601922,0.016449572013813363,-0.006992612643236584,-0.007639836288852453,0.006647846279317138,0.012139474816904361,-0.014809506748356682,-0.00748866846224161,-0.0017175620722914564
2022-11-30,0.06162360088190555,0.06093077003886371,0.044579095433888716,0.011862917398853146,0.010846726106093385,0.025295573274416894,0.007237199203796951,0.005486560054553946,0.0267911261966709,0.026408101131757844,0.031500645194053156
2022-12-01,-0.0017637375556672774,0.0,-0.01077273668945522,-0.014039658416840406,0.004157303370578402,0.0006033789222703589,-0.004850008981424292,-0.0030455564483450326,0.0015348288086154405,0.006061387670849072,-0.0007358712715540561
2022-12-02,0.0012956928027447745,-0.005446083770557886,-0.014345549738219998,-0.007927187316174256,0.0007832606022386557,0.009112227805408102,-0.008483754512505493,0.0018668590097192794,0.004361664504847429,0.020510191001313016,-0.0011537139771157223
2022-12-05,-0.018900478393717557,-0.009557945041398064,-0.03314564963348554,-0.028040840485617502,-0.0005590339890871876,-0.010092291348287263,-0.02739850719106207,-0.01507644094373739,-0.0005868544603978565,-0.010896872252261214,-0.01798923594898405
2022-12-06,-0.020303756994522804,-0.025130679534241196,-0.03032633776508087,0.0016746593589163083,-0.014990491106307346,0.0012743980140381694,-0.027795975666925155,-0.01840306144386039,0.00035231943673341704,-0.009111978918721508,-0.014414775144693581
2022-12-07,-0.0030597258483843204,-0.0210352650026997,0.0023796033994334387,-0.0006839425483137207,0.0060760931287862086,0.006430868167525361,-0.002214093183865562,0.0030224714178337386,0.0012913829536287391,0.01115027234852728,-0.0017012416523725093
2022-12-08,0.012399230674623007,-0.012955550874332644,0.021365588966764548,0.01049429657755696,0.00016932889316190192,0.0071884984025478715,0.007428847080861223,0.008472355664561615,0.005510610857055287,0.013562329678760143,0.007833960728566458
2022-12-09,-0.008003233629746087,-0.00939067335355337,-0.013945766463752007,-0.00541842263701664,-0.008239277652363763,-0.0026434047053922605,-0.00842750430939132,-0.01571972977680225,-0.014575559701245244,-0.017038704433125273,-0.007470220068766298
2022-12-12,0.028889251080028266,0.005170742216727309,0.016387922325737936,0.015511501210880851,0.011949470809114349,0.010270341902869795,0.024628163028950656,0.025386070658658832,0.02413915512967213,0.0162208581151988,0.014417209113150475
2022-12-13,0.017464654864956852,0.024863358696806115,0.021424627277746966,-0.0009686312498936589,0.007703553756154058,-0.0015084934739307831,0.01093411254578247,0.010426499613667595,0.00693240901185721,0.017965008919750725,0.007569870910992593
2022-12-14,0.001167678654845794,-0.005855902959065018,-0.00983890150286515,-0.0049970167062315385,0.0030690251659530876,0.003941145559477555,-0.007365967365327464,-0.004288929466085167,-0.0011474469311740787,-0.00039969254414440325,-0.006393511953660003
2022-12-15,-0.031918202317039235,-0.044283159777571135,-0.03417776807163131,-0.024810733827747344,-0.012627948375832365,-0.011319026432626944,-0.00958106331001074,-0.01629136813365173,-0.014244686960708242,-0.027312992126048763,-0.024461692538596647
2022-12-16,-0.017348700855227883,-0.006603565925867416,-0.00667043527416622,-0.006225980015744037,-0.010254098822567448,-0.0044338561316074054,-0.007018209409153986,0.00893089395636415,-0.019461601212704238,0.0005691879585985049,-0.011751148525480981
2022-12-19,-0.017328047734204377,-0.02016397075056897,-0.03346232642840885,0.005955603681971899,-0.00108157340452264,-0.00026588673189908985,0.004489016237339438,-0.001847713990796973,-0.0073686712617633265,-0.00853296251807012,-0.008479661857358156
2022-12-20,0.00561447286365202,0.006558118497843379,0.0031794630240224997,0.004843918191333119,0.0010827444721475121,0.0003989361704159755,0.014452790719561515,0.012269146325465163,0.0,-0.0037613158231267763,0.0013683490341807047
2022-12-21,0.010876757650759572,0.006290721187111492,0.01854677779082059,0.01124799143003341,0.011441908123129618,0.009171872922575375,0.012840941044479193,0.02802585693653259,0.013529693487193795,0.006239201382109316,0.014952436012130033
2022-12-22,-0.025528781246166643,-0.020317035052977106,-0.03434366716607107,-0.01134987893438777,-0.003658262043891747,0.0023050579559491524,-0.020173977419635225,-0.017333388491580948,-0.015475487301284563,-0.006009730038969874,-0.014266110866585469
2022-12-23,0.0022670976953129696,0.01675022789424374,0.017424513665114993,0.004745140058511899,0.002541942043849277,0.0028254155991538354,0.026445032111400923,0.009808874295179404,0.00995920326381694,-0.0017914267434777642,0.005752258878031213
2022-12-27,-0.0074142336530239605,-0.020620867421501154,-0.02592375366568911,0.0035039609987053133,-0.000281721884379027,0.008714454199593824,0.013894000736409451,0.013632384207795,-0.0020197219906653574,0.0005127547749885775,-0.00394348541433609
2022-12-28,-0.010254895341216264,-0.015676850897446193,-0.014691714836223668,0.0054653104600492775,-0.004339739615423666,-0.012926274764195944,-0.01642617297420601,-0.015464341531738368,-0.010000000000663811,-0.008199871877065834,-0.012427897221002682
2022-12-29,0.027629727540374516,0.028249244361258308,0.028843803471034102,0.005737581156675997,0.00509453186938269,0.004145827849368011,0.007565971581354303,0.003425515916325006,0.011063011063114248,0.005716315721636223,0.018000318589719733
2022-12-30,-0.004937554458326887,-0.0024872809498655,-0.002138275124732747,0.006605614772801083,-0.0051250281595423,-0.006750114686479569,0.010073260073103496,-0.0026644462946793235,-0.005708848716080572,-0.004913137021967606,-0.0026340496555197213
2023-01-03,-0.0010007505631037805,0.010087271903541861,0.0216666666666665,0.007606263982104622,0.008717803565970073,6.598047005712537e-05,-0.034360834088832726,-0.0028385373185026985,0.002751196172609216,-0.005482384999866419,-0.004209920769870701
2023-01-04,-0.04374321729685671,-0.011669658887511258,-0.00792356094150537,0.00932504440526083,0.010887255177190358,0.004354423698655019,0.0029105248338350265,0.010381781647507804,0.007873076464896656,6.523795550594791e-05,0.007720182763435668
2023-01-05,-0.029637712788973536,-0.021344232515538075,-0.023725628376791152,-0.00021997360380354714,-0.007383556320600393,-0.012415424029953548,0.02237408724975265,-0.004474643685710267,-0.022014439578699085,-0.01555823738541573,-0.011413383364559992
2023-01-06,0.011785344788551866,0.013225058004937784,0.03561116458132818,0.01913557443680336,0.008109619687002523,0.02381269123311336,0.012086805237421672,0.03570834026975822,0.012344184920107137,0.0276986283216607,0.02293215245932423
2023-01-09,0.009736362423916178,0.007785665215473525,0.014869888475836479,-0.004132231404728071,-0.025908460471839367,-0.012214137213675258,-0.018637473989689957,-0.009001044763871313,0.00502092050176306,0.004803662389494923,-0.0005668934240856682
2023-01-10,0.007617118703980408,0.004544421723285952,0.02873168498168499,0.00895392007008855,-0.002392071989463118,-0.0009865824787973487,0.014935005071343266,0.015773254399449543,0.00559057927915485,0.003208521833955702,0.007012839684299443
2023-01-11,0.03023814725796181,0.035059941189652166,0.058083898965171965,0.007431457430792543,-0.0015985384796082247,-0.008097965632795079,0.01162685075828529,0.0008782084547538371,0.005441211261654644,0.00031982601460955884,0.012647857033190046
2023-01-12,0.011621495525151015,-0.004261363636313575,0.0018929435271846096,-0.0010026498602485612,-0.0050320219579560455,-0.005641842559595545,0.016611295681309368,0.01730945638714876,0.0008235294119289804,-0.00818492822194028,0.003640776699058934
2023-01-13,0.003018741352680099,0.010863601447584914,0.029914978482208587,0.025234783855704768,-0.0032758620684913975,0.007142380348891253,-0.0006182653246372682,0.01329046928309996,-0.004584459857128298,0.0038361110215976435,0.003879484079075901
2023-01-17,0.004681687079080898,-0.009009986972711825,-0.021096616388096234,-0.015453464792965055,-0.006169636164327641,-0.0029162248149322556,-0.0019443216968323407,-0.008511955428321283,0.012517713746300618,-0.01612074502236338,-0.0018318695107890637
2023-01-18,-0.018889120033217965,-0.0018621973927033242,-0.006142634044768336,-0.030042613636273807,-0.0150847064287285,-0.02678808827436585,-0.02054369963662439,-0.013423866385839034,-0.022626545370521445,-0.011391082969059219,-0.01578801820151532
2023-01-19,-0.016453924770019057,0.021180860402785884,-0.018646553530274335,-0.013326499230671973,-0.0013548539116908787,-0.021014274980867942,0.006418949461461043,-0.023218099833861805,-0.01443914081016695,-0.009904585823127143,-0.007279879434972436
2023-01-20,0.03574354331079754,0.05341214400940619,0.038108454312553386,0.002448979591656908,-0.004659942192482447,0.003861817160393466,0.018235716852547768,0.01611393692798435,-0.009323162610991087,0.015038847577310666,0.01862906545910059
2023-01-23,0.009824327699533342,0.018057539277804624,0.0027763496143957678,0.016212614746795584,-0.0025482991590355386,-0.01342939078108396,-0.005205116893994832,0.011973889711690333,0.010388658029753195,0.014191852825389928,0.011998585430004427
2023-01-24,-0.002226069750377313,-0.020943982362923053,-0.012305168170631653,0.008596197275626327,0.0,0.005459057071793394,0.009311812698888033,0.01943015433346673,0.01487843232116437,0.014965016843780488,-0.0010733095374654278
2023-01-25,-0.005908114361023897,-0.025383828044947876,0.008928571428571619,0.00483929216304646,0.007129701147053469,-0.0007051191647663435,-0.005271944468770551,0.0032219246145901437,-0.08712753277762031,-0.004116933682254409,0.0003748125937717006
2023-01-26,0.03071360292572689,0.024154589371176538,0.020991973657131124,0.006181713628258034,-0.003657601321858106,-0.004022015241899823,0.040190795865966855,0.014239281844943052,-0.00248074161042533,0.014613042781455698,0.010990383414426486
2023-01-27,0.0006451612905782333,0.018970467596471474,0.030437411812134663,0.002428918416903514,-0.0039078690267161376,-0.004109103789676105,-0.018257472826286536,0.009232412635287846,-0.010732984294084313,-0.007769811439904184,0.00229771463861983
2023-01-30,-0.02196163765313275,-0.024454060581234227,-0.016529733959311455,-0.008480615735029895,-0.037032633894163114,0.0031301131108092406,-0.01773203010044433,-0.01149164587555429,-0.007012437152194573,-0.0007957981854844753,-0.012546834943664154
2023-01-31,0.021012731242826987,0.01959975242357781,0.025658876181004375,0.005965643642670493,0.008765432098975845,0.009715623005374097,0.021574498062852276,-0.0352198852773572,-0.005596269153530509,0.021057661675454087,0.014703312613860264
2023-02-01,0.019934627335407296,0.016086604613967603,0.019586929118588392,-0.002643612461166067,0.009178803083855325,0.0056890012639083665,-0.01094733212685206,-0.010900154584083999,-0.005225780517834178,-0.0074256653455759825,0.010627829167315195
2023-02-02,0.046884272997296916,0.07278701583136948,0.0737993342843557,-0.004656494017691415,0.0037593984959793936,-0.00712340247230181,-0.03128812968450356,-0.018594213352494338,0.018318965518333785,-0.07113444189511353,0.014556962025478626
2023-02-03,-0.023620559334880276,-0.027473547428742084,-0.08431494110353377,0.015474305455707826,-0.005617977527700879,0.003094886403507413,0.006927575348010029,0.011678236014709853,-0.012301587302351091,-0.03546531302849609,-0.010629108882365235
2023-02-06,-0.006115734468723932,-0.017942355411037503,-0.011703259502853225,0.005882769862471937,-0.007593706336117889,-0.008484678493538178,-0.001697641171734876,0.014772360348647595,0.011249497791032681,-0.006981966177891152,-0.006111313204850921
2023-02-07,0.042022043073536075,0.046064139941385474,-0.0006850655705618047,0.012189966178536515,0.0002448579821554553,-0.009759547383576317,0.02855097109108118,-0.007000238644312096,0.007548669049639578,0.007207716496543393,0.013078593563120577
2023-02-08,-0.0031021079385520345,-0.0768301746563107,-0.020174321809812934,-0.007030978071506988,0.001285189718546853,-0.010355663476262711,-0.00870170553414773,-0.0031643034527688574,-0.01380126182948127,0.007612165432977935,-0.010934752763674283
2023-02-09,-0.011659730814086111,-0.04387642145478021,-0.018090954522738678,-0.015563656758717848,-0.013507731801458034,-0.010969185249069313,0.003774578651128957,-0.010407039820077624,-0.02345728375254419,-0.001218493245919272,-0.008669183002711467
2023-02-10,-0.001972536226093613,-0.004631091464384118,-0.006412866449511334,0.004415325452781227,0.004646840148932574,0.008828894563755574,0.04215128989977446,0.005643982458785279,0.020062781492537596,0.0032416605666816256,0.002333636296810937
2023-02-13,0.03124287343214771,0.0004229671148221481,0.019772564286446137,0.010847986386391506,0.003700277520999551,0.013091277303447058,-0.003860031887159554,0.001938062745155511,0.011774150388444982,-0.0038913209644786395,0.011739045191635489
2023-02-14,0.0031328320800412257,0.0007398795054385232,0.0016073940124572417,0.004418881952678033,-0.0043625192016745196,-0.005640037124052588,-0.011714770798151863,-0.015273020350554889,0.005421846071441472,-0.018172305545812395,-0.0004602378705458321
2023-02-15,-0.00797295807763776,0.02386987748178826,0.014643931795386145,0.004189944134322721,-0.016477412984591377,-0.0022975301554419847,-0.0030063562958619894,0.017760680962143338,0.011968959622133069,0.010550996482972197,0.003247382706713431
2023-02-16,-0.026622605079256623,-0.014751392614510528,-0.02975484381178317,-0.01376912378277595,-0.007090418522826658,-0.013097294185554276,-0.0029292668216663875,-0.008765581021183633,-0.016246425786046514,-0.013112564156912199,-0.013768781100773397
2023-02-17,-0.015601754720598215,-0.01214532509684918,-0.009679062659195159,0.00296150049329591,0.020728008089085703,0.02092751932385184,-0.038451568305751804,0.005151711828677463,0.005020478266560824,-0.0036333843907260244,-0.0024982854902423357
2023-02-21,-0.020886615516055418,-0.02713301536820001,-0.026954732510288126,-0.01834926884185073,-0.01490117837740168,-0.0007142346979265302,-0.0009884974842133687,-0.02857258162140819,-0.03168134612943041,-0.00786528904920858,-0.020060894760118297
2023-02-22,-0.0045909684569231946,-0.0015252206124757306,0.01279340241065774,-0.007663109646906863,-0.0013924050634321894,0.004216996641210891,-0.012953134838311287,-0.011715342113148508,0.00027151778425293926,0.0028107095239577884,-0.0013781352577008077
2023-02-23,0.012961711264199316,-0.008292416802144653,0.00031318509238942305,0.008010969977530591,-0.0003168969449546255,-0.0032028469753450084,0.009204410826568976,0.00025221741173431234,-0.010993485342274734,0.005138524560798663,0.00531941586804896
2023-02-24,-0.02178435451586913,-0.019364066454208406,-0.024212064287205126,0.009021264408865415,-0.011158308502299819,-0.00564084255598718,9.030160712764079e-05,-0.0074805631438695785,0.000686153424261704,0.004504504504587281,-0.010682374082936485
2023-02-27,0.0037717679160458317,0.008302479523641493,0.0027807486631017397,0.008727737174682337,-0.002179906392154596,-0.0008616975444931674,-0.0018058690737289274,0.016132446966241165,-0.008125342840638372,0.015801836429446325,0.0034058226954873927
2023-02-28,-0.0029581068118088583,0.002114164905473004,0.005012798634812299,0.008370849746332842,-0.015228426395549777,-0.011355469311784328,-0.005789235640779822,-0.0017918159845626835,-0.01155023657095533,0.001962020881501658,-0.003695974656269474
2023-03-01,-0.012629299975818187,0.003331112591739238,-0.021861402950228204,-0.0055807464244029825,-0.004502153203899573,0.0007269555107354275,0.008916386134835141,0.03807138384456921,-0.01633112769346723,0.008042520456155167,-0.0038358653407933874
2023-03-02,0.019653226133649282,0.01814962372707063,-0.00043398068785949206,-0.010382321992579269,-0.0007865242188662691,0.016489902658366917,0.00459915231297825,0.014115092291194786,0.0334907685698167,0.013008186485310658,0.00777727111520532
2023-03-03,0.016646091354442394,0.01793478260831982,0.030066210789102543,0.018359679591836597,0.010298458511047937,0.0072893589652620605,0.012657091561419032,0.01241176937101196,0.022434565850771637,0.009416840735529508,0.016037806993110415
2023-03-06,0.006189039915308614,0.015803523758527227,-0.01211801896733411,-0.005847139078567487,0.009998701467642368,-0.004256828662729806,0.008864462370590465,-0.005209353335073219,0.007720438846056776,-0.005631318271168251,0.0006927435118930791
2023-03-07,-0.010589013898124278,-0.013350152422553774,-0.0021333333333333204,-0.0294076459881486,-0.009449730007381807,-0.019878874243004607,-0.0193304630521709,-0.030868572328530353,-0.008736559140008038,-0.005902019650614876,-0.015328701758065444
2023-03-08,-0.001770607908466948,0.004155124653691944,0.003955104222341133,-0.005915452315559011,-0.007333376598573249,0.0001453911027842203,-0.014604426126947123,0.010481839603303067,0.006779661017239258,-0.004632966128061633,0.0016320586537124093
2023-03-09,-0.005439495467024824,-0.02047745358094255,-0.01778109028960817,-0.054136429608289904,-0.01124476987404388,-0.007341183312025823,-0.007728677941236994,-0.031199742682549214,-0.006599326599219246,-0.02054888980831604,-0.018449814499211792
2023-03-10,-0.014782815472718314,-0.01830589254781645,-0.016476964769647662,0.02539512045418224,0.002446442739665544,0.004539796441393795,-0.012370567213323413,-0.057893426294533534,-0.010168112799446849,-0.009891579836475595,-0.014429461640580676
2023-03-13,0.02144092682744958,0.00529625951648538,0.018736911716080717,-0.017957351290111,0.00956401292821596,0.006924702966624174,-0.011504917424929095,-0.010175763182602493,0.00383509108400526,-0.000995484765718757,-0.001425202767473821
2023-03-14,0.027055765595684456,0.03139062671498416,0.02650654549388709,0.025676190475527383,0.0056187116161410255,0.012378746199710466,0.003754458419893192,0.004316866933867569,0.017191977077740894,0.017473931456710723,0.016529997923996786
2023-03-15,0.017830438283402028,0.02277322549785432,0.013912310286678053,-0.04724409448789102,0.002793659043551111,0.014158026457270934,-0.0497475219755078,-0.03726680551270134,0.013011401743191708,-0.030989856593152454,-0.006254307813862492
2023-03-16,0.04053646775191311,0.04380397461300278,0.03991683991683992,0.01941369094039236,-0.0020732102362956972,0.007473736162922684,-0.005805943711844175,0.0066740311149193765,0.009401483050461845,0.009421022234946896,0.017545211672861383
2023-03-17,0.01169442433014689,0.012958532694549385,-0.010895641743302709,-0.03778202676901121,-0.010712198922656846,0.0002799356146605536,-0.011778679599807051,-0.01691737917805769,-0.007346189164051942,-0.017557661362492483,-0.011647764509955416
2023-03-20,-0.025766739433903618,-0.003936233024824043,-0.012531581606872289,0.01057149670164792,0.00990943693452806,0.015392150003795013,0.026141826923038014,0.02465001627876151,0.003964583057894044,0.016269927931974237,0.009615631169979322
2023-03-21,0.005693714873491462,0.03655404070356871,0.029679664312762366,0.026820827434349326,0.0,-0.007234892855008113,0.04480234260604665,0.020925060142500396,-0.008029485323298502,-0.0014326134452962158,0.013130492203009103
2023-03-22,-0.005442325955040572,-0.014773160503195326,-0.01898419640194804,-0.025813864419934385,-0.018454740399353464,-0.000624652970622086,-0.022888639760597296,-0.02209674550968066,-0.016321656050167,-0.012374018148248567,-0.01704645158062079
2023-03-23,0.01972162033123337,0.021572990229426825,0.00010131712259364711,-0.0026733763170163627,0.0005296259519915747,-0.0013889853462314417,-0.011282149345010706,-0.002318708797331981,-0.004316740861313062,-0.030578152237038303,0.0027033230471955605
2023-03-24,0.01048044370781831,-0.001515151515084856,-0.005875797791510484,-0.015216020182597934,0.010057566333110168,0.020376938591281535,0.0011604293590230519,-0.011073641997935035,0.025470803415097665,0.0027346969356387696,0.006562046951547051
2023-03-27,-0.014933884592093216,-0.028262518968564354,-0.0009171507184345673,0.028660635657252076,0.0042581067802547334,-0.005248091603639038,0.02192601178406739,0.0045620017508885,-0.0033029462289076994,0.009414577651349232,0.0018698673406205568
2023-03-28,-0.00416093783891236,-0.013956666015520813,-0.008159934720522344,0.0030352556619277493,-0.009654272668036201,0.0028091812268404848,0.012476370509995949,0.00990825688095387,-0.002651113466596633,0.01239868240880182,-0.0022446972179934743
2023-03-29,0.01918395523737937,0.003563298029631179,0.030954339777869322,0.0020173805092866814,0.009814253721982302,0.003074610549576917,0.017176997759802193,0.012899709302219176,0.01156299840503383,0.010199605176704152,0.014534883720711989
2023-03-30,0.012619870949229783,-0.004931452805533532,0.0174563591022443,-0.003019978318111849,0.0007827278061569576,0.0043593760642346435,0.004864170337122609,0.006905829596346225,0.006306661410626191,0.012267940505782615,0.005855238569841603
2023-03-31,0.014962154550405504,0.028149469719761733,0.012647058823529456,0.01211650485439919,0.010232679397828681,0.00840963038319309,0.0015526532102978496,0.01915026275973064,0.006397702049774301,0.033033033033118775,0.01409462472146239
2023-04-03,-0.003711411723907765,0.00607345994393893,-0.008519701810436708,-0.0011511012202342075,0.011935483870689101,0.005514829511094943,0.05900054714597358,0.004500961369980683,-0.005319148935910345,0.006371644441339308,0.0038105473998371053
2023-04-04,-0.0001740765242144171,0.003449597546317351,0.015037593984962516,-0.013368162261609307,0.010455849537751138,0.0048157313888570474,-0.00955825368085128,-0.0540305389999024,0.006391026477007067,-0.0131123719901447,-0.005548120209300511
2023-04-05,-0.009889268054834033,-0.0023873185635649996,-0.02741702741702745,0.0014795203238540111,0.04492396996720549,0.006856153897745854,0.01712745609476163,-0.01802713267417655,0.015163297044918034,-0.004802804557286322,-0.0026182494434741077
2023-04-06,0.025532812829908158,0.03780989757817377,0.00949554896142435,-0.0010970927045813594,-0.0027776100480444432,0.006346687821834118,-0.016582613898512344,-0.020418676532761415,0.008170560449223263,-0.00662251655624313,0.003900883218846296
2023-04-10,-0.00757887517158462,-0.01826231322577987,0.0010777973740936364,0.0032948929158815865,-0.0050257341810714395,-0.008277493102034628,-0.004432855281167547,0.030405889945918974,-0.006838039762286252,0.00507092198572523,0.0010264180455665795
2023-04-11,-0.02266837140181488,-0.010240511085961801,-0.022022119996084943,0.004926108374657678,-0.0003042843231192416,-0.0019872813987218407,0.007071765322893775,0.023523407414569597,-0.0011475200807192776,0.006703595244065719,0.0002685481311606175
2023-04-12,0.0023335572602656285,-0.006739439962811566,-0.020916733386709407,-0.00015561780235306966,-0.0021306385830982544,0.002721359351835817,-0.0010403120937716448,-0.0004533091569520753,0.003191217768129695,0.006448673465488719,-0.00407595431031893
2023-04-13,0.022399379166772038,0.026662844036625,0.04671368700807532,0.0038132295711705844,0.013360175695778631,0.004633613557082361,0.004686279614843691,0.005306122448896611,0.0033083089449630343,0.003377790159321048,0.013282685945360306
2023-04-14,-0.012765663814185202,0.013404077073801979,0.0010742187499999112,0.07550972943705081,-0.0016254289326184113,-0.005073466430031481,0.002418588580170855,0.009067532819109436,-0.01052631578934049,-0.006698132852001604,-0.002442740706691704
2023-04-17,0.009296148738277887,-0.026637273812335716,0.0022436835430688085,0.007929070856857567,-0.0010250844190025088,0.0003311258280025431,-0.011632916846106123,0.006974248927086757,0.006664957702759766,-3.493938024401455e-05,0.003588226737130773
2023-04-18,-0.0014889196677999594,-0.013871850523715756,-0.004282655246252709,0.011227919616797921,-0.02812820667556859,0.0010592519035088621,0.019529206625749307,-0.0001775883504333553,-0.00305576776071137,0.005520614954376057,0.0006522684445697813
2023-04-19,0.00027742136844488563,-0.003062200957768546,0.019550342130987275,-0.0012729844416976555,0.009440407427631525,0.00019839957628042804,-0.003164015733803871,-0.002442273534746242,0.008173690932151256,0.009451664465917498,-0.00016899640277523442
2023-04-20,-0.00811232449298116,0.010654636207193757,-0.0046979865771811236,-0.002903271490967918,0.006460345782480337,0.003641232478441614,-0.007978038946452437,-0.010594257733854473,-0.0024068913098744815,0.006746987951927297,-0.005457091804594527
2023-04-21,-0.0012233057213638654,0.0011397093735801,0.03034389750505717,-0.00191747745210058,-0.005440762929023735,0.03460391117016082,0.003199584917940923,-0.003599226166751346,0.00304761904808748,-0.006462422211605756,0.0007769253180178737
2023-04-24,-0.0139627659574737,0.0053125889391576475,-0.0070119670905011144,0.001351928276515535,0.006085192697705244,0.0017940667651492603,0.018877682958321484,0.014346029872505328,0.0006329915169587252,0.009395326427439565,0.0010431829208878973
2023-04-25,-0.022536111012480986,-0.02000566198035081,-0.03427172582619342,-0.021743764655622666,0.009164222873355499,0.00025583626472447385,-0.01421319796961451,-0.021483238597903243,-0.015435222672342208,-0.011455847255571583,-0.01587378523140337
2023-04-26,0.07243482680972857,-0.0013480982187686896,0.02349614897143426,-0.01772354180274205,-0.015498244339505085,-0.011573630027474802,-0.009182972879780427,-0.011160407995267296,-0.0481881264456131,-0.014692695040266712,-0.004235618597222435
2023-04-27,0.032027626366925466,0.03741201427137053,0.04610401981329759,0.013458552096289988,0.0023367359488903894,0.012226678742244479,0.011953226505175385,-0.008603543179772632,0.024031321722666643,0.01995239428758655,0.01990800276977045
2023-04-28,0.00797165633306518,-0.002323636026371201,-0.03979238754325254,0.00868296242286859,0.004294478528167556,-0.0005751901323196584,0.012924762475495344,0.020855689824136325,0.010283454186751362,0.010227194728418487,0.008535195557931363
2023-05-01,-0.00553277354668813,-0.0013042668159042314,-0.032242769084874445,0.021412037036871112,-0.0006108735495441442,0.0012149891292543291,-0.031012337332882556,-0.006992687385780294,0.002218452302531926,0.006182905285968321,-0.0010097853005681667
2023-05-02,-0.0004909019506723622,-0.01753731343254694,0.015482606565409007,-0.016147308781819247,0.008740831296055962,-0.000894168742532897,-0.03985349263137983,-0.009757444654068914,-0.011197916666231267,-0.011985954487124806,-0.01123920001907408
2023-05-03,-0.003307029894120017,0.0008545385490263957,0.0001929943066680817,-0.021163259430024617,-0.01308852935816418,-0.0012785271371054119,-0.019709355132127238,0.0022774808272472136,-0.00724255991501388,0.004305778628192147,-0.006863985979959741
2023-05-04,0.003318002627999528,-0.006830471491971468,0.0033767486734201935,-0.013678482129766856,-0.004543500951707191,-0.004608589899019688,-0.01751134994912773,-0.024392506028497296,0.0015917230389652648,-0.009595426860322331,-0.007082986128131519
2023-05-05,0.01715726400585149,0.008405769414093989,0.015913461538461515,0.01953474500476715,0.003392339480325468,0.0033438364090732087,0.024896265560442554,0.022388059701209828,0.0,0.019342426220665176,0.018512576210007126
2023-05-08,-0.006438113632867171,0.02083925357635663,0.0016563342955846494,0.002413339183948038,-0.0022744037370738823,-0.004678587451497185,0.003956569745816374,-0.0013947649820801322,0.007283803470497174,-0.0037748567577338132,0.0002665826527510351
2023-05-09,-0.005345861007640562,-0.0038971884574304783,0.0074648020410093,-0.00481505799975257,-0.007762922802645789,-0.0102382485511896,0.00027495188371551293,-0.006052423297085663,-0.006310807256941664,-0.05291291697672307,-0.004385327324734956
2023-05-10,0.0172964169382952,0.040987424313097875,0.03348339898705688,0.0005131588594371461,0.0037255510712883577,0.00208184243072429,-0.012827560930631976,-0.0014988992459424866,0.01733262767863719,0.0036079159816848616,0.004672328620485056
2023-05-11,-0.007044282924161704,0.043131991052063334,0.01805971503766224,-0.003150644783267098,-0.00408289514356075,0.002337207037696132,-0.018099127529912273,-0.014730027677422042,-0.010274417999519003,-0.015661149670486152,-0.0017439748092357155
2023-05-12,-0.0036761149267326987,0.00806382431143371,-0.017115350329827028,-0.014332965821239996,-0.0013044288469565846,0.010169052399443101,-9.452689264888292e-05,-0.002333000047528233,0.0244415243102325,0.00524317483281056,-0.001310266178134789
2023-05-15,0.001585914490071394,-0.008509914049923961,0.008525303827317199,0.008426547352447855,-0.007650205248876052,0.00032059502445735966,0.0018907165818462524,0.008351627374375559,-0.005387378142753585,0.004640287769488438,0.003450035229311421
2023-05-16,0.00736767272009442,0.025748862758731672,0.019784172661870603,-0.006729276048144994,-0.0013162018180602475,-0.0017306582912136603,-0.024269534596316977,-0.019357281461657716,-0.021924168171061797,-0.013247878549052405,-0.0066826469093772545
2023-05-17,0.009430936036390891,0.011128775834485127,0.01851851851851838,0.0307474687311311,-0.0021965608129480563,-0.004237832284536891,0.022434646898716215,0.023648648648807447,-0.006592827004500368,0.0022134329982912426,0.012138939670897297
2023-05-18,0.014394904458621793,0.016468056935007302,0.022943722943723044,0.007583965330606457,-0.003207748915225017,-0.016443126128261487,0.009063155886383178,0.01235266383772804,-0.003185558800595567,-0.0027154236058914982,0.00963321532637873
2023-05-19,-0.0005651136507135446,-0.0005698933486081303,-0.016081252644942867,-0.002293906809893498,0.002713276123065489,0.004195895889681722,0.00463269357977536,0.00027943368087357534,-0.008255659120231629,0.01256126338692476,-0.0014550485413454828
2023-05-22,0.008921279135550186,0.01865428478280462,-0.010666666666666602,-0.008262681419955564,-0.005348939651476314,-0.026180061370264407,-0.01214003387917495,-0.002421082037008082,0.0013426423195477266,-0.01401885912997447,0.0004060962210921115
2023-05-23,-0.01843203188218101,-0.019912035185765897,-0.00017389792191990772,-0.010432514670857262,-0.00038248231001991595,-0.010793778492492634,0.013622939887870222,-0.007234201437642085,-0.005631536605111065,-0.0127272727272979,-0.01122280856756619
2023-05-24,-0.00447249888983503,-0.01354438642259126,0.015305678754674368,-0.009151475217288985,-0.0009565716474823072,-0.008268383599234874,0.011184210525982063,-0.014150721639630714,0.001078748651730299,-0.002430939226476192,-0.0072448018546810156
2023-05-25,0.03845786203581758,0.021339950371894734,-0.01498929336188437,0.0024383035319421875,-0.014362313289722373,-0.006423836533327676,-0.017938470117937366,0.0013352408200995036,-0.0114493534489164,0.004726037512948089,0.008659904157126475
2023-05-26,0.021385616102050697,0.009151279559757919,0.04443478260869571,0.00936094936238474,-0.0003885758692624419,6.878052077685659e-05,-0.006530380465698982,0.008667492142079736,0.013591769996783576,0.0062839923562376665,0.012950681297645872
2023-05-30,-0.005046712127118269,-0.007543535831665449,0.012904837232536881,0.0037972834817763257,0.0001295756397210468,-0.015268225584042394,-0.008859674192239875,-0.008970727100905629,-0.0166396103899924,0.0008764561951815075,0.00038093424108498475
2023-05-31,-0.00851423568103915,-0.006468828333998644,-0.008877198750616433,-0.012730976284537121,0.004469780397851064,-0.00474926665765274,-0.017877739331308984,-0.019771319675989663,0.010592928875926999,-0.017988105228529117,-0.005545242514989224
2023-06-01,0.012759219220874307,0.006917880686911015,0.01816221595621159,0.013779382507104199,-0.003353540564836721,0.010245614035127693,0.011548248189959809,0.01613608748467099,-0.0068064252647696,0.014973619677742578,0.009501017111378296
2023-06-02,0.008479162908230586,0.007678629162392037,0.012055062311639775,0.021005960168351656,0.01572408437941486,0.017782717421471084,0.023219814241292713,0.08399100779648472,0.012198464911564955,0.028809898597864203,0.014461144563998163
2023-06-05,0.0016100178890074979,0.010748375712424929,0.008450704225352101,-0.00982416174220957,0.008600369496949645,-0.0039585039586007564,-0.004444024205677688,-0.018355910514939566,-0.0035206499666303737,-0.004483347566068274,-0.0019162460272217352
2023-06-06,-0.0067273917960120055,0.010316641536533444,0.010454908220271397,0.0017973973683531597,-0.0008842849920198681,-0.00993558996835131,0.00816791718112242,0.018923899851429837,-0.0028536485921676347,-0.0045750232325640905,0.0021774760008741456
2023-06-07,-0.030867897386670617,-0.03778179247567415,-0.04249269409999201,0.009688531649518994,0.0021494499933967237,0.002145477195667267,0.02242110221317506,0.03913005117367119,0.01076587625908454,0.014075403949586285,-0.003457701562967319
2023-06-08,0.0058135939140020465,-0.002938775509664371,0.02491132557947706,0.0002843130280532069,0.010976532929467764,0.011325966850923797,-0.003132774348014511,-0.004669921460342064,0.009842254281775986,0.0033991926918506277,0.006048528894478267
2023-06-09,0.004703929164547871,0.0007368593416032798,-0.006599597585512984,0.0019896255245037686,-0.0015599650567603707,0.0008194482379755286,-0.007394398742552877,0.0024738750265316245,-0.011081441922889734,-0.016903098313336806,0.0017943280591732336
2023-06-12,0.015483949937206587,0.01153562955065035,0.025439520375921454,-7.091695647842844e-05,-0.0006874570336238284,-0.007846615720550232,-0.009032498369972997,0.012211207080078168,-0.0012150668293564593,0.0012204314584649545,0.009071877180730992
2023-06-13,0.007352719602161661,0.0015367195086928298,0.000711068973690443,0.007234042553410758,0.005253283301739575,-0.002406987139754402,0.00018793459820032332,0.031693989070739725,0.005001351717997871,0.021223963001341994,0.0065928999539377475
2023-06-14,0.009123814652018503,-0.001292093999781474,-0.001894836570345726,-0.003731868751074008,0.005101405997680608,0.009375430856038758,-0.012025554302658614,-0.008637548891744729,-0.012777404170697393,0.014007372301173104,0.001190857875786877
2023-06-15,0.03189660283391471,0.01148217029160259,0.005457997152349403,0.011308219662225838,0.01343154246102407,0.013864226198577079,0.006941802966885957,0.017877691928276818,0.013079019074906606,0.006647278770478771,0.012397639416029005
2023-06-16,-0.016575696638847504,-0.012471020864833426,-0.01274486665093233,0.001188063456726951,0.003053808098653743,0.007342539576112195,-0.007177259419814175,-0.009690313723764499,0.0165411511554292,0.008288622919030875,-0.0033927541797815763
2023-06-20,-0.01250255601322503,-0.0034809358054250783,0.0023109411108455102,-0.005095630322783595,-0.0006089021498162372,-0.009228300120542321,-0.022923998858608075,-0.01679781465350305,-0.01098028839826748,-0.013200532114375774,-0.005188185500441422
2023-06-21,-0.013282058867089996,-0.020714865962650042,-0.007552870090634434,-0.0014733740260992612,-0.0015231828428466931,0.008639308855274086,0.011195482865768547,0.0013684428779874303,0.013643659711367384,-0.0005530591081482905,-0.005123747655374045
2023-06-22,0.018437462525557224,0.021567814185300183,0.0426179604261796,-0.019252388982602175,0.010617525018180363,0.003412740899026101,-0.005487628767004149,-0.017144276958676485,-0.008577461070521708,-0.003908141384932229,0.0036096932911628965
2023-06-23,-0.013805893262006763,-0.006577344702011656,-0.006300422589319954,-0.005229975641509621,-0.0008453085372334135,-0.00993664554832363,-0.008712487899253496,-0.012218757899878696,-0.012777851724970368,-0.006076177910314007,-0.007559964261978247
2023-06-26,-0.01916303504271888,-0.032695765897718165,-0.015464316090621044,0.0024486856323093775,-0.011179598743284669,0.0010103731647792547,0.018457031249961675,0.010706364101573884,0.0016179048141746755,0.00045413260647153564,-0.0040857782601726456
2023-06-27,0.018167985392574693,-8.450228230438839e-05,0.01452917615644389,7.184424114803356e-05,-0.002077858583118153,0.009487921404959243,0.0024930482309459823,0.01578392065830969,-0.005115089513967885,0.01752854499127232,0.01096328574099692
2023-06-28,0.0038258062589762165,0.01563424321818685,-0.0010837590958353571,-0.0043821839078233005,-0.002020944332596808,-0.00019997333665566774,0.00813008130057069,0.004902571772660291,-0.006359085374686102,-0.000308843210455656,0.0005043904898349716
2023-06-29,-0.00238201578105246,-0.008986520219699812,-0.008834469931804034,0.03492315462911688,0.006995581738046264,-0.004066937796438963,0.012333965844658623,0.009798652168680588,-0.008578431372861406,0.011773994233071683,0.0039414285386421
2023-06-30,0.016385614087452982,0.005037783375519966,0.019233776387802992,0.014013804643115302,0.008653260207279745,0.015798634355649543,0.0051546391750427745,0.007410743530886776,0.0190907842330601,0.022154368108441957,0.011800689324594327
2023-07-03,-0.007488107123775345,0.001670843776455655,-0.0010739490641301641,0.008044554455361785,-0.013110198163385656,0.005008567286294063,0.00195804195792304,0.005202194676143357,0.0024258760106585786,-0.008212866824750087,0.0011505143476766566
2023-07-05,0.0004733867863879748,0.015429524603894462,0.001228689909384073,-0.006616192619694705,-0.003305785123811522,-0.001704918032705116,-0.00511818350993154,-0.010107952937643772,0.007663350364339516,-0.030632510855999717,-0.0014871898872472755
2023-07-06,0.009226674552693659,-0.013470225873340458,-0.015493173799662419,-0.0098866150446274,-0.0074319759228538285,-0.0016421439836554752,-0.03732111121485071,-0.01735898378462608,-0.025750500334746906,-0.0004514359132268275,-0.007830659174373866
2023-07-07,-0.011867436340439186,-0.005245191907295665,0.011062636335306797,0.007890510439072518,-0.0145420792081149,-0.020988222908843612,0.002331908277823036,0.019120458891167535,-0.013284031772029303,-0.0034741523070106473,-0.002524678160460425
2023-07-10,-0.015983630864250586,-0.025359892868946465,-0.020419170904607875,0.005611750035024343,0.0016326530611734391,0.0004032258059818439,0.014831329973499674,0.014805449057742948,-0.004718945176550693,0.011086319899646035,0.0025310682933032957
2023-07-11,0.00192869843001775,0.005925289824025182,0.012978840556910232,0.01563899414391745,-0.005516895492008622,-0.005239822651906256,0.012226573693519871,0.01623728949793901,0.006693627109870315,-0.004723812150820739,0.006368557521771345
2023-07-12,0.014226847534863474,0.015280860508663174,0.015685665476005584,0.0049518382853119824,-0.003467187796000526,0.005199891949877911,0.0049070491649585435,0.0029661854856293246,0.017730987670671272,0.019400658236539803,0.00804592505536128
2023-07-13,0.01619217081854707,0.04717060455768607,0.026758409785932802,0.004859939250689171,0.004617914979746285,0.0006718172658968236,-0.018311578552350438,0.008911671923992337,0.003266639445003383,0.015972812234522404,0.007936863817701756
2023-07-14,0.007529329364442949,0.0070660028903268834,0.0028294862248696706,0.006045543091380168,0.0066746426551738125,0.007385028532993498,-0.03443657929952326,-0.0009380129755867106,-0.006919006919894999,-0.00107041311255629,-0.0006228312127923852
2023-07-17,0.001419302514177545,-0.006139371711084696,-0.008316008316008316,0.02410362555904988,-0.005004065803940194,-0.007064311896032738,0.004359025163722441,0.00719818480562795,-0.007377049179954298,0.0021766065029764636,0.0034722222222101085
2023-07-18,0.039799843808862256,-0.007139991977124338,-0.005465708295896876,0.001825531360110988,-6.286540513900096e-05,0.0018793207600302786,-0.004537384099097652,0.02466402547952229,-0.008395265620860126,-0.0034081796311914436,0.00743057403958014
2023-07-19,-0.012267378786764316,-0.013978668390938864,0.019046902055258608,0.0038396459717149334,-0.002011819438983431,0.0068332551752512405,0.006936187078079525,0.0009097456504241208,0.0006939625264128502,0.0011064172198258504,0.0022237389638972704
2023-07-20,-0.023121550073112673,-0.023191018601490532,-0.039893617021276584,0.01231766612652807,0.06072823484955148,0.008055758865913587,0.01761464278755498,-0.006317792578683701,0.027739251040497015,0.009209953448062302,-0.006634446397129845
2023-07-21,-0.008937065759510587,0.006879194630357688,0.0003077870113881165,-0.007684918348314418,0.010749495189138703,0.015741232731527166,0.004641717434550774,-0.013175533340928802,0.02429149797594321,0.004645914913188776,0.0
2023-07-24,0.0038979550281863506,0.01258123646098852,-0.009230769230769154,0.019683768958112413,0.005229449439070999,0.003204080298137235,0.01568967176920366,0.006675722880044921,-0.005270092226663636,-0.0021140252361679934,0.00446724755633765
2023-07-25,0.01700906957184367,0.00559532625706094,0.0025621118012422173,-0.007468354430553714,0.007657236380375521,0.002346499804372959,0.0015163002271507686,0.010371284265528136,-0.0007947019871998862,0.012413108242300686,0.0027300748567231636
2023-07-26,-0.0376374722205437,0.05776941330469132,-0.007589251142259612,0.005994133401550306,0.0019142641688605355,0.0010404473919498614,-0.005582891748383223,-0.014271540868328492,-0.01418345705261348,-0.009285597514909316,0.00015369752334382092
2023-07-27,-0.0208721911361216,0.0010056470954757923,0.0007803355442839166,-0.011029411765054453,0.005616025937927871,-0.01188774847323848,0.0031401655720220134,-7.742335087512764e-05,-0.014790910312714733,-0.00039602653395443,-0.006629931285753177
2023-07-28,0.023131349782281818,0.02457496136001569,0.03087719298245628,0.005704396872771689,0.004548333237209157,0.028269015843803702,-0.011952191235383602,0.008246225319411105,-0.005732223283952509,0.00178282544826458,0.009790271608089318
2023-07-31,-0.007240594615283036,0.001055966209225323,0.011118674835489006,0.00669173411474433,-0.03983264557560051,-0.0007032798411095165,0.02956989247274211,0.01820066812564458,0.006177076184380459,0.006261740763996659,0.0019040532260634624
2023-08-01,0.0012502976899995133,-0.008815551537727617,-0.01488629563135857,-0.004937958976716339,0.008117949024305737,-0.0003198976326689307,-0.005781424840880067,0.08854696986854149,-0.015416098226091468,-0.009563423181614294,-0.0028615740843164206
2023-08-02,-0.026282927989524252,-0.024097301406317273,-0.026425696711975033,-0.0113245960050391,0.006039433950952411,0.0021759999995358825,-0.012474207465699605,-0.003741555517063899,-0.003602604961001288,-0.010217916073940847,-0.013910795653597652
2023-08-03,-0.002564885496333935,0.0005452562705217101,0.005459792527883867,0.006113256113656984,0.004296392207629118,0.0026183025734285437,0.01738056795471188,-0.021281774872335624,-0.025170351828999737,-0.058465855940339484,-0.002865838757770911
2023-08-04,0.003428641400942123,-0.0026469443360059852,0.0826933519509736,-0.002110649184918434,-0.009376465072275408,-0.010955414012192355,0.0028005974607698825,-0.0178006750756462,-0.01326676176848729,0.009261230572813473,-0.004522769806579174
2023-08-07,0.007108426383624966,0.02669580828956586,0.018986888299777904,0.004742981669349611,0.02401798390862231,0.010561566202990091,-0.002048035747655441,0.01884676602525759,-0.0076622813353571795,0.010090356150904922,0.008728542333399814
2023-08-08,-0.012298930659474183,-0.0009883676730189084,-0.01603150049219515,-0.005613676958781122,0.00046216060123294156,0.0010833545750041917,0.0049440298510892156,0.004402627374348933,0.0010198135187804436,-0.013087365123511163,-0.004348694282250931
2023-08-09,-0.011715994479372993,-0.013242009132037325,-0.014934972130913327,-0.013407749550719661,-0.0006351772725476934,-0.0012731555155943708,0.016986911724341747,0.005797306373683586,0.0030563236793432758,0.006559920998678637,-0.006685236768920744
2023-08-10,0.0021723613568163103,0.00023137436341857942,0.00515052593398635,-0.0014955458740203431,-0.005200208007865137,-0.00497163617849361,0.005111354508968935,-0.002495343197680744,-0.009141033082167072,0.0031885073579389633,0.0003589455975037126
2023-08-11,-0.00594556095746912,-0.001002390314837287,-0.001082563510392598,0.005795780150968044,0.00975779752573458,0.005829222984123028,0.015528514347750155,0.004932703826263207,0.009225362425291594,0.008661939855368672,-0.0005830773025925495
2023-08-14,0.009438958287681709,0.013661623958092006,0.015605808828841772,0.0020718679186209066,-0.002358354903844617,-0.007833397019663124,0.0008047929894514638,-0.0023841245352179685,-0.005223447475067644,0.006717684130592039,0.005520026926797206
2023-08-15,-0.006727564498169136,-0.011802330008335749,-0.020630290958241537,-0.025457129935003375,-0.0028828413283708,-0.0064188972330690985,-0.02546461758427121,-0.025198566106844345,-0.01764877479605531,-0.019227461906204946,-0.011648925487058537
2023-08-16,-0.0024234139065825167,-0.008321775312088109,-0.01888574126534459,-0.004243187694458972,-0.0031802937439552315,-0.010207377737828649,-0.016826923077148725,-0.010311136748510474,0.003118040089200358,0.002735498351770671,-0.007338165232876559
2023-08-17,-0.01098626716612161,0.009479409478795109,-0.00806988968682909,-0.010386843331983697,0.00939729682715873,-0.007179688010053198,0.01937182621753175,0.002404283996708889,-0.0007400828896984013,-0.004966424174668083,-0.007619870803394324
2023-08-18,-0.0012623074979174476,-0.01893472906340954,-0.005672488431109013,0.002287559711943832,-0.008735130164756133,0.002826901584593866,0.015129151291600085,-0.004978740414917859,0.004740038513841194,0.0011247803163398906,0.00048133122462412636
2023-08-21,0.01706268958514534,0.007139494742836705,0.010959315418105353,0.0034235080887381475,-0.02979882891746166,-0.005047856300434139,-0.012086513994692183,-0.0038349159970909596,-0.01105705440040683,0.001369285864798453,0.006506300114707875
2023-08-22,0.0018019137569187382,0.005530887278816676,-0.0031927531927532504,-0.020738560342524415,-0.007947415596384122,0.0003953350469130257,-0.005611259313980765,-0.009349220898125843,0.006559332139474794,-0.0004908663792519974,-0.002708608367140819
2023-08-23,0.01407926564539963,0.02548806941467663,0.00945996275605232,0.006763219019534361,-0.008974822310461539,0.009352565369139754,-0.008788159111628335,0.01047372316778894,0.005479857819717715,0.0023853790295129684,0.011137738217538606
2023-08-24,-0.021498470948263293,-0.019566367001206952,-0.027154663518299982,-0.0009499898215841185,0.0034036345953050162,-0.004632952691668968,-0.007466168921810512,-0.013661502398839898,-0.00986890558161091,0.003079615048107387,-0.013859106606924465
2023-08-25,0.009407131918712786,0.0007705347508888405,0.010770631067961167,-0.0012225769206279935,0.014234659882682354,0.006555657532054671,0.017865538316248042,0.01210545859636003,0.0110086283840245,0.005826326623197486,0.007049829476630798
2023-08-28,0.0022292402007413337,0.008700338773773852,-0.0009004952723998816,0.0034682080923444936,-0.011789473684495566,0.0015631105904880815,0.008406466512818511,0.008181684766636499,0.0008828722783054133,0.00541103017706579,0.006341341455003979
2023-08-29,0.014550509731170225,0.027173498206219282,0.013294276701216745,0.008132285172016473,0.00012173595494036071,0.0005852516581916767,0.005954562110456196,0.019069107318382406,-0.0006248162304657301,0.013109777133922584,0.014454783630105883
2023-08-30,0.0011570902226014645,0.009734710559606397,0.0011859758357424255,-0.004033342295899689,-0.0035299129693169284,0.0011048287516597366,0.009744103451883035,0.008213405706487098,-0.006221300548293396,0.006333855479007333,0.004118799536863005
2023-08-31,-0.003132698683234403,0.002134236090853836,0.021766491448878433,-0.012351511879138855,-0.01252061320464637,0.0019475460913849219,0.0027958152961153893,-0.004250345340520156,-0.004322551795632235,-0.00010151597207441743,-0.0014633821867842123
2023-09-01,0.002745911642878962,-0.0037453183516182875,0.0007970436924862323,0.003348595639425689,-0.007422068283344796,0.001101464299714472,0.020955121862935133,0.01821221498924075,0.001047904191109117,0.008562049477244482,0.0018652159433085735
2023-09-05,0.014878597943206895,0.0008108506557371609,-0.006154068925571909,-0.011033919083893062,0.0012462612166306286,-0.013397191119833285,8.809020475508689e-05,-0.016139737991177183,-0.010019440705903215,-0.017851150929216963,-0.004321904297508894
2023-09-06,-0.0020086943486483655,-0.009648670545818305,-0.013914183725504459,-0.001652892562694852,-0.01661687826705671,-0.001967987405045224,0.008632079626420985,0.004509462770239336,-0.007703927492022311,0.0022207037922232775,-0.00672246460706305
2023-09-07,-0.008922134102548163,0.005949724824966474,0.018395390070921946,-0.008554083885212838,0.012784001012217105,0.009530695412327095,-0.004890402585140952,-0.0051961823964771225,0.008524889632325117,-0.004227032555135235,-0.0030702344133464177
2023-09-08,0.013215725500838493,0.00828034895794949,0.0027566195139643312,0.0007653771223261607,0.0033118790227113504,-0.0042971547627576046,0.014567792891498454,0.0030202892371911094,0.00875471698184982,0.021909554619748972,0.0015061256601500705
2023-09-11,0.010979148592618282,0.003959524857028773,0.03523113651161114,0.004380171035466507,0.013079222720358885,0.01190086967889692,-0.012542167632121903,-0.0008147938220286477,0.010474337872048878,0.014371377843368727,0.006576584665159757
2023-09-12,-0.01825767887786678,-0.011539585159632493,-0.013067784765897983,0.0130139831092011,0.005655969507412317,-0.017576736672498816,0.029169586545333415,-0.0008509129586137254,0.002961646675736951,-0.002179656538871755,-0.0054855613779186685
2023-09-13,0.012930644723759599,0.010122654056663238,0.02563194788642642,0.00047833811673814175,0.002506418877608718,0.006972308097151547,-0.008936930803245091,-0.02090060679165706,0.010335154288926729,0.003276626729183496,0.0011659454247812118
2023-09-14,0.007855740046400106,0.010167507863377834,-0.0008974801518811804,0.01939758213270304,-0.0015244832003703523,0.010973936899938641,0.017863277224839047,0.024064946361221473,0.012421452579655767,0.009797776531795144,0.008622427269217026
2023-09-15,-0.025036905816411603,-0.005068790731315498,-0.02991984521835278,-0.002948073701680598,-0.013985586906111735,-0.008399560638140957,-0.015356058049478816,-0.012068233295532416,-0.009237875288942377,-0.013034955897108902,-0.012005575539588476
2023-09-18,-0.0035128096422124555,0.005895196506935596,-0.002920435928484899,0.0020831933337808195,0.006317745431617006,0.003779240242333559,0.008054841474150143,0.006412323123526464,-0.005827505827869728,-0.008539935784857011,0.0005864176646070973
2023-09-19,-0.0012459733787463234,-0.001230012300708072,-0.01678811258751245,-0.0012741416312709308,-0.0016618452634773462,-0.0029211295033020335,-0.002635158109768776,-0.004520538193146795,-0.009525205158462668,-0.0010015691250487846,-0.0020738002388445143
2023-09-20,-0.023976875094799288,-0.031150391190517657,-0.017002107098743058,-0.004230175249609003,0.004377311960617636,-0.0008463541667141916,-0.007926361544272842,-0.003790181285095673,-0.003550821127285886,-0.014737827089428057,-0.009193377154290472
2023-09-21,-0.0038656981637881227,-0.02467474203702391,-0.044053514672185545,-0.00782198246845578,-0.007672948253852785,-0.00866618883169179,-0.014089347079112469,-0.023617242740731514,-0.006533036377220691,-0.02628722610400569,-0.01652836038667649
2023-09-22,-0.007886583419624116,-0.0014566084019767,-0.0016237531895152424,-0.009582710343844614,-0.00717555363093636,-0.0036808202973561688,0.0015684907634696543,0.0037863470940910915,0.011806904798314699,-0.0014978924999399235,-0.0022485453997309612
2023-09-25,0.0016718715498982295,0.006602687140017993,0.016651177199504374,0.004940643656005994,-0.001495327102867705,-0.00606940229599473,0.011223246911613582,0.004431260528778402,-0.0033973412111949486,0.01036142897004666,0.004205194925889666
2023-09-26,-0.017005731561408832,-0.019411181450750825,-0.04029862116248961,-0.010378968931471833,-0.007737426681746928,-0.008894198858196867,0.0015486535319257921,-0.017318700550413735,-0.031569586483789824,-0.010047995580455327,-0.014691252342655559
2023-09-27,0.002082398923411999,0.015361879204641937,0.0,0.005864900297195996,-0.012011067789931551,-0.013260112509567157,0.03255734043408509,0.011835856337217177,-0.08233853688433312,-0.0050226717823316225,0.0003991734761050747
2023-09-28,0.002717478180332966,0.013559062356452545,0.0,0.01241596926842714,-0.0014639424606432971,-0.006787023211942467,-0.006073211314447602,0.012944153129603064,-0.04803202134623663,0.005643973918461276,0.005797441614841858
2023-09-29,0.006727458232568484,-0.010959111177720304,0.009049055405619955,-0.01741310386854722,-0.007202957674846799,-0.0032800328004557455,-0.015819871097348503,-0.011728931364039297,0.003679046951779341,-0.005995747202354518,-0.002426957901452975
2023-10-02,0.01916072842426919,0.025294207549418468,0.018407803650094534,-0.008619500758728305,-0.0038523274479977943,-0.004593445769832893,-0.016584453138648314,-0.004688644688577104,-0.08971897364327297,-0.015243472124296997,-0.00039767942360702246
2023-10-03,-0.026134244872715984,-0.012968621897216037,-0.03661362583037242,-0.0073728872503019405,0.001224621334362297,0.002066258006923505,0.001729654934735203,-0.010120712498340123,0.012080536913190665,0.009710477282394603,-0.013386066322068624
2023-10-04,0.017757426848307167,0.021218757078946382,0.01828094932649127,0.004484619157417935,0.0011587485516140195,0.003299195821146572,-0.03738237071647499,-0.014648473807248208,-0.04092459264960813,0.01096561269051688,0.007281956403308643
2023-10-05,0.0012697715979570479,-0.0012570245488016107,-0.008188976377952795,0.0041855598189388665,0.010416666666411167,-0.014866068370247176,-0.022511210761948064,-0.015960457306761544,-0.023113393915065283,-0.01762145464774545,-0.00037677200583352555
2023-10-06,0.024736973948037644,0.01858295698491963,0.015878056525881146,0.015395381385134632,0.0031818760344775043,0.00201668984660186,-0.01669877970478495,0.020092024539948516,0.01597573306259803,0.004287858214805151,0.011872791519353498
2023-10-09,0.007822526431411791,0.00610553859582752,0.0023444826508283167,-0.0022742935904886963,0.005709210860430858,-0.0050662780203322155,0.03499113557879863,0.01977146293796528,-0.018312101910685885,0.011421048886534946,0.006402197699801215
2023-10-10,-0.004335698259659404,-0.002600780233592115,0.009511928894433197,0.0060786074464114215,-0.0011353601615216036,0.009905133928546528,-0.004237288135247597,0.00704017692562009,0.045823195458255306,0.012804727899594637,0.005204839344125078
2023-10-11,0.012271993666131964,0.01803563667954955,0.018149521161569426,0.0034328870580486726,-0.013766102551274417,-0.012294515816986817,-0.03585332729756463,-0.0013908714906615272,0.03799922450633475,0.010350456739669056,0.004096285727395399
2023-10-12,-0.0037903856568091143,-0.011241551049852916,0.003792763407418631,-0.0023263770102626147,0.0009604302724544045,0.002237762237596641,-0.00018781106185783436,-0.011802221163376148,-0.010085917070551287,-0.017532400563444295,-0.006096442977675198
2023-10-13,-0.010357531102507478,-0.011585234222618812,-0.01919443814705679,0.015019545985041072,0.0033262969358791583,0.009559028746932263,0.03193387808764192,-0.006194132265303076,0.028113207545918506,-0.0011546940064499633,-0.004980860582057267
2023-10-16,0.014981844811123857,0.012631042515689028,0.021265120579397667,-0.0010135135134513584,0.004335352247787583,0.009537632179043687,0.0007281332485600256,0.010636709711278503,-0.002018719030038696,0.005815175506348025,0.010521436848354826
2023-10-17,-0.0017436267435502195,0.0044933318954065715,-0.008147868728781704,-0.002164355766085202,-0.009141115978297476,0.0013007462173550977,0.013096862210237648,0.006868791314414091,-0.0038617138655310246,0.01316522708283241,-4.5867351647910226e-05
2023-10-18,-0.005872432693085683,-0.01259662181523058,-0.025405035369285844,-0.010980817460900738,-0.021526042667220135,0.025776015315166267,0.014004847831844192,-0.049257289565620255,-0.017168174265956182,-0.025850807837789924,-0.013325076831421478
2023-10-19,0.0036654448516946214,-0.001522180341604562,0.0021072348396160567,-0.004249194709048942,-0.0026844758724496876,-0.0055942144903193824,0.0006197432490082644,-0.024419412082074432,-0.01596543951963525,-0.009774860611259317,-0.008786406638619071
2023-10-20,-0.014034770010773356,-0.015607985481080333,-0.02515576323987545,-0.016105719595764567,0.004464285713998484,-0.001349072512852989,-0.01716510352148637,-0.009450749337985842,-0.008207673220280154,-0.007269876340915804,-0.012288066036602263
2023-10-23,0.008112162120989863,0.006637168141115257,0.01110489733961817,-0.013641133263290861,-0.010522875816612598,0.0006754474840611202,-0.01467410875013575,-0.007544141251831338,-0.008468052348070243,-0.01400007179489815,-0.00173318454864968
2023-10-24,0.0036742378233711737,0.01692307692317363,0.015802781289506962,0.0012056737590426803,-0.0010568729776033736,0.011812352345944355,-0.00968478757429636,0.00901665857991607,0.06987577639766052,0.00935668256440536,0.007539361651596632
2023-10-25,0.03067800199677717,-0.09509401339910639,-0.055771624144368426,-0.005454416660680916,0.002248231170920212,0.004669779853228251,0.0018451886704764497,-0.01847325185314619,0.024310595065447194,-0.009955273409551824,-0.014352146920661779
2023-10-26,-0.03751431003607053,-0.02651062813463856,-0.014992997775764128,0.0025641025639457915,-0.016955861977854703,-0.005312084993453592,-0.009116861589754,-0.010247407528320318,0.019659936238209275,0.011585543573591206,-0.011974613818810376
2023-10-27,0.005855622312232356,-0.0008995747469597859,0.06832817596387053,-0.03601875532828036,-0.022818791946312533,-0.01762349799714058,-0.01905204460900123,-0.015963370870237137,-0.023102310231229994,-0.005438305841974134,-0.004532783904826254
2023-10-30,0.02274036566508708,0.018744372595880687,0.03890715515891663,0.012749649937621843,0.0098214285717253,0.014270182114682006,0.0031264803401229724,0.015090543259557831,0.017069701279740945,0.01647655259840719,0.011955780656441428
2023-10-31,0.002371705552703718,-0.00305318977991742,0.002863386331097839,0.011934216271583642,0.008909746310532762,0.005158783331163708,-0.00028333962892601594,-0.06652626362739855,0.019230769231026734,0.00619878874242441,0.00628022810940565
2023-11-01,0.023542634054173783,0.01910058027025885,0.0293786159741527,-0.0008629368617332211,0.0023594445193249047,-0.002799440112402962,-0.0019839395374274815,0.025569564255809807,0.002229845626868565,0.003434357739598104,0.010664753706395746
2023-11-02,0.006501574825666934,0.008224594701904397,0.00781021897810219,0.017849431409159955,0.010424372855865283,0.012231802687412419,0.0328474062851809,0.03144545572181934,0.025329454046529865,0.02191171800566072,0.01916434013161883
2023-11-03,0.012861736334419449,0.012628441446526972,0.003838632577678025,0.011172394286085296,0.007321618743173941,-0.009046487058244956,-0.012189533498082716,0.006816661090892406,-0.008846603237562256,0.012361024791374131,0.009123409787331616
2023-11-06,0.0105725623584636,0.008907823392815706,0.008225108225108357,0.007552447552727992,0.0023787498349110425,0.005797294596023628,-0.017721284097024226,-0.010259605400043892,-0.005725833614921183,-0.006480218281102346,0.0023004900043910315
2023-11-07,0.011219252236879251,0.005527831093806279,0.02125375697724352,-0.00048584119979455664,-0.005273566248923278,-0.002318802172690204,-0.01567960706513316,-0.014101057578999598,-0.009823848237437871,-0.1264675592172797,0.0028460602721038786
2023-11-08,0.007405763736717752,0.006642742612617214,-0.004414546983392831,0.004930213180322163,-0.003644797879665762,-0.0038515173649026346,-0.01228289031846408,-0.00042567682625171965,-0.01642148477731198,0.02149650239736922,0.0007323827615282053
2023-11-09,-0.006910792951548395,-0.012135922330333226,-0.01041666666666674,-0.0029712548372322622,-0.019487861656125816,0.0022665155652568103,0.0002914602158849977,-0.002853249297593785,-0.04834782608642352,0.015619589889294128,-0.007798742138306225
2023-11-10,0.024896725719990576,0.01804361179408831,0.021052631578947434,0.014831242636674125,-0.0011531678197608253,0.007050216162646672,0.007672882673259274,0.023617339312492103,0.007675438596776107,0.005568392742341555,0.015604831274249387
2023-11-13,-0.008088294965759468,-0.0037710234561715295,-0.006756756756756799,-0.004438981083803806,0.0025806451616470216,0.006934812759689102,0.01050602409665502,0.008302736982696457,-0.01160681900649907,-0.0016198297298128939,-0.0009532239396686792
2023-11-14,0.009790553070810448,0.011583011583176761,0.022512097622554128,0.018246673069594932,0.00020321072916629213,-0.002230093138818501,0.0038153376572476194,0.02561343981481734,0.0559633027533224,0.012753273214447303,0.019400713328329378
2023-11-15,0.0004051097848292162,0.007483909594423244,-0.017832647462277196,0.008757747237879476,0.007720438846327893,-0.00460163029186722,-0.006040847636370805,0.013031550068616449,-0.009556907038428375,0.01941060318185528,0.00211708599844207
2023-11-16,0.017583249925602784,0.017159411677408087,-0.002583798882681343,0.011419794310144837,0.008736559139912004,0.009311847840438592,-0.011576307158515875,-0.011469990840265343,-0.007017543860093345,-7.30940721292983e-05,0.0012230919763664971
2023-11-17,-0.016800914480352813,-0.011830862484516036,0.01645312609395777,0.009045889732262946,-0.002065289807003934,-0.011516063600421456,0.02439976576269065,0.019580194190655043,0.01360424028384255,-0.013194444444618258,0.0012438087200812298
2023-11-20,0.020521833175610737,0.006947010568207235,0.006543601046976155,0.003075513676263908,0.008745577140854888,-0.005295558350528418,-0.0043826219515303855,-0.010352866795919291,-0.0005229213872316452,0.008000296307320243,0.007697597550992308
2023-11-21,-0.011577999152059704,0.005284403670235083,-0.015260384589064424,-0.0020875464806302535,0.008071509572526558,-0.004392094230339261,-0.0003827751195988327,-0.004152525453979705,0.011161492849983468,0.015395921367199694,-0.002179368643513535
2023-11-22,0.01281260889366509,0.011097320580659487,0.019527449617790182,0.002353402627822687,-0.0019851773425376695,0.009424503709643872,-0.004307869040314438,-0.01363217192597288,-0.0007330113847662245,-0.007490772237078169,0.003860833498717353
2023-11-24,-0.0011115522031419633,-0.012997328326752267,0.00020448503851144828,0.0013695949918037797,0.011139106219493877,0.0023837902268231126,0.0053840976826562414,0.005487581805828645,0.0013920306250341241,0.0008385897105620543,0.0006153575666330013
2023-11-27,0.0031264075456700624,-0.002048430756004027,0.006746626686656487,-0.002279536277281613,-0.008000000000113472,-0.0009248249439904876,-0.005833413025273182,0.0001212807244361791,0.0005212858383005781,-0.01030965391606442,-0.0018010103228619512
2023-11-28,0.010802672935252389,0.005791364270061772,-0.004738374060786477,0.0022847444351057344,0.0023135906927882477,0.0069426077753551585,-0.0005771450552375379,0.00044464206294803077,0.010072941994939244,-0.012036662126807207,0.0009901425806997377
2023-11-29,-0.010060099294439073,-0.016107871720417166,-0.004828946473508844,0.005080109417429091,0.003165600474885233,-0.007617046424334251,-0.015014436958947552,0.007878787878718096,0.0034387895460321616,-0.0071535022356009614,-0.0007034049194261094
2023-11-30,0.00015837402668217315,-0.01822357211658887,-0.0015718972115910113,0.011404872991406023,0.01676418381458311,0.01581419969589959,0.003908540160064478,0.005091200641379023,0.002570253597855121,0.015273191233814654,0.0039374408833696695
2023-12-01,-0.01161225620861972,-0.005055459141581675,0.006434389759737202,0.004869297796156191,0.02405276089450359,-0.0056018759772223925,0.0024333268451446344,0.024090619017490322,0.011280123055553037,0.007725004620258158,0.005915863277696998
2023-12-04,-0.014338735948284054,-0.019642044592374952,-0.014894919404203177,0.007332313185411499,0.0031569642632096606,-0.00393030263319627,-0.005437421109646068,-0.007828322168466628,-0.008450228155134631,-0.009132922535245003,-0.005249401001885201
2023-12-05,0.009156417619240242,0.013305484644349663,0.014084507042253502,-0.00012659029074069128,-0.0020770392749541733,-0.03485466263352033,-0.019427901981190487,0.0017271835129128998,-0.007499573888851696,-0.03009439200451569,-0.00019707022281345576
2023-12-06,-0.00998604101797107,-0.007405145430529503,-0.016067538126361525,-0.010508324365189115,-0.012172816145818777,-0.000749523030912691,-0.013241736360198098,0.0030565461029581353,0.03383135840597484,-0.002824211892026973,-0.004029785369945582
2023-12-07,0.0058297180044692976,0.05314566989663527,0.016329919734292764,0.0030708208046221763,-0.007789554335441484,-0.001022843504366544,-0.006961961457462307,0.005625659257106452,-0.0058139534878483,0.002793937538251745,0.00763039845172897
2023-12-08,0.008842162016315491,-0.014167822975175492,0.003676470588235281,0.01103386695534958,-0.0063063063063939495,-0.009215017065512532,0.011481406218539325,0.008119342683017283,-0.0025062656636745118,0.0048089767567780495,0.004299151081332608
2023-12-11,-0.007829409721172076,-0.012593525446338072,-0.010378510378510342,0.0036588443100895596,0.004144540862640378,0.0046159145718376315,0.0007031642393171555,0.00547206165693348,0.00016750418696664937,0.004899912636859849,0.0038896132118482196
2023-12-12,0.008295179100528127,-0.005776877485213605,0.01089862224964011,0.008925204273940501,6.449116471141103e-05,0.0008229323817769973,-0.015759887572847187,0.0019546221061670366,-0.003182046558959817,0.010508013305416286,0.004567198424172192
2023-12-13,-2.671082871019692e-05,0.00037730153965953583,0.009221589368050065,0.003364066783410946,0.004643064422583665,0.01808962587419538,0.008873023967219229,0.025016256742059095,0.050235215053778814,0.007406299094695479,0.013790131437177555
2023-12-14,-0.022544541496289705,-0.004752206382181545,-0.009540446116635404,0.018191978144550758,0.006932409012227803,-0.026383093283470882,0.026890416498560388,0.06418628950970384,0.004319308911475028,0.005532452101437713,0.0032093517534952376
2023-12-15,0.013117262864379198,0.005002273761157028,0.017297517297517384,0.007561436672935962,-0.010900745840655035,-0.004838932669702256,-0.006694231147543195,0.001998807728856855,-0.02038865880861207,0.00018463129126100597,-0.001639641109472234
2023-12-18,0.005178971219126582,0.024132730014787773,0.027338801093552023,0.006052169702895904,0.0018045888115745257,0.015351486524132874,0.007433102081181087,-0.00010499055083823539,-0.008130081301587322,0.0012552610206666426,0.005625039950551303
2023-12-19,0.0016369247281171617,0.006259204712819599,-0.0018173557473875057,0.01335499007381391,0.006562017498804584,0.0,0.01318248893251539,0.025375380630566102,0.009344262295054584,0.004867256637109296,0.006080894972200435
2023-12-20,-0.0070728178748439285,0.012367361873507843,-0.01085896352168536,-0.011279311368089462,-0.020388597724939617,-0.015461448997890037,-0.01670065054885639,-0.011093664664020175,-0.02809809972257371,-0.016035520328828934,-0.013857299300688686
2023-12-21,0.007878689763109126,0.015035419979834153,0.01130686300289252,0.005703992794818813,0.010243361388543981,0.00243207560317793,0.004542312629926881,0.0012426219324919163,-0.004010695188197966,0.01338802908831549,0.009481911758425277
2023-12-22,0.002784173046909144,0.007619997151519398,-0.002730109204368225,-0.0005970149251255386,0.004004133298945112,0.007070567031332686,0.0017693895599790732,0.0009997586787047208,0.002516778523002916,0.004047987046524204,0.002009731330608666
2023-12-26,0.00021357253460219106,0.00021202911838891225,-6.518055012383339e-05,0.005913978494260341,0.004374115528170908,0.004542951541802731,0.002256893337419408,0.018149882903913728,0.007698744771413857,0.007440258026544022,0.004222527182538682
2023-12-27,-0.0015747611165592978,-0.008126059920238182,-0.0004562935923342337,0.005997980877567866,0.0013449468425958955,0.000822255721654841,-0.004699432151724414,0.008422690525401011,0.006145158611531754,0.0029832284353070726,0.0018080521391214965
2023-12-28,0.0032346886944027986,-0.0009973641092759777,0.0002608582235554824,0.005312868949534977,0.0014710585225659045,-0.0022593454740705843,-0.014459964587418606,-0.004159398899756361,0.007263123142135175,-0.005295803257241216,0.0003777465321004314
2023-12-29,0.002025154551282382,-0.003850816515734601,-0.009388446994393007,-0.001174398121098763,0.0010218418699845522,0.00555822411245499,-0.00209601756734068,-0.004075720829960883,-0.0045886594562120075,0.004813477737606986,-0.0028949631836557854
2024-01-02,-0.01374853738954418,-0.0108812370250847,-0.013228906147163322,0.011640211640123965,0.02060737527074452,0.015012965743231854,0.023804760952698567,-0.01001116109188982,0.013664800789991105,-0.001205259313212026,-0.0055963476467606466
2024-01-03,-0.0007280179038127166,0.0054280958242041155,-0.009737877676249007,-0.004358437935577886,0.006251172094856372,-0.006050826945826593,0.008401719421779363,-0.028731509002082434,0.00682150397965442,-0.009544008483856947,-0.008166719559901336
2024-01-04,-0.00717754991896058,-0.01821192052999976,-0.02626793291574059,0.006595459055426023,-0.002112194818939983,0.005478896103274344,-0.008719240457385258,0.006331340133662211,-0.003065010486135167,-0.0022520859485047895,-0.0032210584696813482
2024-01-05,-0.0005163885418216774,-0.004839064447883623,0.004634433146572636,0.005017210197738153,0.00311274357222846,-0.008274470231905084,0.0030297107116148414,0.009891646277594646,0.004530744336864956,-0.0003700277517586503,0.001369628488234964
2024-01-08,0.018871515975692477,0.022913136374268728,0.026576700633434314,-0.0014512103093671236,0.0024824675728021273,0.008614841948029639,-0.01666179479737162,0.011490672481215825,0.013530927835929463,0.009957431056780486,0.014275944605895319
2024-01-09,0.0029357602283246464,0.015197349466798515,0.015224681421864616,-0.007906057435086655,0.0006190800470589064,0.004102495124709504,-0.01238604835535484,0.00013686911900778753,-0.014462809917419439,-0.017409470752344447,-0.0015170670038866518
2024-01-10,0.018574203677762302,0.009435970202055,0.015590936116799847,0.0021094574007085587,0.0014848728577823156,0.004286671131880526,-0.009832447075430628,0.0036265352903488424,0.0043541364287627005,-0.00421500242458317,0.005655440195988071
2024-01-11,0.004859314993222785,-0.001405678942513422,0.009432121251545134,-0.00421003391421948,-0.0044480138383276024,0.0038015206081041253,-0.00020265477702285928,-0.004397477416255846,-0.02504816955548117,-0.008877734491788303,-0.00044065804945303544
2024-01-12,0.009983620622497691,0.004011824324058777,-0.003608712462946251,-0.007339988255861574,0.007694694384222434,0.0005979669125883991,0.012972534711043426,-0.005649524070100775,0.005270092226183465,-0.0017385388713961891,0.0006927679227166639
2024-01-16,0.0046335624371185435,-0.0011216263581701469,-0.009442504203854618,-0.006270334220833895,-0.011515487407020908,-0.00537848605588076,-0.022611305652303626,-0.01095003615594392,-0.011304062909148427,-0.013932533222560273,-0.0036712259796566338
2024-01-17,-0.0020498629154452885,-0.007158397080360146,-0.009467223818229176,-0.005357461753435766,-0.000560677797167175,0.001001401962900328,-0.007267888217763918,-0.029941162134912602,-0.03446561723448516,-0.0011902476481230329,-0.005558713915718272
2024-01-18,0.011297404164656077,0.014207959284653349,0.011798826708852461,0.001974983541357389,0.004861933553643505,-0.005730959050225803,-0.0018560527948653371,0.01173599397063474,-0.010640123561292736,-0.00042284923510949035,0.00889284126282619
2024-01-19,0.01218676212980152,0.02021187621932108,0.0119869706840392,0.01726197586926026,0.0029154518950849084,-0.003847711624357708,0.0015495867770682903,0.01660163178424434,-0.006764960971945122,0.002345883167372831,0.0124661587860313
2024-01-22,-0.005418014899536416,-0.002664298401390819,-0.0036049954937557027,-0.001174329164068344,0.004886194953062084,0.0019651690722133353,-0.0013408973694323256,0.011883062254525179,-0.007160321340493825,0.001112645794773215,0.0021142963745925947
2024-01-23,0.006027590729059895,0.007192273443677566,0.008011370978162624,-0.006583975075452719,-0.016372253339306586,0.04139050453108739,0.011258004544822287,0.0005542661170621077,0.00932277924244529,0.008852949066887161,0.002916537387637197
2024-01-24,0.009175231887705415,0.011289445048641822,0.005448019484681321,0.008935439967245884,-0.005318816094187273,-0.012079490842672125,0.017260749668066344,0.0064051518193897206,-0.006448239804822897,-0.02309679380036933,0.0010930990388711148
2024-01-25,0.005738275039667062,0.021318090114327948,0.005609740549499476,0.014310850439869904,0.003774534474135338,0.023008151459636972,0.025401606425299095,0.03471171047221122,0.017014558849204553,0.025237206408393664,0.005438925400177208
2024-01-26,-0.0023217329019944444,0.002074142358547082,0.008684627575277437,-0.00381635249255019,-0.00037603409376307795,0.0033414728177743047,0.008518554782979137,-0.0044552315724262215,0.008623663333010567,-0.006637587710653814,-0.0012704137040604468
2024-01-29,0.014334166811208915,0.008706508525718304,0.013448969331322225,0.002612026933089151,-0.0008777429467210496,0.00012809017609094475,0.0012621359220044148,0.012757572721409982,0.018638850888665903,-0.0029400534556812685,0.007919410762986967
2024-01-30,-0.002757981060251491,-0.013354178880520484,-0.014014634751333244,0.02049441324608181,-0.003702309237000545,0.008516905737731895,0.01667797924976,0.004979389942484591,-0.004868222259191035,-0.007084593880594792,-0.0007735054043848111
2024-01-31,-0.02694632761440685,-0.07500330120168308,-0.023899371069182496,-0.010835649855533869,0.0008187944825965854,-0.0022223633250194608,-0.019456366237596834,-0.014601653760380362,-0.010964912281014705,-0.0137688984879204,-0.016317301228344294
2024-02-01,0.015594345791929198,0.007566024268588878,0.02628865979381456,-0.0036132140398166257,-0.0033983637508351316,0.012982054218870553,-0.00408520571962534,0.024574606240091557,0.01910284837052556,0.015056118258971907,0.013088137839563307
2024-02-02,0.018425875476815845,0.00864267497890392,0.07866649924660973,0.005756058251186635,-0.011050770396040854,-0.006847593918425932,-0.004101963081604376,0.02405018037627893,-0.026778242677496178,-0.005355216520484207,0.01052739165985117
2024-02-05,-0.013545061037935291,0.009130495855579346,-0.008730574471800256,-0.001316316602223866,-0.005172083519642268,0.0007590612944203823,-0.004118858488128985,0.020026024310566104,-0.03748925193362029,-0.1555176821471117,-0.0036411449378146443
2024-02-06,-0.0003944286947431541,0.0029231625839185593,-0.006811109153895822,0.0034383954149148632,0.014505776636221324,0.004740534731840329,0.006893156080958418,0.004107031736230393,0.004645345720664773,0.00013760205488400068,0.002903258552518606
2024-02-07,0.021110261658691565,0.009993060374300367,0.00815843925509907,0.0018846373502623415,-0.0005061369100415325,0.0010065425264911276,-0.00029339853326071363,0.0026958353991353157,0.002667615151536129,-0.012244897959605039,0.008340418640345515
2024-02-08,0.0001449100350403576,0.0025422564245003443,-0.0040462088782032835,-0.003591175967521565,-0.010001265982495622,-0.0030165912520929705,0.01711993739046558,-0.004913625266580679,-0.0015963107481832273,0.021032593555707857,0.0004416783780241129
2024-02-09,0.01555142353478578,0.021177438146829264,0.02714319359397077,0.0012013729978788135,0.002301790281361793,-0.007690368128533853,-0.02115994998560644,-0.015031055900577739,0.005151891987562829,-0.0003183120368042136,0.005779418847271289
2024-02-12,-0.012578765901750222,-0.009865771812072932,-0.012095156205216284,0.0044568881775775004,0.006953304413798156,-0.0019692542248844758,0.013756509776286618,0.014093832765885717,0.017143867090720466,0.012509097525480906,-0.0004389465283135552
2024-02-13,-0.021528680826312208,-0.01620009489601515,-0.021469188812812012,-0.008703566755458136,-0.008742477034601293,-0.00534657246467074,-0.008529611320715835,-0.027329540154994003,-0.03996524761120712,-0.022372972730171692,-0.013773004910337727
2024-02-14,0.009647568418832408,0.0055119195264299314,0.013875711574952598,0.01015723631323695,-0.004665431073113457,-0.004095475779380742,-0.004933885928189219,0.012370540851579515,0.013755656109213588,-0.002757226230458487,0.009087597150103432
2024-02-15,-0.0071552418862717015,-0.021721255310394705,-0.006901391975669524,0.021814463444030707,0.013997688454617796,0.008867184990221322,0.028659262197325397,0.02008146253686882,0.02249598285972021,0.045804340813855315,0.006899733237049954
2024-02-16,-0.006149153876437885,-0.01575961336478293,-0.0017078916372204045,-0.004670039473015475,-0.001139817629195683,0.003184510540863217,0.0,-0.0035905531309372574,-0.004190675745654571,-0.00044062568809322133,-0.004979980478398094
2024-02-20,-0.0031430975596631328,0.004269854825109665,-0.014335437437319243,0.003909959224272841,0.0083679335675797,0.006348803250174173,-0.009447604357386674,-0.02537976453050861,-0.00736454497680139,0.005466167070402372,-0.005505395287356274
2024-02-21,-0.001514436803319974,0.010133219955011263,0.009037586784773621,0.006509764647207872,0.005194476118413727,0.01192353794706924,0.020437956203903873,0.010836998788736008,0.008655714537669779,4.384234294341205e-05,0.0009058700379014351
2024-02-22,0.02354667064506688,0.01080322693797231,0.03552998398481533,0.011995577667335278,0.011154524829448231,0.0009975062344829144,-0.0008583690984419468,0.01560824872284261,-0.0075306479858016084,0.01490574309522752,0.020695480782667808
2024-02-23,-0.003182315073658515,-0.0009022138943168834,0.0023484935273228036,0.00502540011985686,0.008663134933567296,0.002927254608779295,-0.00878197785390078,0.005557452886008063,0.0019410622907161112,0.005572354211825115,0.0006896551723662991
2024-02-26,-0.006823609689389332,-0.04438732981408322,-0.0014857991885252053,-0.0034240991357270545,-0.006487889273471881,-0.0050301186114124485,0.003948382126261141,0.004631344942410021,-0.01963719619458959,-0.014734309893149944,-0.0036624987692784883
2024-02-27,-0.00014722481245876828,0.009522424947343344,-0.006810507640359398,0.0004908376964856132,0.0011816655263192644,-0.005742104606062282,-0.0021103117508572966,0.006914991702246631,0.007434270170530333,0.010333100802380812,0.0018577442242642128
2024-02-28,0.0005889859626824201,-0.018001152073492843,-0.0021896968998501576,0.00506950122670502,0.0035408125235301124,0.0047080979286353575,0.002787657406101207,0.005890791441408139,-0.009359251258448387,0.0029344495745855514,-0.0013216814945231636
2024-02-29,0.014519768468521654,0.01525150315302648,0.02079002079002068,0.009111617311623466,-0.0010523057879029407,-0.006935332708712605,0.0019171779150066737,0.013351134846395496,0.0027252906976609204,0.007013467578835586,0.0035949907162293737
2024-03-01,0.004496663765620967,-0.009533439260382193,0.008259787282190567,-0.004138449962199031,0.004585450489319465,-0.0005662514156254961,0.012629161882360185,0.008204575398305103,0.0003623844898121842,0.008374636814482361,0.009388285309373634
2024-03-04,-0.0013959085439843033,-0.027635992416489175,-0.0035910672202894567,0.007501754007002814,-0.014063656550317494,0.0044696254331479945,-0.013983371125800503,0.005791505791703511,-0.004347038580335694,0.010211864406504345,-0.0010724383347506805
2024-03-05,-0.029571965680075696,-0.005099362579831901,-0.01948417614596243,0.0100171416331154,0.0008133133129317738,-0.0015041363754690895,0.012265235722202616,-0.01511885427457349,0.007822448608427512,0.004907512268840897,-0.009994144056344578
2024-03-06,-0.0013907860426430885,-0.00957262380385826,-0.0035033310360671477,0.005197560328802364,-0.003938238419507467,0.001569168968180712,0.01069670579307691,0.0062962851919523555,0.0023465703972305185,0.014692378328929223,0.005067234512558416
2024-03-07,0.01753338804758675,0.022678843227148526,0.019076710276064723,-0.008758507888144917,-0.002949667378000065,0.006580184245569942,0.005619556054653252,0.013675773917741108,0.012965964342763758,0.008515014397267207,0.009926434526714711
2024-03-08,-0.007136921347168923,0.007664831075811396,-0.008313539192399078,0.0018629903657507718,0.0040913954806878206,-0.0016809861785485047,0.009406724411429535,-0.003027452824705401,0.027733333332845334,-0.014520536770182502,-0.0060022144092377605
2024-03-11,-0.004184924425346126,0.016690052433928848,-0.01933276304533782,0.0003719052175372717,0.010719658976970248,0.007483629559849492,0.005905148551752504,-0.012441404522698374,0.0010378827207362384,0.026199246719711855,-0.0008598452278227864
2024-03-12,0.026599426480887756,0.006028909711088382,0.019946499185857114,0.008231982579660624,0.009365502697708639,0.0023522129370852074,-0.006420840213317569,0.006776726273959088,-0.012441679627803626,-0.012382027909804583,0.01075731497413246
2024-03-13,-0.00043344249663934686,0.009314079422614752,0.0066423399281603235,0.008112094395485325,-0.010077424112070243,0.002284937936426479,0.011170605613367357,0.01269125845124619,0.041819772529279486,0.009882794952165597,-0.0015673981192193542
2024-03-14,0.024379667549873973,0.023678374705051297,0.012432386508453463,-0.0178179538091896,-0.011731843575500167,-0.0049291435616448664,0.017712042362289848,0.0011712344810819175,0.0,-0.008694245622514307,-0.0019768591197057983
2024-03-15,-0.020695169559181936,-0.013417190775797505,-0.02422377622377625,0.012395595041697849,-0.006469442874008302,-0.0007430340552827541,-0.0017942047186252363,0.014769536733536093,0.009069533087319837,-0.0020804438279862225,-0.006845447130634175
2024-03-18,0.0021612794775034416,0.046040515653725134,0.0003439972480219211,0.012401471361364269,-0.00897711467949358,-0.0010534143020100029,0.009256762829049858,0.014208721215239084,0.0014980026616777664,0.004006049952897328,0.0059431575229185185
2024-03-19,0.009800632607970261,-0.004401408450426136,0.00813846859238887,0.005865254852959856,-0.0035085480989384132,0.0038459152661503015,0.007034728406304369,0.005683432793405219,0.018281535649526726,-0.015430967794433093,0.005557072105637717
2024-03-20,0.009064806245705714,0.011630279534705856,0.012791358726549129,0.013106971464042827,-0.0028807374685498877,0.0009886918371810882,-0.0008842514810553093,0.0072054252613267256,0.015178717154223698,-0.011868331817157296,0.009249384343744227
2024-03-21,0.009735907626459372,-0.00766438079888121,0.0,0.013905159679914902,-6.420133588724841e-05,-0.0008025186738412904,0.004425170368729026,0.022752139149876616,-0.013504823151408774,-0.01448001673959698,0.0033046418691997648
2024-03-22,-0.0014672659942810418,0.021476964769648,0.004041538029750269,-0.012257610770613159,-0.003338683787934116,-0.0012356357351648306,0.0,-0.01769256089536375,0.006844850064459118,0.00518068707810837,-0.0018958253543618353
2024-03-25,-0.013714605588406759,-0.0046428334548954675,0.004696148040476356,-0.009154714678184295,-6.442053707778062e-05,-0.009093158480274255,0.010221164860726661,-0.006031666247545808,0.013434768534733132,0.00359089180833827,-0.0027628019417154093
2024-03-26,-0.002861467152465935,0.003998134204199477,-0.00784597406933396,0.004670978339269549,0.0035433578146468747,0.0022473312940756163,-0.007501090275323197,0.0012361286694895224,-0.018846829579963198,0.0011365549758062254,-0.0018469707754570353
2024-03-27,-0.0005217597531478324,0.0013274042605742054,0.008581043185642123,0.01936340877734488,0.014059189831080676,0.01283089380218505,0.01036997978808274,0.023176856814397073,0.03841771121606774,0.022158684774657322,0.008403847265798348
2024-03-28,-0.0016847400517023825,0.00039769337855521947,0.0030584440860812467,0.003909382517832016,0.0014560648263257647,-0.0022138859848600534,0.011046359919529625,0.004881393116532129,0.0018811725969030135,0.003866721513654303,-0.00019114245831897136
2024-04-01,0.009150979273592874,0.030212681375488604,0.0032708726022840917,-0.006789815277002398,-0.0025918199631633776,-0.010292758089459508,0.00645216792887604,-0.007341101983957765,-0.008292911906886968,0.004746770132429745,-0.0017397289082744516
2024-04-02,-0.007372164778647883,-0.00598109203162378,-0.0015472177709012769,-0.00040213129605026765,-0.00031689694486025655,-6.227425545279885e-05,0.01957432259095082,0.0029966459557964065,-0.007888923951301696,-0.014707090624993313,-0.006358204381823551
2024-04-03,-0.002349088838205393,0.002329192546808523,0.009519065803309523,-0.0028160514931987457,-0.02199961960294361,-0.02752693529315975,0.0001676727032347003,0.0300413891403446,-0.005248091603715532,-0.0010006671113548249,0.0010986045795233768
2024-04-04,-0.006112498513498821,-0.02833720630016412,-0.013211994956416895,-0.0075642965207918245,-0.011409308959374309,-0.004482869036234516,0.00352053646280015,-0.01596636419276054,0.01886490807359098,-0.010392320534228006,-0.012206156985934191
2024-04-05,0.018282760601142867,0.01308709227364302,0.028166666666666673,0.009200102223477336,-0.0007213114753963357,0.00418140881302409,0.013782158369406217,0.025717299007413708,0.0070610387572327404,0.006621399350125845,0.010446917574757242
2024-04-08,-0.0021855611957269927,0.015409836065978677,0.0006484033068567818,0.005216510508977201,-0.005249688299785671,-0.0003843689940042916,-0.0067562000492896734,-0.015370419193194373,0.01059520099838629,-0.004399195575546688,0.0005593812086501782
2024-04-09,0.003980310417192268,0.011301259282762377,0.002591932609752101,-0.00670092704528924,0.004617718846738006,0.003973340168861084,0.005226047283434232,-0.004203818245102409,0.008017267962168395,0.008542692421025233,0.0011566933989881623
2024-04-10,-0.007084545369386852,-0.002937420178832917,0.0015080519200731946,-0.008521430382852135,-0.013723816402658073,0.003702285204136624,0.008417230565828548,0.0004571121269683065,-0.020954420313450295,-0.015647166819612757,-0.010013094046031012
2024-04-11,0.011033407362108782,0.020942743692022203,0.01667114815810722,-0.0002046349827816707,-0.009387483355737025,-0.008903586873668767,-0.0033551554827424557,-0.00024188996711649313,-0.001093579127026234,0.00144122758679055,0.007546876215648757
2024-04-12,-0.014091089664420964,-0.010538862053993903,-0.015445649299127284,-0.06467788978116529,-0.008535519859586449,-0.003272587269432581,-0.01165941374534707,-0.017070810258459135,-0.01345010947779457,-0.019978835978981313,-0.013803088803073127
2024-04-15,-0.019578099075473254,-0.01819565079558716,-0.013485198517165342,0.0005470758791445984,0.00047451192991565527,0.0007725487673662101,-0.005732325329626753,-0.004704209173217233,-0.005231452124943581,-0.0015980650454446854,-0.012528139375420855
2024-04-16,0.0022725074945224577,-0.00297042489994237,-0.0016338089532731415,-0.011427634096887518,-0.021275154143099884,0.0032164683179223275,-0.008272058823635131,-0.011074166689621356,-0.016733067729016726,-0.01470842706349662,-0.0018237684607239624
2024-04-17,-0.0066090983647979495,0.006930051813576643,-0.01112808204233029,-0.003982300884658674,0.0022152994117219382,0.0064764347546169,-0.0005055185779525573,-0.004334778259395433,0.033873581848441026,0.00548823322794223,-0.005918217385263103
2024-04-18,-0.01838092463094876,0.003473338907837631,-0.011363636363636354,0.0064971123940775755,0.0067002832081233255,0.008514908257208686,-0.0009272528029458105,-0.0010884125920181953,0.0034488164276553768,0.017510152395366907,-0.0020577364898506367
2024-04-19,-0.012739011056789096,-0.012306903403734415,-0.0256109809173084,0.025103448275751283,0.01488952929832954,0.005404030770747692,0.011474856564536173,-0.005503869471910061,0.004530542103675428,-0.005922238434838301,-0.008728379244216877
2024-04-22,0.004610142312974075,0.014212473229717304,0.01488862165721816,0.019429494079879372,0.008180650395356093,0.015176425951685557,0.005672339005791116,0.008317825523207034,0.015707620528924382,0.011742358832665278,0.009209144518967483
2024-04-23,0.016485434956155398,0.01266956744330594,0.013033910737459742,0.01441317776234996,0.0029506437774877714,0.00597981811386461,0.0038984737890526144,0.01577137104655546,0.013627315877289048,-0.0027735108376932827,0.011866645321416014
2024-04-24,0.0036558137251860856,0.00549728295194285,-0.016430878912777058,0.004892266056227612,-0.006886868147081393,0.00681114551113593,0.00016524828499964173,0.0007432897453369947,0.005438066464911628,0.004150442856274861,-0.0004746366063281826
2024-04-25,-0.02449518408050999,-0.019669452648473307,-0.01653547766011676,0.001501968095900974,-0.011512825691824324,-0.0003075030750443464,0.002313093763272933,-0.07020246478855674,0.005108173078304468,0.0017044486110857626,-0.0037988959459074323
2024-04-26,0.01824378508419322,0.10224358974337777,0.03426037887948419,0.0006205719607150773,-0.004631521590578225,-0.007751461088973621,-0.02777548833766119,0.01591715976332142,-0.013602391629981447,0.00425387102270669,0.009473872370882708
2024-04-29,-0.0100167355778773,-0.03373073567896623,0.007460193742345078,-0.0010853274070878882,0.004653072395842006,0.0022940045882413607,0.014242115971923042,0.018696487855811128,0.021669949991899307,0.008641138597078157,0.0035414945106340134
2024-04-30,-0.03211932877563317,-0.020282876918697568,-0.032935455349248466,-0.007967715232051864,-0.015188666394070571,0.009526166027486571,-0.011451019726253286,-0.043539165237163724,-0.006674577276748361,-0.007475222576976415,-0.01584127357558962
2024-05-01,0.014409369943282346,0.0066347217103046585,0.02285714285714291,0.0006258475020521903,0.04557714918051836,0.001225490195481349,-0.01893971421347762,-0.010461188988798886,0.024488576975531418,0.004865871202435423,-0.0032471413204123722
2024-05-02,0.007342887527283626,0.016843647015935215,0.03195530726256979,-0.0010424267695325895,-0.008334435772219817,0.0026927784581511904,0.0018098767560636997,0.013199625456805641,0.003498032357097225,0.026106362373266245,0.009353452583307886
2024-05-03,0.02216971646870247,0.00372104189171818,0.008066262451277728,-0.0060002087031245654,-0.004335645677093103,0.003784179687147393,-0.002064693736755774,0.003905318387856349,0.018736383442490068,0.008945791784535029,0.012395303249241651
2024-05-06,0.016918310136424086,0.0051423104519709995,0.0133719993555661,0.007821111753067767,-0.004622496147960842,-0.00012161011745082106,0.006465517240896279,0.015887156644371014,0.015825491873012076,0.007036238662589289,0.010326820395432978
2024-05-07,-0.010156212216637539,0.018738845925201586,0.00031796502384739966,-0.0013020833337591409,0.0009422533309300096,0.008027243979400911,-0.004967880084913223,0.008477053493053388,0.009824561402961507,0.004240710824221727,0.001103432255144421
2024-05-08,0.002931548346273072,-0.010919708029086705,-0.004026276753549385,0.020338983050838255,0.001546530393179646,-0.004162644787442882,-0.00017216148783527618,-0.0014492753624395505,0.01250868658785853,-0.009571687110387916,9.668561706832612e-05
2024-05-09,0.004335752910768154,0.0034242531582788782,0.007978723404255428,0.009455660618975736,0.006042296072718445,0.005876294904933577,0.019715884632149017,0.021132075471989475,0.02374742621924497,0.017622934177792926,0.0057619056826341275
2024-05-10,0.005869227784196074,-0.007707695928488523,-0.01065963060686026,0.006430379746729775,0.00040040039993738397,0.004878342568014116,-0.004052684903994241,0.008556484166178713,-0.010592652186769302,-0.0002394158255847323,0.0012880404482353836
2024-05-13,-0.00245937213665659,0.002905425437693232,-0.00485385107744829,-0.00020123761120671713,0.008738576479250026,-0.005873539107112857,-0.00042387249912068103,0.005327094901083518,0.010706057732622565,-0.0011574536018386095,0.00013439827977035357
2024-05-14,0.006864546069698996,0.007094714437431593,0.0026799592646191694,0.0139888290642598,0.0010580611034598508,-0.0006631699521456591,0.006021541853690859,0.004205450263603083,0.01126307320876796,-0.006792935347233575,0.004588124627933565
2024-05-15,0.017452467831688523,0.01273922742745981,-0.005773239963649868,0.0029775197261061592,0.008521601268036916,0.004524613899812069,0.007733491969321937,0.005192919760859782,0.021612304428548335,0.012230447376956555,0.012382954328364226
2024-05-16,-0.0049399640728192695,0.009680598226425419,-0.0126888542394753,0.001781208253057942,0.010545621274506534,0.008107621163609968,-0.005987518974619022,-0.025886012664992908,-0.008306294613670162,0.021621621621603415,-0.0020574578126136833
2024-05-17,-0.0018527756005287666,0.010793432081570353,0.005826934596743438,0.011458487677020512,0.0023334197563691372,-0.001310615989699171,0.015016543649566616,0.01582458941584708,-0.004187933516445197,0.022019919078748673,0.0014375153680157293
2024-05-20,0.012208181623605707,0.004884698398203158,-0.006280454791553813,-0.04497289906737412,-0.013773926538732328,-0.0019685039369680135,-0.008107656302271837,0.018188452578251857,-0.0028913129192766895,0.01336124857251697,0.0011521390123518938
2024-05-21,0.008698923214210952,0.005256613158474144,-0.002124877410918491,0.020145209121469998,-0.00019832088350202337,0.00621600621589935,-0.006909918260404879,-0.010144727774077267,0.014234875445353845,-0.0058224709816798725,0.002452552541165831
2024-05-22,0.003449561812640667,-0.00826539218441913,-0.0001092001092001249,-0.006064554931888511,0.014943136736225826,-0.0032076032073665717,-0.020110309716020236,-0.008716963266276356,-0.008187134503448212,-3.7784327025836006e-05,-0.0028794037940362838
2024-05-23,-0.008176159063574273,-0.016044903049889925,-0.011358051657292534,-0.007009227975989574,-0.02475570032578045,-0.013825159406572474,-0.017059231035628786,-0.014721582289115798,-0.013102725366359036,-0.006234649537296355,-0.007304229658622541
2024-05-24,0.007400468384029413,0.008297320656506235,-0.00165700082850051,0.01924639447464993,-0.018236472945551863,-0.0009668257898639565,-0.0007928816840848674,-0.005132591958721178,0.01712692511970393,0.0061216730037156886,0.00661647273558108
2024-05-28,0.00037195462147687763,0.00805760329205829,0.007745504840940498,-0.0060285984754634425,-0.01762264407757841,-0.013427690074470977,0.012696173514474607,-0.00696474634578792,0.012008876125685797,7.558293370335534e-05,0.0006988516167971692
2024-05-29,-0.0026724298196432184,-0.0028344671204856287,-0.000713697502058741,-0.006967418546481863,0.0004155700242050031,-0.008951014652820666,-0.010708688838555247,-0.024129073224149256,-0.010963498000265304,-0.01647583418377574,-0.0070025103339592665
2024-05-30,-0.033786145350317986,-0.021546333143821483,-0.01483353477639826,0.00615819494223091,0.005815563555407577,0.00575317043006307,0.003168177417487872,0.0033716837715416226,0.01969222743786503,0.0008836976985313605,-0.006633719825066664
2024-05-31,0.0011093158415507176,0.00226599267907468,-0.01606067365603392,0.01655546079413628,0.009567731277506875,0.012055603395519254,0.028686726906464788,-0.002151805453166067,0.023404527433633193,0.023800383877264686,0.009108130345869103
2024-06-03,-0.0038783031821467695,0.0038840579712104972,0.010768533212423437,-0.003997433746261048,0.00729528874383556,0.0006685304482942911,-0.023963841037467626,-0.021150892118798392,-0.022431892026581468,0.01578552680907941,0.000815366820199781
2024-06-04,0.006166569936268962,0.00358029681814398,0.005607267018055362,-0.013180061440897117,0.0004061188573731833,0.014333434557879388,-0.015552643075317119,-0.011437711250450011,-0.0072062797580683124,-0.002251670296257391,0.0011178476694999606
2024-06-05,0.019083327324778576,0.009321595028508822,0.010817441730790689,-0.00954006828718712,-0.012381596752480961,-0.005748158792885927,0.003993964675752748,0.00573923130908649,-0.0012961762801211307,0.00011098779123908109,0.011885160582127297
2024-06-06,0.0012028018206853286,0.0075252266118945865,0.020520741394527864,-0.0017743080194967398,0.003082825237828324,0.01457392351714426,0.007514144271115075,-0.0035210198815269766,-0.004542504867485531,-0.0022565013130584344,-1.870312521945472e-05
2024-06-07,-0.0015782530859914656,-0.012844451989273975,-0.003783783783783745,0.015438525214119814,0.0045075809314190085,-0.008369442630851376,-0.010704571378443939,0.0019799567455369704,-0.017079530638575036,0.03637105146052444,-0.0012157258819373018
2024-06-10,0.009484487436554945,0.0042989797089902915,0.0149755832881171,-0.0017004251059317133,0.00033995104734474424,0.0017359032686175002,0.0029268292679598407,0.0020368456255490663,0.02095768669568554,0.009945265266870118,0.0030898297785537654
2024-06-11,0.011241732301878304,0.009199474315840561,0.0009087993157275154,-0.026301287510846705,-0.0025147828449764154,0.0007768150581681788,-0.008047400070063992,-0.006977943630555816,-0.054956476548913,-0.005313308065884703,0.002408244035412954
2024-06-12,0.019367662013562548,0.006624391348486247,-0.0018159482988837627,-0.014560609178949413,-0.009198691741644005,-0.013732983042719749,-0.011054649193117938,0.004338394794010769,-0.006598845203132586,0.007976923898806554,0.008213055219255638
2024-06-13,0.0011789779169375514,-0.014792732999719616,-0.016373267697575966,0.011120973216019792,0.00027508424449651514,0.0074464220851959695,-0.008023077616861274,-0.007209564080017827,0.01273180182790079,0.007984455043295924,0.0020134476133564227
2024-06-14,0.0022419493636807175,0.009305777574889484,-0.0009247674481859258,0.0006196426724085491,0.0006187693367871727,0.002283516615559922,-0.0084514721921225,-0.01498345385463784,-0.001639792292870701,-0.03564543829526523,0.0006083510001846371
2024-06-17,0.01310527148228724,0.0025453928389398417,0.00217793749319406,0.006192589534603776,0.002817094956530708,0.004256849930982298,-0.006873797085445221,0.0028929604629479577,-0.0102655351777311,-0.007378062077133096,0.007959025756331561
2024-06-18,-0.004527510761204945,-0.012130444594733336,-0.0067912637183527025,0.01036003692694365,-0.0020554984587055625,0.0063283582089783685,0.009413067552433763,0.008498759305164416,-0.02586087678024296,0.005821830031838893,0.0025406689817728534
2024-06-20,-0.0014338844826813357,0.006910731623586797,0.01799682730704011,0.00847715736032817,0.014624098867598079,-0.005280018984820667,0.021576156518908318,0.012271636833321997,0.028676888131685896,-0.009574080815733188,-0.0027165490709941675
2024-06-21,0.009154139555783036,0.018888258649981893,0.01601289629231606,-0.011929330044502806,0.006563811070314118,0.0035188167237343304,-0.008770359763729418,-0.003919423935669353,0.0048302511736131315,0.003087440732391755,-0.0013363363802154637
2024-06-24,-0.0046911823556801124,-0.0022824695206371537,-0.018563570975248633,0.013143148242170444,0.0024873949578578802,0.0011292048017628176,0.029703864210464115,0.006588579794866378,0.014283752231408986,-0.007365065406274907,-0.0032506290058647025
2024-06-25,0.00732682556332942,0.026838522486576144,0.004149377593360981,-0.004072807723276228,-0.012942596566509201,-0.009498367467880353,0.002805786936207033,-0.007878787878695448,-0.011780636424796986,-0.014064230343440176,0.0038508309686389186
2024-06-26,0.0026832243042851367,-0.0008150844969030402,0.03901470430396059,-0.0032311808955788335,-0.002513757727980015,0.003596044351371619,0.0003497420650730998,-0.0020464263896308177,0.00534392984381582,-0.012692350892985815,0.0012480957362688283
2024-06-27,0.0015260084925090567,0.008320643897681279,0.0218996952636743,0.008813250266189288,-0.006947282386695841,-0.004956703493670167,0.004282842408876331,0.0022342607045160445,0.004770342100764324,-0.002389078498067798,0.0015765063885524455
2024-06-28,-0.013028596665484726,-0.017582654656892238,-0.02324993682082388,0.015514384696448502,0.0024691358027193466,-0.010202856799714,0.0019147084422170835,0.017223477676535426,-0.03947368420984043,-0.019082373512621098,-0.0039350623203997515
2024-07-01,0.021881642241823096,0.004611583859378987,0.02043984476067262,0.015771778898153732,0.0019157088118884058,-0.013339801115631045,-0.0013898540656455127,-0.012068447913530567,-0.012851292190928731,-0.03464444875026074,0.0020579912535001466
2024-07-02,0.005583167298066405,0.01229575386622428,0.014198782961460488,0.016451691409364866,-0.002799781480290142,0.007251720746829227,-0.006784968684583337,-0.0040111826910097514,0.00815450643839677,0.014797444812730376,0.006729746580206752
2024-07-03,0.003244208325960729,0.003131073202655932,-0.012050000000000005,-0.0006704017623579972,-0.0023282887080761094,-0.0004270896889829734,0.005079698720966919,0.008695386868409205,0.019298992478844035,0.007968127490064925,0.004462578095070668
2024-07-05,0.014736202443806912,0.025723818749266103,0.012196973531049204,-0.013177440222131076,0.005422472372890619,0.008423365684183448,-0.012112234227316665,-0.006835848885451412,0.0036196575242326556,-0.001304347826342589,0.005766510717030826
2024-07-08,-0.00282316708020125,-0.008237145855250372,-0.003550000000000053,0.0018555593532003645,-0.006826870562662846,0.00792930210044851,-0.010496604039992308,0.0021623267854842254,0.0002774309902577876,0.008825741085137784,0.0011539016298387494
2024-07-09,-0.014370281400006069,-0.0002645082794030529,0.0002508906618496898,0.01199005702584155,0.010791861424718663,-0.005164544799394988,-0.011053663754609477,-0.009116878380974969,0.00013867702034509044,-0.0007846214200436519,0.0009724823512122782
2024-07-10,0.0146015580798049,0.011641443539136542,0.002257449583625837,0.0008187641481662844,0.016184971098015977,0.0068815646504061245,0.008833603749764496,0.007421946880966868,0.010815307820351228,0.0037691401648132228,0.009895289842051014
2024-07-11,-0.024772117962600704,-0.029344073648003732,-0.02372491115671449,-0.0016843118383386146,0.0018068660911516599,-0.007553956834609465,0.011883488205436388,0.008067462250535673,0.024691358024582888,0.00915278103746564,-0.008622532601679889
2024-07-12,-0.00252914009234384,-0.002694401034385452,-0.0028710587028967227,-0.012099301036499477,0.0012024048093861595,0.006463694575741696,0.00017660044142342457,0.013469030289957384,0.017402945114349144,0.012829457364274877,0.006307504312786705
2024-07-15,0.0009039797156715768,0.007888906899816694,-0.009100724973006402,0.024934127061352784,-0.004270082732735325,-0.012184142608890447,0.017127218151386403,0.03033463452449281,-0.06618421052710377,-0.005625502276884964,0.0027500491080385547
2024-07-16,-0.009780597409643543,-0.013992387283644048,0.0015566625155667424,0.016995953344379977,0.011860091128578887,0.014400291651593733,0.007204235743991205,0.04283194030717685,0.01310412850530085,0.029595135467980427,0.005930226345972844
2024-07-17,-0.013347570741926384,-0.01576772509785762,-0.026370324318723437,0.015213931279934423,0.036884974505237755,0.01491464510359708,0.013788348844717024,-0.00770980087645845,-0.013908205841551724,0.010989421746889327,-0.014021173388087504
2024-07-18,-0.007102272727331993,-0.018395757374832122,-0.022242324269674874,-0.03177018490352923,-0.00740835355720626,-0.005901794145677486,0.009860591635733051,-0.004946897708260178,0.01086036671462276,-0.014345398750287064,-0.0076848493554703134
2024-07-19,-0.0074028657720282,-0.00016883336120587789,-0.0033741496598639342,-0.0009524716635614938,-0.004696950199573169,0.0031257421036716693,-0.02297979797964589,-0.023593517400274933,0.004604437002261097,-0.01380396864066813,-0.0066406108639121
2024-07-22,0.013337603806780507,0.02257120342204466,-0.0031671490198218466,0.002383449327842513,-0.0029090438947063646,0.0017266015721608685,-0.006892392522426349,0.004746425797760967,0.012499999999944444,-0.054619451523366336,0.010309841709464918
2024-07-23,0.004312096446575264,0.0006605383388145203,0.021144891810462862,0.00023777820014525552,-0.012253630705433172,-0.009687964339036403,-0.016136028454372342,-0.0106361571852438,-0.010836762687802426,0.029973848320064667,-0.0015685567475870466
2024-07-24,-0.035854782511013594,-0.050387810110232745,-0.029934016415428255,-0.008272714306027718,0.025795864785272737,0.008282319049522924,0.014108103341339495,-0.023622047244073463,0.045763417001071005,0.016406249999930678,-0.022662429123397665
2024-07-25,-0.02448123105623945,-0.030991137114041445,-0.005419454736492968,0.0003835274944630207,0.021499872024484556,-0.006547619047676312,0.02104164855240298,0.02458040709437226,-0.026123856252352917,-0.005995388162915116,-0.005210354193337929
2024-07-26,0.01641969407282784,-0.0016738402679868924,0.014734500973033082,0.01710835290164292,0.0062640942120950616,0.013241461953611644,-0.0008515711483955135,0.01794946267786468,0.011165577341576194,0.009047324466587625,0.011199643394554704
2024-07-29,0.0034331130810631993,0.015149700598857008,0.003835616438356171,-0.006549189596585903,-0.012948207171451287,0.004848914907384261,-0.01048325236509462,-0.016976717644520578,0.0010772959874831844,0.018238945513148197,0.0005877598999626255
2024-07-30,-0.008928362196320427,0.004482982362871368,-0.00813318777292571,0.02058335309422432,0.01746972754823406,-0.0484317071735032,0.017829457363907064,-0.008156038661176757,-0.0008071025026842316,-0.005682245804359165,-0.005066451281267148
2024-07-31,-0.010805826160956156,0.007340419284619815,0.029002256342523625,-0.011106464054880472,-0.02157069360913977,-0.005813234384830834,0.0035542015742611177,0.013110148659517096,0.028406031234130102,-0.0014381410135275718,0.016254612546130254
2024-08-01,-0.0029640253375899928,-0.004547044421008839,-0.015563161835490447,-0.022744360902337446,0.018435223312720517,0.03066683254519731,-0.013829159288569648,-0.042403235124139904,0.026181437361094462,0.08952056092465255,-0.014160962945377054
2024-08-02,-0.020666011364004255,-0.0240103068635531,-0.08784701472265977,-0.04241200230806841,0.02102513063006528,0.02649526223671006,-0.0005985463870821217,-0.032124758687160915,0.010332950630452808,-0.019932514697072468,-0.0186184416493419
2024-08-05,-0.032656858184903714,-0.04446177847120114,-0.04097677188802851,-0.02129155368063196,-0.017606920921306002,-0.01187676387558989,-0.018052703627993272,-0.012684264655542954,-0.03181818181751417,-0.011606445659154807,-0.02912366297627056
2024-08-06,0.011286853093735338,-0.0060282574568197855,0.0056514718668487784,0.02791174961502607,-0.014139534883612637,0.00017850767588867278,-0.005314977781188945,0.030429292929382123,0.0037819509649235084,0.000323194599122667,0.009219529166322626
2024-08-07,-0.0029528790572153074,0.004106387011288515,0.005187426665843375,0.0002994908654005979,-0.00044033465458626075,0.01148194419614601,0.013314646110516692,-0.0019605440511230032,0.007665324152586139,-0.004020677771303327,-0.006683903093022137
2024-08-08,0.010691965966409755,0.01944129860303656,0.018615223935614766,0.018263473053895307,0.008307111390538191,0.004999411833890299,0.019104426002732433,0.0317986494782283,-0.0002578648785576121,0.00637975778558042,0.023117263718072545
2024-08-09,0.008269388363284502,0.010121582423434639,0.006875753920385863,0.008526903851742595,0.002496567220252155,-0.0019312927957100268,0.00814318432443839,0.006247025226119751,-0.001031725561393082,-0.00350990294049891,0.004409686233773691
2024-08-12,0.0019457169598064983,-0.008431600171330045,-0.0008386246555648347,0.0018950437317288849,-0.004607147303964498,-0.021871701653542797,0.0012620950781787599,-0.006592561934643748,0.0015491866768952978,-0.015454839521515384,0.0005253381864960271
2024-08-13,0.017698679973387588,0.0115225830306378,0.02056354916067127,0.008487317522841265,-0.009319489617065746,0.0028775253285309166,-0.009579831933075322,0.008243311609147153,0.006960556844790133,0.009564487277984313,0.016445702927193606
2024-08-14,0.006883891693648225,-0.02308723196904361,-0.0007636726781412584,0.011060882947292683,0.000568217690064543,0.009026241855481398,0.009248260647809481,-0.0035714285714826266,-0.0014080901184742034,-0.00021695895863937942,0.0031547487270466856
2024-08-15,0.011802523628804407,0.005799089605573293,0.04403292181069962,0.006230974124378008,0.003849066128478018,-0.005213270142225168,0.006137032366556161,0.023845493053895606,-0.007691321624944014,-0.00943976274001157,0.017140229885049596
2024-08-16,-0.0060803268173684755,0.010291382516860237,-0.00298440227490282,0.01143937603407763,0.001885725060919885,-0.0001786565031554055,-0.00471658384568252,-0.006249276704188733,0.01498514403773843,0.007886665693013883,0.0022420308460635585
2024-08-19,0.007312352139875022,0.022766323024241863,0.006551451485372173,0.006916857503357798,0.0015057406365508452,0.003156828876248685,0.003046458492055981,0.003406311866782419,0.009927453226471039,-0.006774380524619206,0.009561436741029938
2024-08-20,0.00775745498540048,0.0030599388012371165,0.0037032880709235716,-0.004316546762440199,0.0033201779111085017,0.011815698847819966,-0.0333248966501396,-0.003917017263807443,-0.004662885948594209,-0.0027355290514710084,-0.001626132485060161
2024-08-21,-0.0015536723163427357,-0.007955497068943163,0.006876118067978609,0.00037292560118329376,0.00792957042969289,-0.001467050055817043,-0.006371094432126023,-0.0009612583748310755,0.008356545961149653,0.007680491551427471,0.0034365491319559016
2024-08-22,-0.02025274673460109,-0.012360566777570137,-0.022097607017933618,0.009459459459549402,0.0056990646102597076,-5.8768217753524254e-05,0.007729468599270151,-0.0017785812169740511,-0.009040683073258782,-0.0039561556328705505,-0.007848453497887986
2024-08-23,0.0029839971121441433,0.011111111111029137,0.005166638278544244,0.007755158565352138,0.01096396673836364,-0.005759623861742558,0.013858624597035796,0.01767145694587402,0.009376583882939382,0.005210800568450802,0.010625292150603594
2024-08-26,-0.007917656373502946,0.0032604757882859214,-0.008698599186624412,0.003939352297419374,0.0029245110583877576,0.0069752320151386105,0.02140646492416942,0.007892999626916364,0.01230228470900041,0.01051257884424217,-0.0023837902265045896
2024-08-27,0.0008464533603449453,-0.00890707751595976,-0.013561253561253483,0.0046082949305708,-0.0025514853291100925,-0.006457293806926168,-0.0095109839240477,-0.00011390819004408748,-0.012772817459395625,-0.003049217964992579,0.0013730630003283562
2024-08-28,-0.00782911270050779,-0.011112460529130841,-0.013401109057301297,0.005041329821033225,0.005952746241328244,-0.0011225997045324343,-0.009857239972572596,-0.008316245158144109,-0.00251224720540999,-0.00403008168140484,-0.005805256784576329
2024-08-29,0.006137359960936006,-0.006570463617193156,0.007728337236533989,0.004157440462850159,0.0018911664223606461,0.0057376079500619515,0.01381737040810993,0.009879379666651422,0.007807580908480327,0.0011199826584260553,8.955758542938952e-05
2024-08-30,0.009730828814948023,0.009889974039218208,0.03706716244480601,0.011655641060205557,0.009925105035560877,0.008880785743713648,-0.0016083975278987639,0.012683426231445694,0.012432837685690146,0.006315409599396027,0.009545983701998217
2024-09-03,-0.018459030541379762,-0.03684661525287969,-0.012605042016806678,-0.020017793594103606,0.00783793560870727,0.017372041506114266,-0.020942852298158177,-0.04453805110904574,-0.007204074026947449,-0.013125336202193472,-0.020579051944318305
2024-09-04,-0.0013188745604076901,-0.0057829181497423,-0.016567375886524793,-0.004403086700202619,0.0011964584827512947,0.00790740316314209,-0.012210963886396642,-0.010257465318595171,0.01438758914045657,-0.0018896035465013616,-0.00204680481091446
2024-09-05,-0.001247248716056748,0.005049536593360715,0.026308198234581193,-0.007750877672929923,-0.01416108986596043,-0.0024445707786547866,-0.007802910749146741,-0.009472902747097334,-0.009250123335577287,-0.004077620417516248,-0.002432162628233314
2024-09-06,-0.016381400132174595,-0.0401933350295568,-0.03653943448198327,-0.02375591600390259,-0.003697193769464424,0.0006838775855353418,-0.0046832199340390845,-0.01259143782204819,-0.0043570272624748885,-0.017693291902643238,-0.016830115900349663
2024-09-09,0.01000746825997334,-0.013318314338431336,0.023396930976136376,0.02047444224778916,0.013566127266245953,0.0026766900165944296,0.021040482954032047,0.014209375758764242,0.015128782195352963,0.019016783893492484,0.011196239544043918
2024-09-10,0.020901114068772264,-0.00033622486729090184,0.023660205245153998,-0.051888750519078264,0.004621571333905061,0.009826195615163957,-0.036431614641420196,0.00035923841470353324,0.01367163443738062,0.005149368197943538,0.00435570359248505
2024-09-11,0.02134234669239876,0.016816897618977533,0.027680311890838194,0.008124148667390196,-0.015294539371226823,-0.021767253501352557,-0.00992600613661443,0.0025137658607417013,0.013730255164492222,0.009010645641811088,0.010258933289580607
2024-09-12,0.009360816944014472,0.02335273881965816,0.013440277476696183,-0.0030401003715262442,-0.001092100473244595,-0.0025873965037768176,0.013762304046278206,0.01367164179095437,0.00035958288377635483,0.008318029599339027,0.008423217055804955
2024-09-13,0.008407494145075578,0.017906781304389607,-0.0027272727272726893,-0.01103581800613751,0.005344995141060682,0.003516458176738624,-0.0007192304230334567,0.016873785264045704,0.014258327342729915,0.014677523033941764,0.005222772719867486
2024-09-16,0.001741796140262153,0.0038104915532626293,-0.008579548501260192,0.017325763508476477,0.00888110198142722,0.0181525735295196,0.01403508771889772,0.007674263705298889,-0.00011813349123646066,0.01668250448769415,0.0014768420491302336
2024-09-17,0.008832939212707558,0.00797165633336716,0.010763156471415458,0.00668719330308587,0.0004790706031008174,-0.007673211464423901,0.01304232100157754,0.01646741004702834,0.003898865784905281,0.007823588465354359,0.00040864188752220976
2024-09-18,-0.00997357233134033,0.0030755711772791905,-0.002407962328767055,-0.008219832735937627,-0.005506673849148935,-0.011143961792390744,0.0035032404973109887,0.0040430885804036976,-0.008120513121759543,-0.013155634939886696,-0.0029658834602994677
2024-09-19,0.018291126018277648,0.014579813528735386,0.018451965885318833,0.014214812316497571,-0.008004814926418247,-0.013684452621740784,0.012393087798764135,0.05122212209952237,-0.023611770289813983,0.0014618865296804895,0.017064481652932617
2024-09-20,-0.00779593790599975,0.00894288886164718,0.00911149734028549,0.0028981375902692452,-0.004004368401683056,0.01562317826726023,-0.006293103448561266,-0.012027537435337354,0.005711508080791461,0.0009036563328446157,-0.001724174226695907
2024-09-23,-0.004043467273156964,-0.010636346965173238,0.011899791231732681,0.0016580605424347805,-0.005726120858060679,-0.002582941108580372,0.018131343801488065,0.0063716718181159315,0.024891251813037973,0.01413292589760018,0.0024989001320216975
2024-09-24,-0.010011303084087708,0.0027185665736750853,0.0004126263668249308,0.0007094211128086947,-0.002695748070163928,-0.0030500086322915454,-0.0026414451261784766,0.03976614489319896,-0.006248526291691148,0.012121212121065872,0.002861305668076408
2024-09-25,0.006850432229663417,-0.004929447285325961,-0.007372654155496039,-0.0066165697813086455,-0.013392308637295125,-0.0056568921725365096,-0.019478855189820177,-0.019899981861916105,0.003915055167094117,0.00043979836933050187,-0.0022054962366211406
2024-09-26,-0.0018513804356090624,0.007678494024306204,-0.007115774165065258,-0.0019506161091451535,0.004919053549341301,0.005514919307791688,-0.017164764310878877,0.03360211500320798,-0.013708343181639493,0.012647098606898943,0.003964634060902972
2024-09-27,-0.007627924230771299,0.0074970810546286515,-0.01668759154634858,0.0034321670321528774,6.196170759187325e-05,0.001962935165644941,0.026773049644629454,0.00030693677114679296,0.01294033069706968,0.003005409737414144,-0.0014502883103973963
2024-09-30,0.005326853885384564,0.01158889905434246,-0.00872479651008129,0.0017102137764863912,0.00408921933064077,-0.00201670988172975,0.01208772232816524,0.00010228086329111541,-0.00011828720046280772,-0.008722865894103093,0.004007209477348894
2024-10-01,-0.02233325586801016,0.006873681037422363,-0.006440186765416245,-0.01811628568735757,-0.00043193878824832055,-0.000923787529374609,0.02311892168583496,0.0032470852933612626,0.00875428841849657,-0.015248203130291738,-0.008958449526070167
2024-10-02,-0.00846228814573935,-0.0067668722682393545,-0.001998595581483298,0.0012074961362520398,-0.005062040866654072,-0.006472491909276457,0.013257733678128991,0.004230484976791127,0.001876392635164148,-0.00490683869221864,0.00042207449625353277
2024-10-03,-0.0014144271570227795,0.0,-0.015154795410261879,-0.009937768344146614,-0.004157101197207025,-0.010469986039776114,0.008722843976105343,-0.007511737089317405,-0.00444808615350456,-0.015241379310179548,-0.0018282178392826642
2024-10-04,-0.0011523503144428293,0.007235017484952921,0.02500549571334343,0.03527749354400633,-0.001308411214735239,-0.0072889724901259445,0.01835535976514535,0.015341737196095329,-0.01410934744211323,-0.0002801316618085137,0.009087386847957513
2024-10-07,-0.015670816709161817,-0.024422363223047694,-0.030614980430003658,-0.001372976043665708,-0.004741406201629106,-0.010421601136992531,0.0043258832007995185,0.002921252109219008,-0.04245676803862397,0.09523642732040805,-0.009040455164116667
2024-10-08,0.012623919519538118,0.008590011044379287,0.010619469026548645,-0.0008533636754255447,0.0010029461544762697,0.006223073240724908,-0.026561378319566842,-0.02583804143133328,0.0026155187453043016,-0.007451469506529751,0.009457555477316415
2024-10-09,0.006631139832558475,-0.015330332157214577,0.01340849387040266,0.012669039145861039,0.006011647567386813,0.006600856327593885,0.00040970173711807334,0.021213527167833757,0.0009937888192201871,0.011631653563534128,0.006926391820799349
2024-10-10,-0.003880611315906557,0.001359199308198722,0.007992655397742743,-0.0027176459562821,-0.0008714596952816844,-0.0018904708458078456,0.008600212957287745,0.0011358186726622144,0.004467609829087449,0.0020384113133202764,-0.0017500086634242296
2024-10-11,0.0011542901115282334,0.00715695952629547,0.011626038039110664,0.04439954895704101,0.005918634353297758,0.012666469369636113,0.003816793893314907,0.0135639370716083,0.011366444279425014,0.006516003941275494,0.005988231822772638
2024-10-14,0.006773635664714561,0.010536633177936627,-0.006778942908590158,-0.00364388861373921,0.0008670878232468482,0.00829972529124956,0.003802281369004845,-0.02007362817787961,0.012826777424676417,0.011621297290426824,0.008178336036403389
2024-10-15,-0.0009543350669579675,0.003031037827030847,0.0007998293697344394,0.00410872313507693,0.01547029702986391,0.0061445713289725035,-0.030061250806025175,-0.015128823454765739,-0.0014473525506445428,0.009021664481678515,-0.007769715224500651
2024-10-16,-0.00625686583548668,-0.001813127039697937,-0.004262347487879015,0.0056207563290078255,0.0010968921389404862,-0.0068560235065919795,0.0025758205235408838,0.01451068326510474,0.019326005556296044,0.01073538966049603,0.004346476249547981
2024-10-17,0.0014418917618643778,-0.013502058609819678,0.0034244742896891722,0.0034877481667299204,0.0011565619673024052,-0.0005801137020682301,-0.0025692027184495148,0.002210253543991847,-0.007228344590695324,0.0063360881543064185,8.586639184970934e-05
2024-10-18,0.003455557688701205,0.0030074265025776814,0.007785420999306902,0.004233134301671937,0.003952088526644193,3.772927812595306e-05,-0.00282509347794635,-0.001596998656476556,0.007161613750008122,0.010128661374050107,0.0038464840732319594
2024-10-21,0.0014826860532488606,0.003977481336381095,0.0004233028202549338,-0.01051604028913844,-0.013868701550118212,-0.010158804296969803,0.0005832847266038499,-0.0050017772812980255,-0.0041479023464654485,-0.001626016259898444,-0.0016421765682520517
2024-10-22,0.020846267729977885,0.0065216066311639675,0.0033320992225100987,0.005022421524461196,0.003807652152626906,0.00094373009270865,0.005163224517125586,-0.005173120262248254,-0.003927168867408737,-0.003589093980066793,-0.0005311584393575819
2024-10-23,-0.006806858319073128,-0.014290904686784067,-0.0263046916183447,-0.0031679457435426217,0.014744570204463958,-0.0007071302292998016,-0.003562551781654766,-0.00702775060497296,0.015053763440113554,-0.011350909586204216,-0.00913735171082719
2024-10-24,0.0003061705134452808,-0.00036859565055691323,0.00904119971847761,0.007027438342042114,-0.013203906909245555,0.00023587687168746818,-0.005653945289172624,0.003448007674002218,-0.025306026365677137,-0.013838711652615965,0.0021626671741141745
2024-10-25,0.008052174322469519,0.01567109144512613,0.007779804700075221,-0.011867721575209433,-0.01704649599806196,-0.008253743662243629,-0.0008361903168805362,-0.002816100863109239,-0.016664654026238734,-0.012666873642009469,-0.000345280022095551
2024-10-28,-0.0036435828564861383,0.008773522115494758,0.0029814193685777646,0.014349332013835037,0.004475385380412256,0.00642016407115098,-0.004937651686836797,0.012021659714480437,0.01768390028250444,0.0007546695177735874,0.003091323570000082
2024-10-29,0.012564757729843556,0.017754318617755116,0.012951855194012651,-0.011529933480807664,-0.009344059406095062,-0.012581216775040871,-0.013624894869422866,-0.007936304753918932,-0.0399420779540991,-0.009300571859373497,0.0016183737065993409
2024-10-30,0.0013427480031698025,0.028170674210576063,0.009956505790494008,0.006774338268328517,0.0032481729028925876,-0.006041753902974012,-0.005030695771318983,-0.02134138473844116,-0.005907491201214032,-0.008024104028066081,-0.003025250528609802
2024-10-31,-0.06052759346160541,-0.019202109365970887,-0.032843874850827515,-0.011095762221093541,-0.004669696780807975,-0.005897929706829341,0.0007712743172638703,-0.008016032064262602,0.0020230117587625163,-0.00716181219407841,-0.019603110291170456
2024-11-01,0.00989294942791008,0.0010519548827827574,0.06185622317596562,0.004596250900982701,0.0016889778556250512,-0.0004843201350436255,-0.015670491522402075,0.009117490696344932,-0.02397476340752014,-0.004250797024685782,0.004220596510945862
2024-11-04,-0.0046543363308113594,-0.011968007472731412,-0.010862426110241019,-0.0141742172779743,-0.01180291013552437,-0.00012113870415064731,0.03183993040427824,-0.008192187129510087,0.01318681318669257,-0.010090229940567852,-0.0021539646958809167
2024-11-05,0.007344660431964689,0.0029543843059973707,0.01900091939932569,0.007780507780637436,0.0006951466125924011,0.0041192149260471655,0.0029508473146038217,0.018192924678595013,0.003572795713674415,0.0009147636313742158,0.012091749881521618
2024-11-06,0.021192825548103977,0.03988452928041597,0.03804511278195499,0.11544539256833874,-0.002968108619999965,-0.028414575289665844,0.01714862138533113,0.08740903044051707,-0.0525111252386371,0.001175049776450665,0.0248656147043822
2024-11-07,0.012494645151941652,0.024021301909066928,0.014293302428895593,-0.04322836557905063,-0.007284013174717496,0.014653834213111283,0.0012396694214351633,-0.020797351755796445,0.0013419216319590088,0.019854595246854068,0.007732133188825818
2024-11-08,-0.00679312695392742,-0.013278008298798216,-0.008902642228040936,0.0025382858107705353,-0.008039303260391928,0.026314179059024223,-0.0003301692115310617,-0.03635383748554755,0.03149289734585148,0.0005434435136171256,0.004331693557956706
2024-11-11,-0.010720878496534803,0.011213905242443367,-0.006436737438754947,0.009747658030123674,-0.0027658069082386882,-0.010017291753795177,-0.005284452151417152,0.008058570811079413,-0.013771599324635453,0.0029393910350974384,0.0009528745046729625
2024-11-12,0.01200928207445462,0.0070418630442743435,0.01000773544768907,0.0011283380002773402,-0.015479876160554573,-0.0011443714991316023,-0.000996098613190055,-0.0089020023198918,-0.02173626663101136,-0.008887897805211264,-0.003106419934494009
2024-11-13,0.005129659834979705,-0.01508644422435812,0.024843233928485864,0.006678911337182791,0.003930817609604675,0.004462132175909739,0.009306190278313364,-0.015114119233732737,-0.00026932399623336156,0.00568912316802983,0.00048584352493530325
2024-11-14,0.003974600188178634,-0.0184481216456458,-0.012237272302662361,0.002944103499928463,-0.008940224484325965,0.0030015608111035874,0.000658598830608037,0.0007492184877437857,0.0140086206889809,0.009556074019565708,-0.006430114369021189
2024-11-15,-0.027852608400356527,-0.017598815355001407,-0.04194250047285786,0.0142225162277958,0.014025153091705711,0.014723485755855581,-0.010368281353115072,-0.008493391160713237,0.014213602551144788,0.003862226161658766,-0.012808628971012093
2024-11-18,0.0018313253013861885,0.016290799466687655,-0.0044913873945018334,-0.0011414129063895828,0.004999999999622862,0.007136958829705442,0.00838152711395379,0.0010154398938100329,0.0005239030768902087,0.034027120782248454,0.004097311139537485
2024-11-19,0.004882624590972329,0.0160867084996672,0.014427367377293221,-0.007917397869595888,-0.011436324868718928,5.856515328095391e-05,-0.013963926523518966,-0.0055402382562933505,0.009032595890330564,0.00033547836163827505,0.0036555300518763545
2024-11-20,-0.00550515809378016,-0.012014372332982859,-0.008455109720932552,-0.009502653338181788,0.0007189542482131106,0.0007613024130050938,0.014245974879784296,-0.0021708994849075625,-0.002594706798483948,-0.00045731707313168,0.00033881077418040917
2024-11-21,-0.004308166261533963,-0.04744857370190425,-0.02218059936908512,0.016529612093955315,0.015609692377658968,0.010884194511102674,0.01338098404269461,0.021205766710507,0.006243496357982048,0.003141680646539413,0.00536833192198638
2024-11-22,0.010003148690888253,-0.017121040386005593,-0.00635144671841914,0.015484556300248142,-0.002122186494726841,0.02043415340089072,-0.00114819978636016,0.020277727867684003,-0.010922957600736138,0.008969837022600124,0.0030993649671520185
2024-11-25,0.004292565947218607,0.017540665209825557,0.021966314935064846,0.00700060350017595,0.003931172262153559,0.006296800544739911,-0.014943755644923673,0.020528818335007415,0.008421052631193637,0.006449085375101582,0.0033920505113553823
2024-11-26,0.02196805081307951,0.008768267223340898,0.03181931000248217,-0.0012785169203209934,-0.00012838618549593228,0.010823608996888723,-0.016670834375574817,0.0053740909652368885,0.011090814195910959,0.002425367547902013,0.0052214951549862665
2024-11-27,-0.011682515946507044,0.0006504257332811125,-0.010199172519965383,-0.0007200864105991744,0.005695055656590675,0.0002788466902756692,-0.0026277867249646647,-0.010126768506544703,0.01329203768355236,-0.004659776569728158,-0.0030300507783544983
2024-11-29,0.0011111373790089196,-0.0016545529753747568,0.010450082628560287,-0.0002802353975933647,-0.0025096525097052513,-0.0005575379129497682,0.0025497195308543663,0.005969779539306774,0.0019103413133876312,0.003331132585234764,0.006212113621657744
2024-12-02,0.017758465970965087,0.01503403373760559,0.013564866034922352,-0.013895563030425495,-0.0013547513064996464,0.0024545353121872004,-0.0009325194982555685,-0.008864593336923354,-0.020338121265125353,0.0038584631949056813,0.001792382374928625
2024-12-03,0.0005104645226932103,-0.000874686570318195,0.012956195719235009,-0.005807106599250211,-0.015762273901709145,-0.023817473566939196,-0.0015273652952270123,-0.008074333556747804,-0.010120669521771042,-0.014838209880267406,0.0004638603116420281
2024-12-04,0.014424860853350374,0.01768413680362002,0.022113943028485794,-0.00580017972380531,-0.012404830664054622,-0.001767187321957464,-0.028809382170701392,0.0006261583929341175,-0.007209332809206215,-0.009557222356693318,0.006209534533293093
2024-12-05,0.011887888070942765,-0.009921431438607686,0.010955262192886117,0.00854560394420778,-0.00631355087434593,0.005253840443297575,0.004375218761254462,-0.011338890140385693,0.006073409031661647,-0.016825454989486066,-0.0016456571108736107
2024-12-06,0.0021463106050743086,0.011990268767202661,0.029381092722738478,0.007658465048077767,-0.0014044943821601708,-0.012554678179999446,-0.010541906255890687,0.00012658868811943336,-0.01259842519764931,-0.005776935739317479,0.0018956252266804086
2024-12-09,0.005523367224927078,0.004922442905579638,-0.004140421970664665,-0.014351552393298106,0.001942267765543848,-0.017431826026837016,-0.005899445275369786,0.0107080474900354,-0.0071770334921463785,-0.010902502264876102,-0.005149635576864986
2024-12-10,-0.0060311196807243395,0.055881849803386396,-0.004644168251581315,-0.0038964767646169074,-0.002473262032227308,0.008724164177780658,-0.0020372010635768545,-0.02722536692880706,-0.00749665328085003,-0.004453287853030008,-0.0031090824899252523
2024-12-11,0.01276701328585439,0.055246530215461,0.02319587628865971,0.002758791072695166,-0.0173557595660655,-0.009577432086990023,-0.006656607792681846,0.0012358711602584727,-0.002158079309317218,-0.009041591319966735,0.007730590577238017
2024-12-12,0.0012695160247895299,-0.017604912999111377,-0.005602362546686335,-0.00821254054930387,-0.0027277686848711236,0.001289339506410636,-0.0008934953535110202,-0.020803867616314253,-0.01027304676964469,-0.0047061083364018375,-0.005152602640461135
2024-12-13,-0.005093869561360265,-0.011148155865947085,-0.006594750403983052,-0.0065830331633990324,0.0025984682710773477,0.0012291483754824917,-0.008764085136589217,-0.0007090708547140556,0.005462988255768408,0.00453536620644468,-0.00019856700805642724
2024-12-16,0.009658595479310028,0.036034137604024075,0.024048184296139974,-0.0015003750938210603,-0.018892374846047777,0.0004676721618812607,-0.021382172500550523,-0.004178602402042486,-0.011274110296846884,-0.01786743515838818,0.004270038562672385
2024-12-17,0.006355322305626521,-0.006305298484756583,-0.0076417807925127645,-0.005092244761515929,0.017796315605878688,-0.0047329671609902535,-0.004240803909374202,-0.008233928005703883,-0.007143838439745309,-0.006553208137634492,-0.0041200415299076365
2024-12-18,-0.037561061479453595,-0.03592262818523828,-0.04598745403417692,-0.03352072495388536,-0.01133802335884515,-0.007338695473457779,-0.014720859179923496,-0.03169238956901832,-0.024214750241604466,-0.030849003971218703,-0.029803571133061313
2024-12-19,-0.0008230640846900172,0.0005838641189532812,0.01256121893705786,0.011242783348270224,-0.008082901554575916,0.0006505796072238113,-0.0085510242430481,-0.009673252906054697,-0.010635280770741051,-0.007246622193341712,-0.0003070205363825407
2024-12-20,-0.0009839141479058844,0.01538379926814315,0.007299923865824676,0.019917582417674717,0.006198634907351952,-0.006678881730463049,0.0034119988624707887,0.01573382912004817,0.027232334814263348,0.006208002183027306,0.011969882272810706
2024-12-23,-0.0030920751259955193,0.01682252755814151,0.0006224435354793556,0.00332491582486405,0.005537481830163449,0.0002975127926243548,0.004061584962762321,-0.0017757622118513838,0.0114413283101511,-0.004881521407656186,0.005988327835567464
2024-12-24,0.009373923032729436,0.007604172019027855,0.01772860570514534,0.01644364277024346,0.003992565567852768,0.004937243471459629,0.0009407337720122033,0.005966227866248008,0.005793902607353241,0.008414239482244401,0.011115034723832462
2024-12-26,-0.0027769558189030263,-0.0026005813063849637,-0.008731717965509755,0.003425364202930492,-0.0018512170036445452,0.007221498757052691,0.000845864661854101,-0.0012242566041692493,-0.007406391442245863,-0.0031754611175512926,6.65225345228837e-05
2024-12-27,-0.017301590924646004,-0.014519427403118401,-0.014534243558687598,-0.008102327877070992,-0.0036406099740476927,-0.0037023977430569177,-9.390553149934977e-05,-0.006156025277892274,-0.0035926488878618157,-0.007692829063169815,-0.010526490837061364
2024-12-30,-0.0132394955055537,-0.00788545341368252,-0.010949720670391017,-0.0076709375127852475,-0.011789038262584484,-0.014392732849833001,-0.006761833207729828,-0.005070437976241293,-0.004853695742213837,-0.014070557699808472,-0.0114115729147507
2024-12-31,-0.007838429489497645,-0.010144321271360335,-0.008630817894261344,0.0016296172486711669,0.00892981721784225,0.0033514872223043835,0.017114220877951114,-0.0006886862619842615,-0.0009754738020669729,0.00467629637359912,-0.0036380945904609385
2025-01-02,-0.006927639383177531,0.00068674062302998,0.003783217101964498,0.001209795169357486,-0.004148803761780839,-0.009961228750384521,-0.0024170307707945815,-0.008242364097523436,-0.001115915748310714,-0.017170045511013532,-0.002457002457008417
2025-01-03,0.0113956710784886,0.012458427915585712,0.01802742711833627,0.013666666666765526,0.0011803916125994185,-0.00512109892720547,0.00512533780603297,0.011173805486871968,0.005306521436418077,0.0021885700164296917,0.012503420908620111
2025-01-06,0.010629502775316269,0.026487303822009478,0.01525491770373355,-0.004850378165254687,-0.0036757056662862775,-0.027432931629871815,-0.0011125533094555884,0.0011270238324543325,-0.010418113627694847,-0.002359902786050916,0.005760621674030908
2025-01-07,-0.012808227182225851,-0.0070097018337808015,-0.024164140415623203,0.009632551380572618,0.01788946122756596,0.004358655043880555,0.009374419898918518,-0.0032948929162200935,-0.011370016843401998,0.010909476062682444,-0.011304084923311475
2025-01-08,0.0051850273456481855,-0.007877640800299401,9.004547296376231e-05,-0.00016449397537976473,-0.027080626410037167,0.004959702417909551,-0.01673563218387586,-0.005316804407667908,0.0032656538396071966,-0.0037718716167752797,0.0014610196558648703
2025-01-10,-0.013213680045236265,-0.009847898942722533,-0.014360959798316308,-0.013408464607422621,-0.0014760666340094541,-0.021838371375883958,-0.00364724586099463,-0.02788932893891216,-0.0464194735346366,0.02744960560927523,-0.01526743456224433
2025-01-13,-0.004200978637125208,-0.005363465944882906,-0.0021923814743765035,0.018093133780889392,0.016964662818186538,0.0017658930375872295,0.025811901632556866,0.03276353276361754,-0.0062333036510408,0.029548246212685036,0.0015504143052254005
2025-01-14,-0.0036434238596040336,-0.007067692790547642,-0.003204247917238945,0.01334916670080033,0.00193811864073834,0.005666079073095132,0.003934486229369538,0.025020689655221418,0.015232974910879271,0.02061377344711124,0.0013760126592614608
2025-01-15,0.025597228570786168,0.031055573130629677,0.025670462894930246,0.019719561967024513,0.001519861830478364,-0.0005634155505136462,0.016314254466454292,0.008935059342660034,0.01927037363822337,-0.0034420054551103085,0.018189937992764582
2025-01-16,-0.004058079801217862,-0.013500383533405769,-0.012043877322587826,0.007608480285226316,0.01931434089856965,0.005324146570888866,-0.0017038830606389554,0.015097762010313875,0.030018761726247067,0.016813294232571385,-0.0019231418063871963
2025-01-17,0.010480945875972703,0.016017832149522793,0.023928215353938187,0.019231525543730976,-0.005007782364772617,0.003925233644600734,0.00898311175056099,0.014373932466061445,-0.008547008546806567,0.018393898609202264,0.010039889121766787
2025-01-21,-0.0012353448476358775,0.010459183673189765,0.021111799592812286,0.01493286000936167,0.007617493028668543,0.0036616396701905085,-0.007567663818301318,0.03561991606653003,0.001271905031963616,0.006167400881163854,0.009153586130774771
2025-01-22,0.04130688448064346,0.001615753597920211,0.01863811711672647,-0.0007223510627852869,-0.019439757003125946,0.018674251792956564,-0.017403785771548108,-0.0018827191484186434,-0.03330980945728734,-0.008662747060392717,0.005621424425817256
2025-01-23,0.0011429852085105274,-0.0019660230882692087,0.001744606612484656,0.011832293410648287,0.009430715219933994,0.008558941362250216,0.0056605496210526685,0.0221070898617437,0.010804497006754676,0.022114262279763652,0.005458083239845646
2025-01-24,-0.005932260303121439,0.011263764016610889,-0.0024212046555093236,-0.004173716864027788,0.0012274959082634318,-0.00616009629863612,-0.01352700862417644,0.0030265748033253548,0.05200057778487688,0.01623456790104405,-0.0029192291921670277
2025-01-27,-0.02139350538210416,-0.04195594625630117,0.002427081115605745,0.0038136233195664726,0.04134314126200511,0.033755788447266344,0.013896558070544351,-0.031033044672889476,0.013730605519793437,-0.008017979712104162,-0.014145434807658175
2025-01-28,0.029086892488899396,0.01819508888978083,0.011596295981649796,0.00485236035361547,-0.016417031852905883,-0.02045267004581608,-0.01933375692057815,-0.011874018937657715,-0.044561831234175786,0.0011634315108874915,0.008592355306337396
2025-01-29,-0.010889982110813046,0.0005632360471623521,-0.00453495695989925,-0.0020962791046122975,0.00512036175003594,0.00024068836896407042,0.005831173638812137,0.007532860180748502,0.004961723844212784,0.0009480122323461959,-0.0044828955203223275
2025-01-30,-0.06180905658681157,0.02794125172702766,-0.010250137090310862,0.0061895115914527565,0.011379424413056949,0.007098598327486716,0.008281954541285774,-0.04641049767305272,0.005783608408057139,0.023800067214557963,0.005367142453522877
2025-01-31,0.0001686787632364517,0.015681784238829488,0.012956017729287561,-0.0034671736944815734,-0.004709884215707949,-0.008482169523914784,-0.02500684493922134,-0.009440503493458152,0.003646563813590298,0.000477469412060616,-0.005321962184366313
2025-02-03,-0.009974461523462708,-0.013675129889357485,-0.0010939077751599413,-0.00183314627737019,-0.0018402891884812256,0.016687752274441747,0.002433773284793883,-0.026626103812201984,-0.007126886528282861,0.008381554614253384,-0.006729586919640762
2025-02-04,0.003528667380344963,0.025592605476198127,0.019543425153736083,0.004235223567082169,0.010667017844171678,-0.0037331121123443944,0.026799887944692236,0.001106347669627139,-0.016185784657770874,-0.00709912148351266,0.006708265720878348
2025-02-05,0.0022310061353920663,-0.07292373291958276,-0.024332810047095865,0.009293125326593543,0.007818098899328607,0.005234045084191896,-0.0007275372860305884,-0.008564718883676381,-0.010014306152311248,-0.007507373313291543,0.004054637907565217
2025-02-06,0.0061216095236769075,0.0014111744104123858,0.011263073209975882,0.023924860407458892,-0.007628159544674995,-0.0007691852548101785,-0.013196214052350275,0.01839208582958829,0.0010115606941660804,-0.015068287558057447,0.0034755552613163765
2025-02-07,-0.014597662450173132,-0.03267223382018747,-0.040530921576016454,-0.003972553268199452,-0.0025405511042155826,-0.005388441497118257,0.00424236834870606,-0.004296073334277506,-0.014436263894997414,-0.053911559442976875,-0.009153582266697269
2025-02-10,0.006028065893852741,0.006096902989106701,0.017412175430940424,-0.017258883248734258,0.0073145245559340655,-0.002619515389667537,0.019101845899623715,-0.0018137847640541382,0.020946242858848496,0.0003543357816400139,0.006791284518133045
2025-02-11,-0.001892193489009042,-0.006167211884112289,-0.0016299219353178573,0.01457349468717628,0.012253630705231888,0.01134125231325167,0.006308011173882022,-0.002725620835905773,0.00903873744635142,-0.0034132989858620677,0.0007605191370552156
2025-02-12,-0.0058331713006744,-0.009227282538576742,-0.01645471730537884,0.0016727881012834622,-0.005572279510729805,0.0008853213712711749,-0.029820005372454772,-0.0281312977941367,-0.014929617517669191,0.0027787650652064677,-0.0032214898151121663
2025-02-13,0.003667123019613916,0.013779205925864346,0.006290132354868305,0.00315846796162611,0.012817209841653465,0.00849156740192103,0.007265952491235961,0.004715373252839994,-0.009815242494538912,0.015498630578223205,0.01055754441787049
2025-02-14,-0.005139572270677073,-0.004888793381216616,-0.007336024655988149,0.0009771279676844546,-0.006995230524754814,-0.04753829961429368,0.0010172939981782925,-0.00107435679959611,-0.007871720115877556,0.0030460718368359174,-4.920210581893514e-05
2025-02-18,0.0029625639644428325,-0.007882092533787577,-0.008877033409130708,0.012147944610916728,0.0005123278895162731,0.015593345202433717,0.017553584626993635,0.0019246009285753818,0.006464883924875986,0.0027837530051948445,0.0029358700999693177
2025-02-19,0.01252319109470923,0.008162376884104816,-8.824178248401093e-05,-0.0025004465080566973,0.01871088457332548,0.0064075439761117625,0.001452696567443068,-0.0028248587570223194,0.008175182482921928,0.00015772870640140546,0.002354903596139879
2025-02-20,0.00528003471799221,-0.0038322448317995583,-0.016546794334377668,-0.04458370635643294,0.01133700677673688,0.004324584059469672,0.015412511333193102,-0.010906515580770049,0.01563857515208289,-0.008736792303823737,-0.00416034457444181
2025-02-21,-0.019032513877868196,-0.02654963155591783,-0.0282663316582914,-0.009595202398685165,0.01640781563169713,0.01806112074612698,-0.011696428571236095,-0.026091937562747747,0.02053036783480877,-0.013968435789821987,-0.017104099085816116
2025-02-24,-0.010313319124952147,-0.0022820883894543176,-0.017868685935912842,-0.010974871329339386,0.00887245840996198,0.0018210656170054573,0.005239859065490515,-0.003293730149432017,-0.010896898574159875,-0.001613475749524751,-0.0045504550455053305
2025-02-25,-0.015099009901077043,-0.02136680613638331,0.0004231112782662194,-0.015076146016639536,0.014352021498030831,0.012372463938262968,-0.01384020850191181,0.010149887879111974,0.006779661016636407,0.0257603671739568,-0.00497312503131242
2025-02-26,0.00459914551402596,-0.015334625470760144,0.007283834586466087,0.0054001554003224594,-0.01812270455829712,-0.007819287576230072,-0.0024605850720973432,0.000642598434441144,-0.0037878787875204045,-0.011059994958155461,0.0005048465266783708
2025-02-27,-0.01801215820680624,-0.024489087014021083,-0.026172148355493308,0.0010046756057284778,0.0039857738535262754,0.00391126678349929,0.0063036725742935396,-0.007531087629067623,-0.022954513449048308,-0.004588179066565057,-0.015961920139981434
2025-02-28,0.011362188877270363,0.010563798219589415,0.016958896234550158,0.021617448368878023,0.007878824894603564,0.010873989649420768,0.010712664548247375,0.011617647058824732,0.019551744017750394,0.011971447776992106,0.015605503803004739
2025-03-03,-0.02141111866781653,-0.01920366455266631,-0.0342001130582249,-0.015227659172486252,0.013695309659790489,0.010066728025774463,-0.03206682834835717,-0.034627126035803424,0.02066410146841835,-0.017396805313979802,-0.017519943451341335
2025-03-04,0.00030888825945085685,0.023411771749975552,-0.005950638962052501,-0.039789732177053616,-0.01111908177946963,-0.013725155191095406,-0.0020415738673094097,-0.015931815444008568,-0.010751186820180503,-0.01706100112662512,-0.01183685355539199
2025-03-05,0.031934330048112525,0.012286449801483412,0.022374877330716414,0.0051148851148234975,-0.0018135654696607162,0.008257304538678234,-0.01952761763065136,0.03592960979356086,-0.005222300634645682,0.020402816440220795,0.010747841764044086
2025-03-06,-0.01029873821742866,-0.0038723846955792673,-0.03676329429832992,-0.01983858784255743,0.004299903101090186,0.00028635244285935,0.02067526555357868,0.007444828502916945,-0.006668558456139895,-0.001989858142558254,-0.01775117483630606
2025-03-07,-0.009020131522632369,0.008761241659160257,-0.007224713502740343,-0.017279143343609693,0.005186033890100639,0.007385778083010663,0.013008734436308345,0.027242602856142994,0.04027996000623535,0.017526369951061938,0.005604930942364472
2025-03-10,-0.03343418677385035,-0.04480616588021902,-0.02363864491844425,-0.0415222057126543,0.006059151718393885,0.001761864165858329,0.025499908273704186,-0.014530402511992113,0.04572291638049486,-0.04013779589745403,-0.026635643839393097
2025-03-11,0.0007628367005225734,-0.011032736480527383,0.010537678626503677,-0.013263284816048992,-0.010971973762228138,-0.017814592079714697,-0.023613595706861945,-0.015758523796994495,-0.02796743697498083,-0.018537420565796325,-0.008312818866232585
2025-03-12,0.007412274937453889,0.018714947573607033,0.011699476066941328,-0.005411538797205462,-0.018147835524463973,-0.027437615527063364,-0.00027482594406280647,-0.004826794596324402,-0.014993921383189002,-0.01150697799259548,0.005306518923763326
2025-03-13,-0.011741070263694975,-0.026030758182769564,-0.02513952436019906,-0.011891180342346597,0.0008596868288548443,0.0013066460770996269,-0.0042151562352560346,-0.014254872386634254,-0.002605595172850639,-0.0061089428133324075,-0.013330470413684514
2025-03-14,0.025846819969899126,0.016773162939220487,0.020939708081902042,0.03219503530356205,-0.0011043622311613932,-0.0036775609464716474,0.029723014631180433,0.01899132939333481,0.011274577202928349,-0.003175687212004341,0.020655761488661106
2025-03-17,0.00036030471471693026,-0.0072511934258921995,-0.011164435463500766,0.006410256410145587,0.00018426386591441357,0.010656664880862365,0.016621983914113292,0.00883288187480158,-0.019578518014881863,0.0126747053989682,0.007711305769200427
2025-03-18,-0.01332647285820876,-0.022034207802983596,-0.014917748033105194,0.004445774377063172,0.00865880619031878,-0.012075871819494322,-0.0010548523207285498,-0.01730679430316373,-0.019553459991211386,-0.012854340031217326,-0.01080842810546967
2025-03-19,0.011211931581164736,0.02004107798573207,0.014106420495799243,0.017619270545418786,-0.00767123287661331,0.005127899349985476,0.015575501584278006,0.005672537198342376,-0.0028288543146887113,0.007470358439894964,0.010890877330690385
2025-03-20,-0.0025269454900629373,-0.006650802367168529,-0.003017285465889308,-0.00041821755691617835,0.00018406037186036173,-0.006050898736015831,0.004245732605556052,-0.006998995924696105,0.009219858156787497,-0.0036734693875086766,-0.0028917532136305546
2025-03-21,0.011425912521770831,0.007309582309280138,0.006463195691202905,0.010961884440025438,0.0037418721626230056,-0.0051327961801597155,-0.00345125107808697,-0.0013977695168393423,-0.0037947997195297845,-0.004335654786542853,0.00032808360898983757
2025-03-24,0.004651638296946814,0.022501372035181877,0.03593089037255992,0.026610934072735626,-0.0020778585832015306,-0.006239126522604943,0.002597402596625109,0.017541247245403957,-0.011427765237437826,0.006171781244822094,0.01790843646939
2025-03-25,0.005291543706189117,0.01717557251897306,0.01205352750172195,0.012376038055141203,-0.013901647375997528,-0.01690310896443792,0.006822107081369211,0.002780460678259322,-0.021121735406923414,-0.000988243312337822,0.002403846153755884
2025-03-26,-0.013133920437426339,-0.032246716698373756,-0.022264352729570835,-0.00039820013511393526,0.004347286051294974,0.022904513355916034,0.014409469079509574,-0.004407214990363562,0.01662049861533843,0.0071633237823833795,-0.011938275466525927
2025-03-27,0.0015642228890528909,-0.017084696473921412,0.001143539004623939,-0.011592239971261131,0.008718773188421958,0.012786649057180632,-0.0032129872324707653,-0.005306206209034214,0.004302308905324015,-0.00047415836892839014,-0.0026556921508477105
2025-03-28,-0.030160274463657544,-0.04875493096633443,-0.042908224076281365,-0.02123972271518626,0.0035554465759910503,-0.004030585027697597,-0.0013571973868710119,-0.028323017978120535,0.005997429672663479,-0.009657088641981448,-0.02013825209847353
2025-03-31,-0.009002111932585044,0.0020086826928482626,-0.012764632627646377,0.010088532015707585,0.013010811801676736,0.014223650538508492,0.010192814065702827,0.0003336467589456493,0.006245564230876521,0.00906695863411544,0.006712738005363095
2025-04-01,0.01811449425954681,0.015713916192453325,0.010038894144854371,-0.006685690990308135,-0.0759165460683413,0.0008214998241360405,0.0009249138150424496,0.002334748332330161,0.00042319085947473134,0.00108504001072518,0.00282450526465694
2025-04-02,-0.0001308249824436558,-0.00019099764435459576,0.019982307332049754,0.008864811622486535,0.01376835236548457,-0.006214821763415812,-0.0031081989247403463,0.012372568593533195,-0.006204173717775818,0.005145680695209931,0.0063283241527993805
2025-04-03,-0.023630083215672282,-0.04024452368786402,-0.08979133717667465,-0.06968513546476673,0.028707518022611067,0.017050147492273293,-0.05258279261817478,-0.08635630191811172,0.02355278093114288,-0.03986981285599378,-0.04928080493164
2025-04-04,-0.03556591889774474,-0.03397027600842173,-0.04153354632587858,-0.07438016528955782,-0.04117131773292404,-0.05011891641048738,-0.07195588366098205,-0.05782312925185573,-0.07249792071021799,-0.0696680790959121,-0.05854294764294243
2025-04-07,-0.005502445531485267,0.00789835164802466,0.02491228070175433,0.019783146281338704,-0.017097363612408878,-0.021496183205598318,-0.013417672992479979,-0.027839489030923814,-0.02764908085378981,-0.016586328614233592,-0.0017811906270081002
2025-04-08,-0.00922148326165484,-0.013969335604880784,-0.026246719160104903,0.011331841074603055,-0.004116319214071407,-0.011483492480096391,-0.02108024091691718,-0.021852460186901568,-0.014601905933304571,-0.040486298726537084,-0.015662793925380614
2025-04-09,0.10133686823121724,0.09682100898430446,0.11977030352748153,0.08055517130046619,0.00646666666710205,0.024812172486263995,0.049915649499469694,0.0988172592538843,0.05412572141605998,0.08684284622494753,0.10501933612651748
2025-04-10,-0.023406489282652987,-0.037111713187946815,-0.051700680272108834,-0.03085260732268158,-0.015102338212857114,0.007639231147922754,-0.055482041588851616,-0.03936746287499049,-0.012725658479451396,-0.03019985196127306,-0.043819036856089455
2025-04-11,0.018618067391964033,0.028268551236911632,0.020141264761063926,0.040024657655091334,0.02044522160194573,0.020481780386811144,0.03212248574007881,0.014836076912230434,-0.013639088728259918,0.02659899252020792,0.017842845705077437
2025-04-14,-0.001647573690170323,0.012282041491800344,-0.014875317790880027,-0.0062658763760568,0.017333421208282962,0.013300581151079571,0.002423889858398587,0.015914125064100615,0.028567087068134933,0.013270882123425753,0.00970146458394927
2025-04-15,-0.005363451174618228,-0.017350851826159364,-0.01389193938062816,-0.006774028630005535,-0.004793988079539457,-0.0039023236563817676,-0.0028049134338663517,-0.015731920032188373,-0.0004431969275846548,-0.026707755521498067,-0.0028008606617252463
2025-04-16,-0.03660591605530117,-0.01906467916305976,-0.02928893590957171,-0.015098871873699404,0.001887775029440597,-0.012346411824079806,0.01057225994114841,-0.011212214156890443,-0.02985515814289519,-0.015001884658963238,-0.02222800915161105
2025-04-17,-0.01030650413071732,-0.014152481575757436,-0.009866345436815194,0.010234745873365592,0.023130400883086155,0.02548230061951884,0.026202130723546047,0.014165575239549533,0.010207190737921534,0.006046226848353875,0.0014267777649579205
2025-04-21,-0.023546685518308297,-0.02308811855025894,-0.030647123573373625,-0.012803931712660144,-0.003492728773303644,-0.02240637637031062,-0.014683875795557522,-0.0275276125742695,-0.024581511084262764,-0.020235831114424285,-0.023802739309581655
2025-04-22,0.021441300957901976,0.02573305343025556,0.035022710972985927,0.028822219310866037,0.005289319398330328,0.01285067873302248,0.028001898434047545,0.022582004635837594,0.030303030302932354,0.030204208401196864,0.02601774733404061
2025-04-23,0.020636824600397397,0.02561563345838036,0.04284559417946632,0.022454263763297844,-0.015023771790960594,-0.012806766737911257,-0.008587257617676758,0.015798330872087263,0.009453781512071435,-0.0023364485981579586,0.015495495495451372
2025-04-24,0.03448275862067107,0.025297714837726692,0.03289036544850488,0.015609432082686281,-0.0028961256270750857,-0.037410245580424606,0.011735121541944116,0.037495351117138975,-0.013676230117338206,0.015524665709802488,0.021048896193673006
2025-04-25,0.011747998967226225,0.016825715720684142,0.013133912297630612,-0.00445552648781633,-0.002259084748219342,0.00933993606264294,-0.0005523336095281106,-0.001336114188700832,-0.003918613413720573,-0.006472010414519946,0.0072253013590724
2025-04-28,-0.001760877886912704,-0.008335391454338925,-0.0068257579766126675,-0.0013549579143105062,0.0049812394874309,0.005154639175125153,0.0005526388505392443,0.0019905367922798956,0.0015130882134097856,0.008760435775224451,0.0003813744007712394
2025-04-29,0.0073627160242957235,-0.002801818069123163,-0.001651571656899331,0.005756105583301974,0.0036047634374283266,0.002533209761798272,-0.002485501242394217,0.0011072754510954574,0.016014503701239136,0.005492670254471532,0.006299355541356411
2025-04-30,0.0030961323723139866,-0.008491508491162314,-0.015849298254976274,0.0,0.002565582707897862,0.0019105139900983392,-0.025193798449428706,0.006083279115068674,-0.005501858737082532,0.0005905584465799585,0.00039688266711079834
2025-05-01,0.07625360522168911,0.01574307304784406,0.031341503090771106,0.009279699125306573,-0.011835455185197463,-0.015931598696300453,0.001420051121415522,0.015164742781561102,-0.012410287079985816,0.003947028662316887,0.007086954953667179
2025-05-02,0.02322519981196902,0.016924984500857,-0.0011566771819138122,0.022763173883204146,0.01074711899570402,0.00337542192781215,0.004065040650446772,0.030959357879717153,0.01574564723695615,0.020061728395010858,0.01484412770602761
2025-05-05,0.0020446609080269074,0.0010973602389356962,-0.01910727444994209,0.0001980119599036545,-0.007173968742047676,-0.010528283080020406,-0.027681009320580374,-0.0017609985170681242,-0.014756297510639893,-0.019487068655047013,-0.005734349636574376
2025-05-06,-0.0065570763693674206,-0.005967967845806221,-0.007190770056345608,-0.0131057966424456,-0.0034193548386758366,0.0026443367124089345,0.013944030211746394,-0.006870725139836664,0.006656580937369538,-0.016861981558410344,-0.008358325495577357
2025-05-07,9.231266292353268e-05,-0.07259694909032455,0.01999891897735262,0.0005616850550305141,0.01832070952241116,0.000251177394208435,-0.0009550186232445412,-0.001869799619955037,0.012323414487059425,-0.011247290934920717,0.004205440229080759
2025-05-08,0.011122649128974649,0.019157088122480737,0.01785808913147169,0.01635991820035021,-0.010425937698230081,-0.0040178291168849745,0.01395660070776139,0.01236379531046583,0.014251781473664238,0.01900910774369957,0.006967833912540744
2025-05-09,0.0012780427687970608,-0.009917033964465194,0.005102040816326481,-0.0015386436262394554,-0.009250931517670646,-0.006240151276306949,0.011690393136536192,0.004225134926755247,0.0291276346592102,0.005525886366929189,-0.0012742009699010515
2025-05-12,0.02400109406702522,0.0373813420626421,0.08070030042473841,0.02754069859332775,-0.0005187394628199948,0.02055055182014298,0.017239772621430616,0.051993120815766014,-0.008818091308787634,0.01873639951326611,0.033047453662678805
2025-05-13,-0.0002671059075263216,0.006752492742369665,0.013084739263803824,0.011382426456245875,-0.03697936940469393,-0.013486637662665113,0.0027482594358287926,0.02916362574806497,0.0347252116507073,-0.009304514681079401,0.006603886859240848
2025-05-14,0.008460613617161217,0.03660753463337518,-0.00529876519846717,0.009999619786392966,-0.014012395580715875,-0.004473004472999476,-0.008953042207328399,-0.008169285754706657,0.001109416170300026,-0.00789358280937913,0.0012780314905729284
2025-05-15,0.002251953901018844,-0.008526334885663789,-0.024161712247324663,0.006964312603639833,0.02220552063375858,0.027781293506871085,0.010047935103588479,0.00042898815996061934,0.032691508519001156,0.010829527036984032,0.004884358140905043
2025-05-16,0.0025158343082103407,0.013600878263045235,0.0020470829068577334,0.00026169202561598937,0.011496557717369127,0.005356813004165906,-0.003591821698422426,0.01077727909432813,0.006036217303885039,0.016434662196621153,0.006334044643248049
2025-05-19,0.010126136438534106,0.002106023226341014,0.0027725083904859282,-0.010016444909225375,0.007665367078480534,0.009125428711229455,-0.01589795729755472,-0.002856496408145115,-0.015200000000341163,-0.005736206216763073,0.001093907775168157
2025-05-20,-0.001525486521138375,-0.015371682478656501,-0.01013775708187814,0.003020235578090613,0.007672634270805334,0.005280087394590627,-0.014276321968297423,-0.00873585387302811,0.00744652044447669,-0.005985648866077553,-0.003362192149241383
2025-05-21,-0.012222537486176632,0.027930235394639125,-0.014455823981966875,-0.017464619090460154,-0.00312377977316447,-0.0012678097078959727,-0.0122915674132128,-0.01997195914051253,-0.03857008466668166,-0.021765153988381636,-0.016850805431544935
2025-05-22,0.005059990719694429,0.013704318936909488,0.00984486873508339,-0.0014174072939249216,-0.0037211124172648047,-0.002417941122929368,-0.006656376616342663,0.007824589063139653,-0.06429969247929279,-0.001594541476347744,0.00039460590883777513
2025-05-23,-0.010288880094917907,-0.014045765786865338,-0.010388970950270693,0.0001534507230436244,0.0021623746805636834,0.005029388595884976,0.00058269398840749,-0.005214519540081897,0.0122497759182707,0.0022284950229418676,-0.006825704436653535
2025-05-27,0.023346217068688224,0.026295482875400067,0.025026120702522414,0.017567412067203803,0.010527004054046607,0.011455444350781052,0.004755896340796317,0.02364658260295216,0.004132231404729181,0.017491847020471907,0.020790523389390136
2025-05-28,-0.007228288002646077,-0.003123192597329072,-0.006310066983787999,-0.006785027705663138,-0.005350734094707321,-0.0023843586073325485,-0.013620556414127294,-0.005746635942033063,-0.012198706641818324,-0.01019813519811863,-0.005785333671648019
2025-05-29,0.002886129088615741,-0.0029009050822672577,0.004787026182102361,0.0033397851910081933,0.0075444466310725655,0.0071701720841399474,0.005680148859813272,0.006581018054916621,0.026484154142672578,0.005188401530619613,0.0039473908085885245
2025-05-30,0.003662684224190693,-0.0006982427557029602,-0.00335439961108408,-0.0013995536558847332,0.010613361115042297,0.007890365448280479,-0.0037978381538095185,-0.01068819466170201,0.023916509638830075,0.021012556283619865,-0.001118549275480496
2025-06-02,0.0034972630117031667,-0.01577966693833399,0.007999609775132921,0.002500000000230873,0.0012241479288277457,-0.012419801047949819,0.007331378298460978,-0.00965434014321398,0.0010829558334073397,-0.0007529310530544064,0.005632942533756902
2025-06-03,0.002164642725734023,-0.016860912263998107,-0.004548753931768679,0.006083276656734693,-0.006306306306330667,-0.005542972940735136,0.0072780203788149755,0.013723271535218018,0.011404133998421884,0.01646932185150707,0.005702620168423156
2025-06-04,0.0019439704515544776,0.011252858346513461,0.007389042827281145,-0.007698952191430131,-0.007771014117862851,-0.005394066526519747,-0.014450867051728267,-0.00020034344600050602,-0.015081042988422722,-0.010872251050180415,-0.00026841584320791423
2025-06-05,0.00821350809490351,0.0009520975899637296,0.003281378178835226,-0.008591325410765682,0.0028716877695489362,-0.018981620970356383,-0.004594330400747748,-0.0010591704118025902,0.02318259874110562,-0.014239320509752962,-0.004832782373779487
2025-06-06,0.005773178241467836,0.0325188752153589,0.02722331778173248,0.014430234777682793,0.008915788103936118,0.007493857494273337,0.02396150446785672,0.012580238422826406,0.00923076923017585,0.012888277460026076,0.01026894865519079
2025-06-09,0.005038479527303741,0.015085214186969509,0.01596666198436103,0.0038008504874424975,0.0012900728885401058,-0.0089013534936353,0.006713340366817144,0.013357860478263373,-0.0036031042130660884,0.0005003931660769734,0.00090129185180432
2025-06-10,-0.0038709677418894417,0.014254074620893675,0.0029034934095308884,0.006973082402528474,0.007859305546872752,0.0017224409447995637,0.021434695627370326,0.0013963750103946904,0.012656467316441988,0.0070020005718400835,0.005669690501448832
2025-06-11,0.003609954981657282,-0.006998880178931022,-0.020265612793529786,-0.0016753536860015794,-0.00760626398208708,-0.00448292802727468,0.019492631971065766,0.01274507069744546,0.002609531657010722,0.0011707109407623761,-0.0028520262651555717
2025-06-12,0.013224154712075942,-0.009303636876296428,0.00018761726078819763,0.0003356330411004027,0.009017132551790485,0.006600456479782357,0.003842283414217107,-0.006003194360144293,0.011506849316274659,0.003791502781488987,0.003974324863776912
2025-06-13,-0.008165055234268248,-0.0058622652249415985,-0.005346088913899871,-0.012265135699291774,0.0028086301547949333,-0.01777178575798255,0.021780734529974755,-0.010832225177448862,0.012730227517838921,-0.010272521886315777,-0.011180124223700405
2025-06-16,0.008800741115085886,0.012022671322836631,0.01885902876001877,0.0204189469712186,-0.011966900064060648,0.003743448964318663,0.003210845522848782,0.015095924940410788,-0.013372559507375925,0.00021400292466156046,0.009514237855902108
2025-06-17,-0.0022957799389691225,-0.004638796175631454,-0.005923183711244784,-0.003106968486473405,-0.018296611261472195,-0.01466931874674371,0.013513513513201847,-0.013133208255118212,-0.026023312551330724,-0.012052918732109674,-0.008545164929942173
2025-06-18,0.004602125344981944,-0.014947428246886663,-0.010706638115631661,0.016473731077366383,-0.010828192676257342,-0.0031541761290907466,-0.007105263157187736,0.0059270856633293345,-0.004035624825837858,-0.006027792816968858,-0.00015062005260291222
2025-06-20,-0.00591370981163708,-0.0385414262634336,-0.013316393751176436,0.0037961746239751903,-0.00623631659245627,0.006708011643820511,0.013340401095207843,0.0020011117285019253,-0.0005588933910062321,-0.017720967390657538,-0.0023414619040513784
2025-06-23,0.018014243820617226,-0.008701392222361326,-0.0058181124517144855,0.011890909091059498,0.010214300020302325,0.012257983404758921,-0.025806451613352932,0.015838233662748502,-0.011184118551513245,0.009907578558303598,0.00987749882202582
2025-06-24,0.0084567901235304,0.009564743628300176,0.020626469036312267,0.010744959931022757,0.005749405234054095,-0.00416071539511409,-0.030427778771726977,0.018540261584016893,0.009472642442842405,0.028625814481063383,0.011047238190611708
2025-06-25,0.004407173899728223,0.02344546381263557,-0.0036659303473234317,0.009955201592988683,0.000591366055086473,-0.008667997006438943,0.0002769060364884446,-0.0038603828211131175,-0.01484593837541559,0.0035587188614414345,0.0005603348823399745
2025-06-26,0.010522680642794269,0.01675650339789314,0.0241992546818246,0.01651059635269836,-0.0017730496452389444,-0.002138768320918194,0.014948786564970895,0.027719468216720555,0.009240830253584464,0.003546099290643756,0.00782382395572645
2025-06-27,-0.003035480952892078,0.028754177711480144,0.028463522476050107,-0.00567965367975809,0.002631405828740885,0.007753892705949728,-0.00554595872414132,0.007410704933559664,-0.0014086491060367745,-0.0022968197878067143,0.004968375635447053
2025-06-30,0.002964068234051931,-0.012882988853620159,-0.01751007613076594,0.009752359722908777,0.0022308247486411137,-0.003377955711318048,-0.014445053939948105,0.009097761950576322,-0.020736352094404942,-0.0010270940323179323,0.004781187490899175
2025-07-01,-0.010775818741117993,-0.0022130170798123627,0.004877159396508679,0.001724673174271274,0.020752864157574713,0.011925684157800598,0.013358070500767871,0.006980757837143026,0.052434456928827755,0.018435793802761058,-0.0003237031643018584
2025-07-02,-0.0019510212376525615,0.015923566878864648,-0.002449423931779049,0.005475018078010763,-0.0023088763468670503,-0.00012405408734694756,0.016569022336162753,0.019211091783569945,-0.000547495209338722,0.016919466143507256,0.004533311746109048
2025-07-03,0.015781221364681963,0.004982086878741132,0.015869407057111706,0.018493150684946835,0.0028927744916891207,-0.002295285359944166,0.010355695632105588,-0.001430615164532023,0.011777595179851996,0.005304857044479139,0.007881376420413089
2025-07-07,-0.0022452088845480445,-0.015262073191146586,0.0002685645226265798,-0.013614864865027276,-0.004743285686606757,-0.00205185599698654,-0.00971479500855199,-0.015960388076279974,0.011775852733530545,-0.009662828947395008,-0.0074519461412535515
2025-07-08,-0.0022100779555948025,-0.013745121330744348,-0.018391730433615194,-0.031475836558526815,0.0033490049590634285,-0.016261682243113862,0.02772027720299275,0.007100712625450534,-0.03063545150515845,0.011521694000583116,-0.0005477862989099469
2025-07-09,0.013873786798853649,0.012961688460784826,0.014496717724288732,0.0013438008346893238,0.0031452596447369974,-0.0023434036355886034,-0.003415360364434905,0.020010652058221945,0.01642285398857335,0.006464853771039669,0.005996711480759753
2025-07-10,-0.004031697483624419,0.005661872947490654,-0.0012582007728947353,0.01776380844764125,0.00902226772441006,0.006157948197208496,0.009929701229788312,0.015291660450493127,0.013441955194030353,-0.00047580206634423305,0.002820241643360033
2025-07-11,0.003669139347397321,0.014469091318922933,0.012417888958877077,-0.004615010930340113,-0.005009829411951605,-0.009085746734564082,0.004350474202504451,-0.0059020889967309476,-0.0032154340845302887,-0.007242434546055554,-0.0035153878111835457
2025-07-14,-0.0005960422791698727,0.00760308563185097,0.002977513109945651,0.006414278742095769,-0.0005098789040570706,-0.02094874243853595,-0.013081521268910379,-0.00036953094208669324,0.008602150537805109,-0.00400726101987392,0.0019082133351666641
2025-07-15,0.0055663790704558735,0.002423441286459216,0.0029243652798085495,-0.007447177000294958,-0.01052161714072164,-0.007023933402849458,-0.008865870786319618,-0.002784828843830689,-0.004530916844395549,-0.01427097661646859,-0.0042732990829909
2025-07-16,-0.00039539757226181305,0.0053296703299412496,-0.013960680362270828,-0.0025475484207370114,0.06193207449898974,0.006877128634894092,-0.00602249579265568,0.02036378015024809,0.0009370816608806898,0.008163265306290413,0.003343298935860828
2025-07-17,0.012024840789494506,0.003333879870524248,0.003091536359155933,0.014274718354034821,-0.010923655783578456,0.012294282183303862,-0.0050788559215664275,0.012570238325967376,0.005483482679780938,0.01588290252242497,0.006119637307370418
2025-07-18,-0.0032245456321808863,0.008061880379515385,0.010050026800071388,0.00472576750610032,0.004417719965684741,0.003449428093999174,-0.034837900769697616,-0.010428875547125016,0.010242085661342104,0.005892771987115131,-0.0007324374242798637
2025-07-21,1.960592089922386e-05,0.027234410461163705,0.014018484942289966,-0.0010299721908411108,0.004031765424702627,-0.00045132172793571623,0.002598125637339521,-0.005148533997259341,0.002896642526882376,-0.005384172564343426,0.0018961725994701695
2025-07-22,-0.009391052033055347,0.006522882693205556,-0.007980811164413515,0.0015809189952242786,0.02172061328785979,0.02122169902552873,0.004534937528849925,0.017362889262684034,0.0179860837605208,0.015014299332643644,0.00014313660007436724
2025-07-23,0.0011874839194974118,-0.005801191595867339,0.0036048709719962435,0.018289126033552705,0.006967188709804395,-0.00025265285452336084,0.0128063386769397,0.024928689565913986,-0.060871808098400204,-0.0008050179449523576,0.008507457939747276
2025-07-24,0.009903730207349026,0.010198181149126295,0.017258749835735276,-0.0007076425394879626,0.0027202838557671694,0.0033484963352792274,0.007823160192958145,0.0045136696367700235,-0.011672617412908037,-0.002249152371772367,0.0003311206066853867
2025-07-25,0.005539461321613093,0.005255763126213564,-0.0034017999397149,0.006980273141393267,-0.007430997877233891,-0.003211384673085238,-0.003520173300037732,0.009848202645023063,-0.0016673614003452908,0.006796312495700452,0.004224330884976979
2025-07-28,-0.0023554145334208076,-0.003105911584694643,0.005833045281714355,-0.0011385707589237626,-0.012358882946970962,-0.007517372078636564,0.00942028985480059,-0.001867435158501296,-0.007098121085660547,-0.012297821146906363,-0.0002511379690018911
2025-07-29,0.0001365853658250593,0.01646069166059405,-0.00764637656256717,-0.004157167761857816,0.011370472867552328,-0.003182483610058684,0.01292175161506437,-0.006675289878645629,0.008550602746546065,-0.001251860874059374,-0.0026376110778564277
2025-07-30,0.0013071385371554722,0.003984674329249538,-0.0035496298861520392,0.008719364395447293,-0.00505621319408045,-0.02381712534361391,-0.008681785967258215,0.009464015812060467,-0.013342599026644697,-0.017141502083488414,-0.0012593268898611898
2025-07-31,0.03947470968743483,-0.02355874421213766,0.017029410486989027,-0.011313953876420091,-0.015066363745218636,-0.015763997906636962,-0.0023235031281901852,0.008983691145366901,0.000986054373349532,-0.007755144245718992,-0.003751221511129499
2025-08-01,-0.017600749765725787,-0.014434601354578747,-0.08269616846781436,-0.023190656224652995,0.01572174335309673,0.0011962517447781096,-0.01791472590433174,-0.02130039724215349,-0.009287925696002675,-0.021293594553175033,-0.016390330338046266
2025-08-04,0.02199919864150801,0.03124834769737106,-0.014435389988358582,0.016898780108232758,0.022171756409631982,0.0007301692660535153,-0.02070412258300869,0.01168676666116375,0.001846590909195145,0.020337178349421725,0.015199768384620338
2025-08-05,-0.014730042565815116,-0.0018970467597299034,0.009922041105598911,-0.00982124651651095,-0.0017539756783221394,-0.0016582647913023774,-0.0012107665080594021,0.0012220428868543465,0.009215936479980202,0.01739251426174593,-0.005069949458958001
2025-08-06,-0.005324490762625089,0.0072943956438977775,0.040046783625731,-6.864124653116477e-05,-0.0008785287566305255,0.015613580493136547,-0.006807161507281334,-0.014992054901815655,-0.008991289688294324,-0.011727297592917463,0.00765960157319312
2025-08-07,-0.007810416428698064,0.0021928706205864845,0.00368854302550492,-0.015136433842387165,0.005510287824494364,0.0041214182907405306,-0.0052577222793736,-0.024782568035090158,0.028919761837563174,-0.0016952084412822366,-0.0008375738802856025
2025-08-08,0.0023039705091947305,0.024933848972318984,-0.00197194460628336,0.006342789433177121,0.010493791173658451,0.00013030164841687508,0.008022652194559443,-0.001438434982729886,-0.0023422430421846663,0.0006237870805798629,0.007797548438209345
2025-08-11,-0.000517201746967455,-0.002085195114745031,-0.00624186088284151,0.0027704668239032504,0.0028269774415876636,0.009575923393004393,-0.009082397004586906,-0.01915874387794425,0.0005524098880584916,-0.01658931911067474,-0.0019774631972093726
2025-08-12,0.01431665293144646,0.011641791044537664,0.0007681879801173519,0.011362066583722186,-0.00598320101246963,0.0007097690020065883,0.002834734952617879,0.010207078866354191,-0.008143547273898655,0.01873569290383048,0.010645993206593651
2025-08-13,-0.016363086690336037,-0.006786662732282678,0.013952228292771096,-0.007922144442546242,0.009491839333416241,0.0020633180736506773,0.01385093752922284,0.0023987788034909308,0.006123016978028639,0.01707747087499456,0.003423112231394354
2025-08-14,0.003649775250611942,0.004852446029055768,0.028589241182757297,0.01249440677387037,0.0017199862396348742,-0.010745769255576243,-0.002044609664961894,0.009185400048205894,-0.0008298755192707175,-0.0069338227798512175,9.303912298075367e-05
2025-08-15,-0.004421221864994496,0.004730462205430497,0.00021646895835147895,-0.01247620342676059,0.010989010989516323,0.0040327826197896766,0.0009312721175003258,-0.02325748502985092,0.043881506090673206,-0.0058527569565381965,-0.002341266764829264
2025-08-18,-0.005901916681099961,-0.0019617459536740434,0.0019910834090810514,0.0035801576645988487,-0.0022078804350470493,0.008810572687394824,0.0021598272143048547,0.011893376492708496,0.004110860629011226,-0.007987330441231122,-0.0002175805048562074
2025-08-19,-0.014175207890097297,-0.009484029484123302,-0.015033046783878401,-0.002984255479622999,0.008794326241141404,0.01721037760095756,0.006559220388960618,0.008360798759219357,0.0104331748542692,0.0072187131253156345,-0.005425151562260866
2025-08-20,-0.007944759401308343,-0.011162375353687137,-0.01842024472610848,0.00543590449299769,0.005849268841324307,0.007007575757489226,0.010333271272579658,0.01081496791565062,-0.004313161677938604,0.00740817311034192,-0.002657038808296819
2025-08-21,-0.0012852962113019117,0.002157334938746036,-0.00831062061570087,-0.0026348206952018227,0.0005032431224929468,-0.004889975550044889,0.006449829539388219,-0.0064195534842316215,-0.001312680492700613,0.003933372096955878,-0.0040118474871236876
2025-08-22,0.005929716008250763,0.031739674593223244,0.031043027708943516,0.01636532061622442,0.0020119599843713143,-0.0003780003782936081,0.018767737801191453,0.04254708176779798,0.0031545741320406773,0.01969201417285471,0.015356777594181414
2025-08-25,-0.005855331900742167,0.011645397641934174,-0.003932878867330958,-0.00452335943834592,-0.004908249205182846,-0.015882019285310967,0.0041337167505373085,-0.007735212431422056,-0.01310272536636592,-0.01713999331799798,-0.004400985572820648
2025-08-26,-0.004402490778471546,-0.006475130701451226,0.0033780819513906657,0.012444896575165787,-0.0034751415279434816,-0.0011527377517378534,-0.002237336674201562,-0.0024057367568358634,-0.006372809347251263,-0.0006798789813974304,0.004186965928290709
2025-08-27,0.0093618038402008,0.0016414019502799526,0.0017926631979361396,0.0023780018084884613,0.0016998130203689232,0.006347374495069724,0.011301462014001507,0.0032694894031355393,-0.012693746660153438,0.00210905874735845,0.002278504557110095
2025-08-28,0.005722855902453361,0.020050125313302747,0.0108240223463687,0.005981021117533292,-0.007579614231267184,-0.008346075433476208,0.005321507761285149,0.005177155799969135,-0.016693733929019627,0.0014596557927837317,0.003541437916462664
2025-08-29,-0.005788399654710563,0.006000756000825502,-0.011226252158894612,0.0011625203438694331,0.009803362781436453,0.008930292322504974,0.008292898102541857,-0.036490308339512945,-0.0005548619772550722,-0.0030845366414347097,-0.005963755162303186
2025-09-02,-0.0030985415143891526,-0.007327039594201112,-0.015982532751091738,-0.005706323402386637,0.005023423830208262,0.006049414161775957,0.003499868755116653,-0.0071353570065945116,0.008327550312699161,-0.006528169732564537,-0.007410278273016879
2025-09-03,0.0004553373455813414,0.09136503430314091,0.0028845300434898746,-0.0006339673006896529,-0.0003369650679152514,0.0011393126149552568,-0.024239253640471747,-0.002235308256120394,-0.014039917413229297,-0.0031144118551493793,0.005419588611048187
2025-09-04,0.005184525576316101,0.0071100320815580265,0.042878003451480184,0.014390170611901842,0.00426966292084785,0.006448757665601157,0.004378518453146407,0.012285604162452834,-0.010610079575558706,-0.00449739082660594,0.008357411377262647
2025-09-05,-0.025533003917538655,0.01162290142097433,-0.01421418873048197,-0.03107102889873714,-0.0018460505703820074,0.005213895345675734,-0.02820284697583686,0.006805958783604904,0.0004233102861710414,-0.00037934958796725926,-0.002896228740438822
2025-09-08,0.006464646464673374,-0.0031914893617626117,0.015107820772177538,-0.004993545756931228,-0.001681331614442172,-0.0063117110361924356,0.00567609631061794,-0.0007090857522183969,-0.01593794076070454,-0.003277444283548925,0.002456584883508528
2025-09-09,0.0004215174626904794,0.023884806016037707,0.010176390773405819,0.0168652487109473,-0.0065682366814543425,0.0028300106910814637,0.007282658170637113,-0.01109323998285039,0.004299842339328563,-0.0061264753727745536,0.0023118536442110482
2025-09-10,0.0039325053671119825,-0.0019196260902800688,-0.03320181329751515,0.009031391640197173,-0.006611663652609123,-0.013232158535317229,0.016719385449260438,0.011528618239963873,0.013843299557097843,0.001253743818151909,0.002890840035049358
2025-09-11,0.0012790535003748271,0.005017351674710291,-0.0016498067989407783,0.016703267452030435,0.015416121508560865,0.008134731490734515,-0.0031999999997204265,0.02002790191770676,0.003941441441349447,0.02441739130449383,0.008310206835240308
2025-09-12,0.01774415680336583,0.001788908765361974,-0.007827788649706346,0.004418117554707779,-0.002464985994109714,-0.004601903801299656,0.00017834849319431356,0.0003245398489408746,0.004486819966862399,-0.0057721037620493965,-0.00033453461668275786
2025-09-15,0.010707981957127188,0.04489202657818114,0.014376506684198986,0.0064839855331224605,-0.0037066157476409733,-0.00677644078567452,0.0016940085591796716,0.010242862439785672,-0.0019542155227261215,-0.011269722013412586,0.005323922666228498
2025-09-16,-0.012263272275650716,-0.001788482175004158,0.011320917772112526,0.0009388151506164455,-0.005298759864668767,0.00777912389224289,0.020738762794720422,0.010850116988581737,-0.023356643356668427,-0.01578474716797551,-0.0013768894404507792
2025-09-17,0.0019251925193728425,-0.006489886924553989,-0.010382396923734327,0.008279698566961091,0.004193584948518847,0.014425814615750543,0.0053191489356787525,0.022670025188763487,0.006873836460025817,0.01993332163532946,-0.0012424242423616505
2025-09-18,-0.0030783106545358985,0.010018835410542826,-0.0016837924186167141,0.0047473937450783765,-0.017155756207973605,-0.01877377908076694,-0.011796339664956412,0.03616917410039777,0.006826909401274284,0.006262257853678843,0.0046724718589346015
2025-09-19,0.01864490117025941,0.010673332539996139,0.0010811745880725532,0.004948440443234281,0.011655948553454198,-0.008136282735595746,-0.009742824541360662,-0.0008994346410986509,0.004096623817710476,-0.007864592237902146,0.004939319904575967
2025-09-22,-0.006719054698570925,-0.008597675879381428,-0.016632106445481187,-0.007433763263236193,-0.011237868210878244,-0.01903358113296605,-0.007090941321941546,0.011917520469795884,0.017867191896181245,-0.009167671893920981,0.004731053186781464
2025-09-23,-0.010146758674305145,-0.003445135231543772,-0.030400210868514632,0.000960184355480509,0.013604270707938237,-0.0037237865034418505,0.017229066237854473,-0.001779284050021146,-0.0004146510018093741,-0.037949146057227545,-0.005443584668046286
2025-09-24,0.0018066492547574864,-0.017960740682066656,-0.0022654161569480857,0.0021743301143368754,0.0006229471060545944,-0.0005245901636666828,0.005353225098233105,-0.003119297203297955,0.020879424777803246,-0.015547038831300708,-0.0031814960571134865
2025-09-25,-0.006115848279849678,-0.005462490895678962,-0.00935470687071438,9.571820561116162e-05,0.005886015054506144,-0.001771421073711421,0.008990921787648709,-0.012920666680710013,0.011106596235431754,-0.023872484207459688,-0.004613522916260937
2025-09-26,0.008737155592293933,0.0030513853288893777,0.007471922988769197,0.00832668687199023,0.011140494008189616,0.0023003614854706367,0.01410156588007605,0.004399206417464052,0.01607501674422873,0.003762510346877912,0.005729047944603272
2025-09-29,0.006139287529920212,-0.01009978096873354,0.010874510874510745,-0.0011706637981157009,0.0106282343775006,0.006754098360836069,-0.025592902235206383,0.012560116798545407,0.004746209623954112,0.01386910563005217,0.002810431839523009
2025-09-30,0.006509910610114744,-0.003892644949441082,-0.011702750146284302,-0.0008235927651267794,0.02092280585818762,0.0007816062006786861,-0.012869900193208106,0.01174699433854709,-0.009447579057263678,0.008281573499030914,0.0037668756027753325
2025-10-01,0.003398011390967959,0.007404360345166783,0.004827617616250057,-0.014963700345582698,0.003397691727044405,-0.0030589000976537495,-0.006740576496593764,0.007691501624111918,0.04212478473880377,-0.008176884717017385,0.0034074874657241683
2025-10-02,-0.007638875526661426,0.0032258064517463048,0.008067805828763097,-0.010170255221821023,-0.00037624294540061776,-0.007376942159564637,-0.006250558084743285,0.02027785865815801,-0.006228549637258718,0.007071082992356148,0.0011519186176787155
2025-10-03,0.003121728002482227,-0.001383857706783953,-0.013038982060159188,0.008063729474927284,0.014302613184187685,0.0014468924700283825,0.017701500583298113,0.014839880139351225,0.024047070861742847,0.0032150776053214702,-1.4942769097969766e-05
2025-10-06,0.021687445636384695,0.02070511514152895,0.006332285545077809,0.0020965712994069907,-0.0025445292623307303,-0.01221514415184699,0.008299487904172453,-0.004961333734966211,0.025605795653271368,-0.0019154971084139882,0.003586318196063143
2025-10-07,-0.008683807253451414,-0.018647925567889856,0.003983703033046515,-0.004819199171853694,0.0038796768708384555,0.014161292466949416,0.0005253940453380235,-0.01750171585445781,0.013396663013709231,-0.00022144307059945856,-0.003707508822104244
2025-10-08,0.0016603687163299075,-0.004638671874891198,0.015510866624582897,-0.011895089213260102,0.004235269204345027,-0.012127966435335091,-0.0021004726064531853,0.03166156438120393,0.009974762648971014,-0.008527446565039676,0.005963055954153917
2025-10-09,-0.004668000381161996,-0.01263183713515248,0.011189059586182548,0.004933723645698329,0.007327745268816965,-0.0007299754458225394,-0.009735134186963257,-0.003505138214044745,-0.003926701570631019,-0.02185568545713612,-0.002897000490349355
2025-10-10,-0.021898928024388753,-0.020535751252596546,-0.04992535347325899,-0.015186724707777155,-0.0018840276327195538,-0.0059104794794888615,-0.01930741298327332,-0.018106962986598973,-0.004300561463141617,-0.021430474667731625,-0.027027832409505792
2025-10-13,0.0060474401126007216,0.03204125628763932,0.017100337385034914,0.023530193758579454,0.0009437919461985356,-0.014697040550186169,0.01363677413545572,0.027396702625715807,0.01139772045648546,0.014703594211907589,0.015344093595862418
2025-10-14,-0.0009337613072404327,0.005324595535746157,-0.01672195210614813,-0.019125239471655675,-0.00026191723412349877,0.01132280154592702,0.0004454739835417776,0.04499167921391378,0.004033214708840882,0.004370160239236753,-0.001221645752944478
2025-10-15,-0.00027260159278930107,0.022733754328507993,-0.0037894542261657227,0.011950476695222756,0.0016767094580292241,-0.011665325824695039,-0.006055748508206338,0.012474643107631467,0.01358695652242603,-0.01751908396953583,0.0044395451731917834
2025-10-16,-0.0035447870204557974,0.0017129426762956257,-0.00510275084659273,-0.023389708528412156,0.004969398964225213,0.014787681453949597,-0.008690977510191988,0.01293886340220074,-0.008625713952385983,-0.016432928013446535,-0.006810289099024036
2025-10-17,0.0038505893160121207,0.007317267160007912,-0.0066675991980230664,-0.0032826421921356985,0.005725588173919771,0.012032085561890948,0.01446131597961764,-0.02565808932254121,-0.0061140505590400185,7.899518126608385e-05,0.005676313877413186
2025-10-20,0.0062502433894553455,0.012830635609868635,0.016147202403304473,0.016131200430252735,0.002587723838338496,0.0036988110959033094,0.004098360655733879,0.010643545571772828,0.0028392286756218077,0.003988941547989011,0.010400517768198503
2025-10-21,0.0016834691073408514,-0.023738062756001876,0.025637472283813745,-0.017429554173666317,-0.009498244890001728,-0.0022374309025740002,8.873114429430728e-05,-0.012293384540002172,-0.009201368407645738,0.0019668777783261593,-1.489646944097256e-05
2025-10-22,0.00556349727624772,0.004910963826655568,-0.018375895149304156,-0.010030630448713218,0.005524286012511981,0.003825352856076547,0.017744654422924278,-0.020470790050606258,-0.013692106203800236,-0.006124612304438393,-0.0051989453142951
2025-10-23,3.8421639042107714e-05,0.0055226667726278045,0.014406974076623058,0.0014620380127667865,-0.002435990463601212,6.570302205188838e-05,0.011071397437066421,0.012823256990581067,0.004949299854895228,0.0070314043060974996,0.005929919137518169
2025-10-24,0.005859074842596401,0.027027027027187733,0.014111900131168253,0.02003123514644556,-0.010754922844924186,0.008782602982449372,-0.005087083980166662,0.004284341978789463,0.01393393393414577,-7.84529086140795e-05,0.00817256162911173
2025-10-27,0.015106663356298844,0.03597260695595872,0.012309888051380335,0.012348555451884069,-0.0005252100839721052,-0.004918355301847477,0.00476644423230943,0.008302565377879434,0.019192038857948512,0.0033345102189206166,0.01179771133262797
2025-10-28,0.019848735701328835,-0.0066847402236063225,0.01004538044675507,0.003978300180927707,-0.017708880714736086,-0.0024383814416284455,-0.007848887354967471,-0.004932931109585259,-0.02859467627548662,-0.005200187675714507,0.0026560037358995814
2025-10-29,-0.0009592857010360945,0.026545033087561842,0.004580152671755711,0.0004912234739662402,-0.0017653667151532604,-0.017176455044247807,0.01234460575458285,0.11634602551142015,-0.021658489888080612,-0.02393585662068487,0.0004803073967258875
2025-10-30,-0.029157049210698283,0.025166624176239383,-0.03230568823273994,0.01286373604794,0.013129689174816717,0.005444646098068384,-0.015113782739329173,-0.003996652376738741,-0.0014677103721442153,-0.014818394137199542,-0.010998123336193544
2025-10-31,-0.015120967741871216,-0.0010302685802678901,0.09584492506506326,0.005429162357656114,-0.0009521290662732884,0.005281454739705982,-0.002877321475104555,-0.010100317242513479,-0.002939735424462575,-0.00846072100051709,0.003280231822768709
2025-11-03,-0.001506344025784312,0.00899747501680559,0.040045860289902535,-0.005689123167844534,-0.01381902896172782,-0.01562811731032754,-0.005246589716524586,-0.011554585455410549,0.004668304668288048,-0.013314646110666684,0.0018766677417423328
2025-11-04,-0.00522213411221728,-0.021782038629644562,-0.018425196850393677,-0.00032325844503988677,0.003221303554344024,-0.005742467234131188,0.003340365682095836,-0.040326679402031274,-0.0011005135723017867,0.005890708556209434,-0.011853542892147906
2025-11-05,-0.013940466237580607,0.024392880305584175,0.003529600513396458,0.007857720291041259,-0.004602376110465434,-0.009376911055223758,-0.004030138426490915,0.03939150443772399,0.0055086301875681976,-0.013332225775608553,0.0034654345121289953
2025-11-06,-0.019835949207430814,0.00154760648584773,-0.02861710631494807,0.005582648870759543,0.00521505376337994,0.002332121544957211,0.0072132301193534865,0.0011069138189270245,-0.0017044071103979874,0.0893668967838881,-0.010729360370754781
2025-11-07,-0.0005632669481326902,-0.020790166813037025,0.005636932192231825,0.0025205794140104043,-0.00213938064959851,0.005816738520467046,0.023755458515703376,-0.011723823230080144,0.023536585365529383,0.0036709300976545123,0.0009846190568378876
2025-11-10,0.018477517007996047,0.04041889323257375,0.016325027617527965,0.008529327519773755,0.009862250094291536,-0.010069397196996066,0.008530967411735535,0.013763097140760516,0.010008340283339745,-0.005043505043303309,0.015604274408691277
2025-11-11,0.005296442687851899,0.004170975525685794,0.0028180354267310914,-0.004007699832790368,0.028767050581063325,0.020893470790394497,0.013195736761390187,-0.005115179118810653,0.011678659904345468,0.014704175211816217,0.002289269781708514
2025-11-12,0.00483604623731182,-0.015790738388787418,-0.01967081493376155,0.015176478043467778,0.002889129649354505,-0.003568062474761602,-0.013858741024910026,0.008962372123258566,0.0015158582087904104,-0.0025931434239668816,0.0005563689604322075
2025-11-13,-0.015357827601110152,-0.028391057165749967,-0.027108927108926983,-0.03411254330403535,0.004424095889715707,-0.0003378150129037527,0.005672197765189679,-0.03397787162740529,-0.02212131796474326,0.00565857388679758,-0.016593988703282214
2025-11-14,0.013689920324381655,-0.007753885917409109,-0.012164323596262405,-0.01896729998704516,0.003482714468746817,-0.0019599891861280527,0.0128798720426202,0.000867130340466371,-0.001309679724576518,-0.014028818005657584,-0.00016368073328687505
2025-11-17,-0.005272648869018237,0.031149379544760603,-0.007754910733307696,-0.010671585257534089,0.018629102230298233,-0.012527933906464672,-0.013496521082484225,-0.0035738136924582387,0.02229375298059355,-0.02409963754163036,-0.009316446653609867
2025-11-18,-0.026995605824876034,-0.002596309030687305,-0.04431657147764845,-0.003196058194707696,0.002104419280755332,0.008023590728232666,0.011471787899417496,-0.009365093741369956,-0.012944606414166504,-0.0036745821643651144,-0.008397554343796632
2025-11-19,-0.013507766459428527,0.030005628253752414,0.0006290721186250625,0.012892020974496932,0.012550000000064454,0.0,-0.01411408888557164,0.011391895845532796,-0.004371455575808203,0.00432265228436246,0.003863168100883163
2025-11-20,-0.0159714238789761,-0.011475017929896691,-0.0249225380573892,-0.016124245721470976,0.0027652955406369806,0.008163820668116495,-0.0028121005534240684,-0.012619551264827611,0.0003559985757792816,-0.008529121421743335,-0.015242292078474828
2025-11-21,-0.013188972263593168,0.03527379512888551,0.016348899327622846,-0.0012065151819975473,0.004087260550575067,0.018422295701321145,0.0005127328656937546,0.007873583212786306,-0.003007117438312168,0.025010952248346152,0.009961227836157382
2025-11-24,0.003982038464786397,0.06313822331953611,0.025329647922425202,-6.710958994238236e-05,0.01054438450247952,-0.026106546514423457,-0.00948069695956566,0.016659702414602684,0.008984187829975898,-0.0030695108211068467,0.014718601581130919
2025-11-25,0.00630801687781668,0.015255194927582982,0.01498143892522541,0.016778523489834773,0.009318126668185656,0.0102735065990458,-0.012589462791392392,0.012526804860657714,0.007123352725119103,0.009158936783810745,0.00940588877434756
2025-11-26,0.017841044885606117,-0.010790254761156248,-0.0022205773501109416,0.015313531353025711,0.004306382155053967,-0.0016162704553814855,0.0022705440566335167,0.012565962478458648,0.008369680537171797,0.00011586143008313066,0.0069034991555327885
2025-11-28,0.013408856848626804,0.0007188623222593726,0.017716879036481004,0.0176830061112212,-0.0030834457507284974,-0.0006070826310048405,0.010020040080356285,0.0035382496994376123,0.00876782791610653,0.008070744516446071,0.005458451035825096
2025-12-01,-0.010711164407338325,-0.016521956399707882,0.0028299459737586297,-0.013287338699356166,-0.007635801275557075,-0.004859611230852101,0.006124913733268844,-0.013373627900578278,-0.019005678525972236,-0.0007278299177750913,-0.004565475058304069
2025-12-02,0.006697620906429114,0.002921655181262528,0.002308876346844402,-0.0033665673961670306,0.0003895977400985018,-0.010716223548779213,-0.010717654119545061,0.02536703869311019,-0.0008269344354004948,-0.015678908226597676,0.0018522057419283477
2025-12-03,-0.02504081632648192,0.012095880434333184,-0.008702329152802668,0.013804079511566592,-0.00043812676447541055,0.005827505827478818,0.020974172300516347,0.015485776091458625,0.0043745566324786544,0.013942438758287379,0.0034627969420895077
2025-12-04,0.00650995332084392,-0.006288521102510214,-0.014071778982700622,0.012719059366273378,-0.013880095456460295,-0.009201826732886387,-0.005602716468509628,0.012950345737133606,-0.018363743377907804,0.00487804878073228,0.0007311117285089264
2025-12-05,0.004824889776220642,0.011491719665094546,0.0018331805682858526,-0.0033533691870250015,-0.00271631766081204,-0.013139790864049372,-0.005122076148598831,0.0067095051321617305,-0.003117879842225224,-0.0035547741001485944,0.001899501746088994
2025-12-08,0.016267902972233683,-0.02284682665670179,-0.011501764475232101,0.0005396140172833075,-0.0015351854603274928,-0.035622168003130894,-0.004805217092404113,-0.011058242286570152,-0.031035727173516214,-0.09451839349384539,-0.0030042730679411545
2025-12-09,0.0020365769214869545,0.010710187428212725,0.004539644761778927,-0.04663557628246007,-0.00823331018743978,0.009324851814755286,0.019572340057931292,-0.003587594300006547,-0.011297330851006815,-0.022410506249003426,-0.0008630399485628493
2025-12-10,-0.027356611519897323,0.009871325848293644,0.016935766935767038,0.03194569232287914,0.03290658131640156,0.0013607390959093912,0.010909090909605235,0.035315297126305545,0.02046710195896151,0.02578436470814327,0.006632115249469939
2025-12-11,0.010259946506199213,-0.024296555385579954,-0.006471654154801998,0.023443294314984042,0.01680061973458513,0.006722929481066009,0.0,0.016673437880857067,-0.0007382798075896702,0.029656541759873534,0.0023270357927072105
2025-12-12,-0.010217800484109918,-0.010050251256013887,-0.01776098662497827,0.0035919087529054927,0.007475834484228949,0.014776925262984353,-0.006023088506240226,-0.04430875465554096,0.005418051963199666,-0.0029951175483090564,-0.010752064076965717
2025-12-15,-0.007752909953358089,-0.00345953635745333,-0.01613687607763392,0.004709280421956619,0.012241232630696874,0.01603192383030949,-0.008921057060714443,-0.013597818996767375,0.0,0.008271604938303811,-0.0015107955879321011
2025-12-16,0.003306516153609218,-0.0053533190580487,8.987148377825882e-05,-0.013967877007568852,-0.02273894569735102,0.0005512299323047198,-0.026154891304544958,-0.0014073521431499092,-0.004041641151254716,-0.011264846332591616,-0.002732360847961912
2025-12-17,-0.0005667625265245446,-0.032129693055210296,-0.005796189791516859,-0.0018063698304501274,0.0049211657906200745,0.017905102953964747,0.023805371468698988,-0.04591377583088685,-0.012666010821139051,0.017048503611871935,-0.011003579477572578
2025-12-18,0.01650844324952283,0.019344836882964955,0.024811316491164526,-0.006286113404263327,-0.009603955688816113,-0.015492862458727608,-0.007409931011392201,0.007012048621750422,0.006974716651631185,-0.010674567740862062,0.007551385165254221
2025-12-19,0.004008430100388649,0.015539244858942647,0.0026018698183101208,0.013450479233331425,-0.009313043060705128,-0.007284222100072735,0.001287111721398393,0.018362405669497317,-0.016202844774349967,-0.015548717948692503,0.009037160554078438
2025-12-22,-0.0020579519262197143,0.008529756478631967,0.004750384869144586,0.018536616121934246,0.004603382274676715,-0.012252526650939455,0.012511783357779693,0.01074242476836118,0.006286145336926285,0.020086681113683946,0.00622988877299635
2025-12-23,0.003980037944412151,0.01475240493261576,0.016241299303944245,0.00879012039971716,-0.00742813042645496,0.0034340178009300004,0.010749047820660218,1.7170034760427555e-05,-0.0031234382814747663,-4.085301085243742e-05,0.004570477344689294
2025-12-24,0.0024032042723236557,-0.0008271035470649446,0.0010338588782632385,0.00994078483122185,0.009719117504204622,0.009149322531047055,-0.0016747613472084533,0.0023007451667964585,0.008271713247269608,0.004371450749396155,0.003517646374765482
2025-12-26,-0.0006352198679114851,-0.0018466044763441047,0.0006024614854980292,-0.0038278093385325507,-0.0007219174126411598,0.0017302235448326542,-0.0009226639818277205,-0.0013019048924707288,-0.0004972032315129216,0.006426944354282149,-0.00010139343548420943
2025-12-29,-0.0012507432695558762,0.00015948454593517347,-0.001935317392052327,-0.012686407855796666,-0.0003371381787158345,-0.0011745198287941294,0.011921753000760482,-0.007530017152666768,-0.0017410769806659454,0.001737935494102505,-0.0035636163463093062
2025-12-30,0.0007801272839493834,0.0009248628652811508,0.001982160555004997,-0.001019305019499983,-0.0031316245906142237,-0.0035968734863945917,0.0038164772256621404,-0.002108501408554786,0.0032390681442755476,0.003913657454375885,-0.0012211964817550047
2025-12-31,-0.007918273570214573,-0.0027083001434887732,-0.007353889820668313,-0.0037103456804805646,0.00019332076761280348,-0.005137105171865941,-0.005372344822028197,-0.007828330937479144,-0.003104433129857087,-0.00723414516550458,-0.007408916900733531
