date,MSFT,GOOGL,AMZN,JPM,JNJ,PG,XOM,CAT,NEE,APD,SPY
2014-12-31,39.3430609451,26.2813610623,15.5175,45.824294368,75.7872616543,65.4917124624,56.4927181345,68.6590608152,19.5402081777,109.0332888589,169.6301889109
2015-01-02,39.6056303507,26.2263874242,15.426,46.0512923107,75.7510240806,65.0243767164,56.7249218435,68.9216050224,19.6137436305,109.9404506604,169.5394069669
2015-01-05,39.2371861847,25.7266721016,15.1095,44.6216314516,75.2219555044,64.715216146,55.1728233679,65.2834924369,19.4060059765,106.4251986796,166.4775795812
2015-01-06,38.6654624788,25.0917513448,14.7645,43.4646378698,74.8523322526,64.420435137,54.8795134198,64.8634217054,19.4813798155,106.3874002712,164.9095278203
2015-01-07,39.1567213668,25.0179579027,14.921,43.5309623427,76.5047656137,64.7583548303,55.4355801965,65.8685909558,19.6597032884,107.5364718864,166.9645009174
2015-01-08,40.3086387594,25.1051233108,15.023,44.5037212777,77.1063093373,65.4989022431,56.3582844083,66.5437046315,19.7791983991,110.0236071589,169.9272934551
2015-01-09,39.9698395263,24.7985586084,14.8465,43.7299357612,76.0554196997,64.887770883,56.2788462973,65.7485707468,19.6045516989,108.3755965528,168.5655642943
2015-01-12,39.4701106575,24.6172941801,14.5705,43.3540970817,75.794509169,64.6505081197,55.1972658636,65.178474754,19.5549152683,107.6271880666,167.2450996536
2015-01-13,39.2625961272,24.8520464725,14.737,43.3614664676,75.9249644344,64.9237197865,54.9956152743,64.7884090747,19.6321274936,107.0602119406,166.7746841253
2015-01-14,38.9237968941,25.0565880267,14.6635,41.8654811357,75.374153314,64.7008365846,54.8367390524,64.5633711829,19.7534609906,105.7826257368,165.7678298368
2015-01-15,38.5214728048,24.9614984906,14.3475,40.5242529071,74.279778588,64.6073694354,54.3601103867,63.7757385612,19.6780871516,105.4273206979,164.2492954999
2015-01-16,39.1651913477,25.280692272,14.537,41.216975179,75.403143373,65.6067489537,55.6800051532,63.4278158888,19.8950167372,105.6163127399,166.4033034451
2015-01-20,39.2922410601,25.255186485,14.472,41.0548486899,73.410076819,65.5636102695,55.6616732815,63.5110147888,20.0255421658,106.8787795803,166.7581783173
2015-01-21,38.8941519612,25.7727310957,14.8625,41.1874976355,73.8521752182,65.6956146433,56.1383019472,64.5699098787,20.2020272523,108.1790448291,167.5999745258
2015-01-22,39.9190196413,26.6102123747,15.516,42.4402932337,75.2002129602,66.3400442369,56.7493643391,65.6666226505,20.1395221175,109.101325994,170.0923515352
2015-01-23,39.9613695455,26.840507345,15.6195,41.7696791194,74.0696006605,65.2249638165,55.5394608031,64.7514347513,20.1266534133,108.4511933696,169.1597733827
2015-01-26,39.8173798714,26.5814874107,15.483,41.8360035922,74.1130857489,64.8629247189,56.0710850841,65.0691032783,20.1762898439,108.1639254658,169.5559127749
2015-01-27,36.1329382113,25.8123517357,15.3375,41.4159485976,73.9898779983,62.625523096,55.5761245466,60.3948378097,20.4465326327,107.2340846193,167.3193757896
2015-01-28,34.8878510296,25.3785057271,15.1955,40.3473876462,73.5477795991,61.6552583145,53.7429373708,60.5158543914,20.2075424113,104.9510607521,165.1736207484
2015-01-29,35.5823894575,25.4181263672,15.589,41.0253711464,74.2000559258,62.031778976,53.5168442858,60.5082908551,20.5274216307,111.1197610024,166.7004079893
2015-01-30,34.2187225442,26.6225938248,17.7265,40.074720369,72.5766126237,61.0325510667,53.4190743031,60.485600246,20.0825321416,110.0765249306,164.6041703721
2015-02-02,34.9640808571,26.3576307944,18.2235,40.8779834289,73.0766911409,61.6335359687,54.7389690697,61.1436279091,20.2351182061,111.6413790382,166.6426376613
2015-02-03,35.2351202436,26.4121091745,18.1775,41.7991566629,74.2580360438,62.2345208706,56.3705056561,63.473197107,20.2663707735,112.1932358008,169.0524856306
2015-02-04,35.4383997834,26.055523414,18.2375,41.5485975432,73.4608094222,62.1186683594,55.8877663665,61.9831804447,20.119299868,112.2007954825,168.4087591182
2015-02-05,35.9550686139,26.2402546483,18.6945,41.8360035922,74.2580360438,62.7775795169,56.4377225192,63.2084733345,20.1689362986,114.544296803,170.1088573432
2015-02-06,35.9211886906,26.4405865095,18.714,42.6613748098,73.2723740389,61.9883342843,56.3338419126,62.9361860256,19.4501272481,113.6371350015,169.6384418149
2015-02-09,35.8788387865,26.2130154582,18.528,42.6097891087,72.315702093,61.582850495,56.3707821368,64.0404623337,19.2148137994,113.2213525092,168.8791746465
2015-02-10,36.0821183264,26.7518561629,18.64975,43.0814298045,72.7288104333,61.8290370813,56.0321634149,63.4580700343,19.8233196707,113.6144559565,170.6783077195
2015-02-11,35.8957787481,26.6448804348,18.757,43.0151053317,72.7505529775,62.0100566301,55.7797385495,63.0874567528,19.3140866606,113.4027848695,170.7773425676
2015-02-12,36.4971473869,27.0415820933,18.8585,43.8994316362,71.3445351176,62.2924471262,56.8694751636,63.1782191891,19.3655614775,115.0734745206,172.4196704645
2015-02-13,37.1578058915,27.2966399636,19.0915,43.973125495,72.1997418571,62.1983169608,57.485145567,64.3883850062,19.0493590307,115.5194957396,173.1294202089
2015-02-17,37.1747458531,26.9920562932,18.7715,44.2900090874,72.7940380659,61.9014449008,57.2881310379,64.5774734151,19.0125913044,116.0108750488,173.401766041
2015-02-18,37.1320946991,26.8751754051,18.6685,43.7520439188,72.4461573583,62.4589851111,56.0321634149,64.1387883064,19.5769759041,116.3208219976,173.418271849
2015-02-19,37.1065040067,27.0633734453,18.94975,43.6488725166,72.9824734492,61.6987030062,55.0655608816,63.0042578528,19.3821069543,117.9915116487,173.294478289
2015-02-20,37.4093272003,26.833078475,19.183,44.0689275113,73.1709088325,61.4525164199,55.3610826752,63.8665009975,19.4133595218,119.185941354,174.3343441936
2015-02-23,37.6609690091,26.4963030346,19.007,43.7373051471,73.1125239062,61.8290370813,54.8008226081,63.1479650436,19.4850565882,118.0066310121,174.3095854815
2015-02-24,37.6097876243,26.6770722048,18.9295,44.8206048702,73.4920259269,61.9086856828,55.0532474735,63.9118822157,19.501602065,118.6718829999,174.8047597218
2015-02-25,37.5244853162,27.1069561494,19.2685,45.0564252181,73.8642298318,61.879722555,55.1640681461,64.4035120789,19.2203289583,118.7248007716,174.6562074497
2015-02-26,37.5799318164,27.6992847182,19.24,45.3806781964,75.0246302412,61.6697398784,54.5791812629,63.3824346707,19.1647681693,118.4072941411,174.4498848496
2015-02-27,37.4050620849,27.8647008904,19.008,45.1595966203,74.8129848835,61.6407767506,54.5114575185,62.7017163986,19.1610641167,118.0368697388,173.8556757613
2015-03-02,37.4306527773,28.4783255532,19.28275,45.520696528,75.331151104,61.8435186452,54.2036223168,62.7773517621,18.8054750668,119.541246393,174.9533119939
2015-03-03,36.918838929,28.6652854484,19.2305,45.6680842454,74.6889169152,61.6624990965,53.9450407474,62.6563351804,18.8795561188,117.9763922854,174.2353093455
2015-03-04,36.7269087358,28.6422559514,19.136,45.7859944193,74.1853469262,61.0759957584,53.6741457699,61.8167826448,18.7776946722,116.9785143037,173.5008008891
2015-03-05,36.7738250053,28.7960335606,19.3915,45.690192403,74.8202829993,61.278737653,53.4032507924,61.650384845,18.9147446186,117.0692304839,173.6906234582
2015-03-06,36.1340576948,28.373330857,19.0045,44.8721905713,73.0614370958,59.8523036087,52.7198566446,60.5536720732,18.2794995971,115.3683021061,171.2477580958
2015-03-09,36.5520390043,28.4327618171,18.928,45.3217231094,73.4628334638,60.1636572326,52.430491555,61.1209373,18.322096202,116.335941361,171.9575078402
2015-03-10,35.8525600782,27.7270191662,18.4755,44.1868376852,72.6381463804,59.0413360301,51.8763881919,60.4402190279,18.1480057297,114.9827583404,169.1680262867
2015-03-11,35.8099089242,27.5209918379,18.3185,44.3931804896,71.7550743708,58.9327243009,51.7286272951,60.2813847644,18.1461537034,114.3779838061,168.7718868944
2015-03-12,34.9910067668,27.7923932223,18.712,45.2259210931,72.8570898539,59.4395790374,51.8517613757,60.6519980459,18.616568384,115.8823604602,170.9176419356
2015-03-13,35.2980950758,27.3877674358,18.529,44.9532538159,72.4046066754,59.2513187067,51.6362767345,59.9258985556,18.6332366207,114.9071615236,169.8695231271
2015-03-16,35.4516392303,27.8156703483,18.6675,45.5796516149,73.7547580951,60.5039739843,52.1842233936,60.485600246,19.0703148279,115.3834214694,172.1390717283
2015-03-17,35.5667973462,27.6160813741,18.596,45.402786354,72.9008785486,59.9898784657,51.7655675193,59.3359427198,19.1277276432,115.3909811511,171.62739168
2015-03-18,36.2534809261,28.0395269646,18.75675,45.5059577562,74.0466827264,60.6415488413,52.9907516221,61.5142411905,19.7981611644,116.9331562136,173.6906176812
2015-03-19,36.0700809637,27.9162077225,18.662,45.1006415333,74.2145393894,60.3736399091,51.9687387524,60.5763626823,19.5351734296,115.0885938839,172.8983388968
2015-03-20,36.5776296967,27.9796007465,18.9245,45.5059577562,74.7327056099,61.3583862545,52.0487759048,61.4083516815,19.629626771,115.4438989228,174.4175417188
2015-03-23,36.5563041197,28.0004015826,18.7555,45.0564252181,75.1559963253,61.4452756379,52.5967225639,61.332716318,19.5833261134,114.8240050252,174.0776757804
2015-03-24,36.5946901583,28.6031305693,18.7045,44.5553069788,74.4115885155,60.7646421345,52.0364624968,60.8713406002,19.4166437463,115.0432357938,173.0995250308
2015-03-25,35.3663369222,28.0811286367,18.548,43.9289091797,73.2292937588,60.1057309769,52.2457904339,60.4024013461,19.1536560115,113.8941641786,170.5629646123
2015-03-26,35.1530811521,27.9147219484,18.3675,43.8773234786,73.0833314431,59.4830237291,51.9133284161,60.4175284188,19.0240141704,114.2721482626,170.1567833688
2015-03-27,34.9483556127,27.6131098261,18.528,43.8846928645,73.2292937588,59.5988762404,51.4577323176,60.2586941553,19.1758803271,115.4741376496,170.546385786
2015-03-30,34.9398253819,27.7906598193,18.7295,44.9237762724,74.1123657684,59.8957483004,52.7198566446,61.544495336,19.3981234833,116.8802384419,172.6270284822
2015-03-31,34.6796533423,27.4719612959,18.605,44.6437396093,73.4190447691,59.3309673082,52.3319842904,60.5309814641,19.2703336685,114.9651656144,171.1183552921
2015-04-01,34.7350998426,27.2139318775,18.51275,44.4742437342,72.3608179807,59.6061170223,51.9995222726,60.2360035462,19.4018275359,114.060825668,170.5132281335
2015-04-02,34.3682999179,26.808810833,18.6125,44.8971014311,72.718425654,59.6857656238,51.901015008,60.6898157276,19.3999755096,114.782777726,171.1266447053
2015-04-06,35.4388438841,26.9395589452,18.852,44.8600086507,72.3681160965,60.1274533228,52.4120214429,61.6352577722,19.5462855874,115.5807247375,172.2788731307
2015-04-07,35.4260485379,26.9846274232,18.7205,45.1419137819,73.05413898,59.656802496,52.793737093,60.9167218183,19.3147822997,114.8891706609,171.8229554084
2015-04-08,35.332215999,27.1817401075,19.06,45.2902849036,73.0979276747,59.9319522101,51.7532541112,60.8410864548,19.2684816422,114.7295812586,172.4032143277
2015-04-09,35.3833973839,27.1411289514,19.177,45.6018642592,73.9518072212,60.0188415935,52.1164996492,61.0226113273,19.2629255633,115.5503267561,173.1658403358
2015-04-10,35.5881229232,27.1668823675,19.1325,45.7724910492,74.4845696733,60.3519175633,52.6767597163,62.4748103079,19.4277559041,115.4515333166,174.1108334329
2015-04-13,35.6222438464,27.1718349475,19.118,46.0469776244,73.3825541902,60.4098438189,52.5413122276,62.1268876354,19.2147728794,114.4332009401,173.3233391853
2015-04-14,35.5284113076,26.7330363589,19.2555,46.7665775647,73.3606598428,60.5329371121,53.335527048,62.7773517621,19.3277464838,115.3907373538,173.6549157106
2015-04-15,36.0444902713,26.795438867,19.1725,47.6345486267,73.4190447691,60.4677700745,54.2282491329,64.4110756152,19.2944100104,115.7783116165,174.4341205451
2015-04-16,35.9634530787,26.9182628511,19.302,47.3378063833,72.8278973907,60.4605292926,54.0127644917,64.3203131789,19.2166249057,115.2007499701,174.3843840663
2015-04-17,35.4985554997,26.3843747265,18.778,46.618206443,72.6746369593,59.7581734433,53.520228169,63.511924135,19.1036513013,113.8784377797,172.3783460883
2015-04-20,36.5989552737,26.9682839092,19.4755,46.9149486864,73.1344182536,60.0043600296,53.7110859941,64.5185972841,19.353674852,115.0335610725,173.9533345834
2015-04-21,36.368639042,26.8887950001,19.559,46.2250229705,73.2001012956,60.1564164506,53.4894446488,64.000008086,19.1499519589,115.4591328119,173.7460992551
2015-04-22,36.6671971202,27.1985788795,19.49,46.6923920039,73.2949768008,60.1636572326,53.8465334828,64.7245077009,19.1295796695,115.109556026,174.5999088077
2015-04-23,36.9700203138,27.6086525041,19.4995,46.5885322187,73.3168711481,59.0941213305,53.8957871151,64.663497207,19.3129302734,114.4483999307,175.0392477038
2015-04-24,40.834214869,28.4109704651,22.255,46.4401610969,73.7693543266,59.1306217143,53.5448549851,64.5185972841,19.4555362986,114.038027182,175.4454289472
2015-04-27,40.9706985619,28.0375459326,21.928,46.2472786387,73.4044485375,58.8386186441,53.5694818013,65.0753180408,19.2277370635,114.7979767167,174.7159605916
2015-04-28,41.9303495276,27.9508757825,21.4655,46.5588579943,73.52121839,58.7072172625,54.05586142,65.7388071618,19.2795938,116.2418808327,175.2713512715
2015-04-29,41.8493123349,27.8032888983,21.4685,47.1820167055,73.2657843377,58.2911128875,54.0989583482,66.7302276874,19.0203101178,115.4135358399,174.5501723289
2015-04-30,41.491042641,27.1782733015,21.089,46.9297857986,72.3973085596,58.0429102778,53.7911231465,66.2573963598,18.6925014624,108.9995617667,172.801106158
2015-05-01,41.5038379873,27.2966399636,21.1435,47.1894352616,73.0760333273,58.6123162647,54.7023153436,66.6310856349,18.868443961,111.4086017918,174.6745135259
2015-05-04,41.1498334088,27.3798433078,21.152,48.0128949871,73.2365918745,58.6561167253,54.8623896485,66.5777014527,19.0314222756,112.1533523359,175.1718783139
2015-05-05,40.6038986372,26.8947380961,21.0595,47.7755011924,72.6162520331,58.4517145761,54.5545544467,66.3489121006,18.5480434108,110.5042618455,173.1658403358
2015-05-06,39.4779081708,26.5002650986,20.955,47.4194105003,72.3754142122,58.692617109,54.2959728773,66.3412857889,18.5258190952,110.6106547803,172.4529508064
2015-05-07,39.8361778647,26.8449646671,21.344,47.8496867532,72.7330218856,58.5466155739,53.9327273393,65.9142123317,18.6313845944,111.0970224826,173.1409720964
2015-05-08,40.7318520993,27.1871879455,21.6845,48.5841238057,74.0539808422,59.1014214073,54.7885092,66.5853277644,18.7443581988,112.4497326544,175.4205607078
2015-05-11,40.4077033287,27.0301911593,21.6425,48.5544495814,73.7328637477,58.5977161112,53.877317003,67.6987692779,18.5221150426,110.9602315663,174.5833299815
2015-05-12,40.3906428671,26.6810342688,21.551,48.4876825766,73.3241692639,58.3641136551,54.0263208758,67.233564262,18.5035947796,109.7975087782,174.0610969541
2015-05-13,40.6252242142,26.7186738769,21.3435,48.606379474,73.3825541902,58.1816117362,53.7407301196,67.4471009906,18.5573035423,110.1546850595,174.0942546067
2015-05-14,41.5592844875,27.1995693955,21.614,48.9995629465,74.3167130103,58.8167184139,53.9952784023,67.6758903427,18.7202818569,112.1837503172,175.9096360827
2015-05-15,41.1967496782,27.0653544773,21.3,48.8734474931,74.6597244521,59.1671220981,54.2312012009,67.4394746788,18.9165966449,112.8373069171,176.1002925847
2015-05-18,40.9536381003,27.0742691214,21.262,49.2740495217,75.4771134197,58.9408197187,53.9207764659,67.3327063145,18.9462290657,112.419334673,176.6473938514
2015-05-19,40.8512753306,27.2035314595,21.0855,49.7117443308,75.8712116719,59.0065204095,54.0076953917,66.5319435823,18.985121618,112.1001558684,176.5893679595
2015-05-20,40.8512753306,27.3634997937,21.193,49.3185608582,75.6084795038,58.7510177231,54.0946143175,67.0581590921,18.9869736443,111.8037755499,176.4650267625
2015-05-21,40.7139023997,27.576460734,21.5815,49.4446763117,75.2946605251,58.6999171858,54.1442822751,68.1258427351,18.9203006975,112.4649316451,176.9789703767
2015-05-22,40.2674403742,27.4630466519,21.3815,49.3111423021,74.5080437827,58.3641136551,53.7158961408,67.5920009136,18.9332648816,111.5377932127,176.556210307
2015-05-26,40.0012803206,27.1000225374,21.2735,48.7621691518,74.1184111906,57.7728074379,52.9895022609,66.9895222864,18.7110217254,110.9830300524,174.6579346997
2015-05-27,40.8770327551,27.4496746858,21.571,49.3111423021,74.3463094992,57.9553093568,52.8404983882,67.0505327803,18.8165872246,112.1229543545,176.3158173261
2015-05-28,40.7396598242,27.4462078798,21.3285,49.1108412878,74.3610126159,57.9115088963,52.8404983882,65.5939072388,19.0853156348,112.6245210474,176.116871411
2015-05-29,40.2330971415,27.0074092913,21.4615,48.7992619322,73.6185052235,57.2253016813,52.8963748405,65.067691729,19.0983788214,111.5301937174,175.0226688775
2015-06-01,40.5507720442,27.2000646535,21.546,49.0218186148,73.54498964,57.561105212,52.8529153776,65.2278442755,19.3204529938,112.0545588963,175.3791136422
2015-06-02,40.2846119906,27.4348169458,21.5495,48.9773072783,73.50088029,57.3348028326,52.8591238723,65.7159282266,19.0759847872,112.5865235707,175.2050359664
2015-06-03,40.2245113333,27.5011815179,21.8295,49.4817690921,73.5817474318,57.3494029861,52.741162473,65.761686097,18.7027508841,112.7309139823,175.6692431018
2015-06-04,39.8038067324,27.3228886377,21.539,49.2072825169,72.9495134145,57.0500998392,52.2879423599,65.1820864051,18.7307434269,110.8994356035,174.1854381511
2015-06-05,39.6149189524,27.2159129095,21.3475,50.0159051303,72.4790136807,56.5244943128,52.3251933281,65.6244124857,18.4321563044,110.6334532664,173.8870192784
2015-06-08,39.2629008169,26.9162818191,21.175,49.6227216577,72.0158655052,56.728896462,52.679077526,65.7006756031,18.3108552859,109.8431057503,172.7679485055
2015-06-09,39.1942143514,26.8509077631,21.274,49.8378597842,72.1996544637,57.5976055958,52.5114481691,66.1430016838,18.3239184725,109.7595113014,172.7928167449
2015-06-10,40.0184519369,27.3679571157,21.5385,50.6390638415,72.6922088725,58.0648105081,52.9025833352,67.4776062375,18.4974722374,110.9070350989,174.8734594411
2015-06-11,39.8724931978,27.2411710676,21.6485,50.8319462997,72.9568649728,57.9699095103,52.8280813988,67.2411905737,18.6001115608,111.1046219779,175.4454289472
2015-06-12,39.4689602133,27.1138897614,21.496,50.6316452854,72.3025762805,57.5757053655,52.1637724659,66.9971485982,18.5198662716,110.1546850595,174.0196498885
2015-06-15,39.0439627082,26.8925094351,21.1835,50.4387628272,71.6703422632,57.0281996089,51.9775176249,66.4480541532,18.4974722374,109.531526441,173.3316285985
2015-06-16,39.3487588987,26.9851226812,21.363,50.7206679584,72.3099278388,57.7436071309,52.5735331161,66.0362333195,18.5739851876,110.7322467059,174.2849111087
2015-06-17,39.4689602133,27.0708023153,21.3905,50.5500411685,72.5819354974,58.4590146529,52.6045755896,66.539569894,18.7923270209,111.0818234919,174.5667511552
2015-06-18,40.1128958269,27.54525948,21.9695,51.0248287579,73.7802395069,58.9992203327,53.070212692,66.684469817,19.0834494653,111.6669846336,176.3241067393
2015-06-19,39.5805757196,27.6116240521,21.746,50.5055298319,73.4126615899,58.7948181836,52.9025833352,66.7454803109,18.8408474283,110.3218739571,175.6029858227
2015-06-22,39.692191226,27.7185997802,21.8145,51.1583627675,73.5817474318,58.7291174928,52.8777493564,67.3174536911,18.803524038,110.8386396408,176.5026168871
2015-06-23,39.4174453642,27.9023404984,22.2995,51.7444286983,73.3538491232,58.247312427,52.8156644094,67.4547273023,18.5291971192,110.0938890967,176.6358955633
2015-06-24,39.1813356392,27.6636261421,22.042,51.202874104,73.0230289979,58.0429102778,52.5735331161,67.2411905737,18.387368236,109.2199471318,175.3530883048
2015-06-25,39.1942143514,27.6329201461,22.005,50.9283875288,72.8686462727,57.9553093568,52.1078960136,66.135375372,18.2865950822,108.5435920459,174.7866539309
2015-06-26,38.8593678323,27.3907389838,21.905,51.1509442114,73.2509273064,57.918808973,52.0644365507,66.2116384894,18.4190931178,107.9736298948,174.8449633517
2015-06-29,38.0952309041,26.805839285,21.493,49.8526968964,71.8100218717,57.174201144,51.418753102,65.0524391056,18.3201861335,104.827438821,171.1548100042
2015-06-30,37.9063431241,26.7459130669,21.7045,50.2681360372,71.6482875882,57.11580053,51.6546759005,64.6863761423,18.2940597602,104.5981072988,171.5046665292
2015-07-01,38.1596244655,26.9073671751,21.8695,50.8245277436,72.3907949806,58.1962118897,51.1393708405,64.0228870212,18.3687065409,105.8900082075,172.9040926294
2015-07-02,38.1209883287,27.1074514074,21.8855,50.4138697407,72.3687403055,58.3495135016,51.6174249323,64.3508184259,18.7027508841,105.0185484229,172.6958446978
2015-07-06,38.1124025205,27.0222670313,21.802,50.272006067,72.1923029054,58.4371144226,51.2387067557,63.4127820824,18.7475389525,104.0477116454,172.1544000757
2015-07-07,38.0351302468,27.2406758096,21.836,49.8762810823,72.7216151059,59.6562272407,51.4497955754,64.0533922682,19.1991519752,104.6669067555,173.270608989
2015-07-08,37.9836153978,26.828125895,21.485,48.8533693296,71.8761858967,59.1233216376,50.8910310525,62.7416666497,19.0255982103,101.662663814,170.3717977814
2015-07-09,38.2240180269,26.9742270052,21.7195,49.3610919514,72.3393340722,58.8824191047,50.6613167486,62.299340569,18.8819031576,101.1046237765,170.5967055475
2015-07-10,38.3012903005,27.541792674,22.1755,50.0629438109,73.1700601647,59.0941213305,51.04624342,62.6501509088,18.9677469553,103.910112732,172.829123374
2015-07-13,39.0997704614,28.315385671,22.7785,50.8394607619,73.7140754819,59.794928699,51.170413314,63.7864713574,19.0293305493,104.3381982402,174.72834451
2015-07-14,39.1684569269,28.9319818818,23.2785,51.5487791306,73.3538491232,59.8898296968,51.5987994482,64.4118289198,19.0330628884,104.8733051255,175.5280165673
2015-07-15,39.2886582414,28.9210862058,23.0595,51.6607767678,73.824348857,59.9701305411,51.3815021338,64.1830395677,19.1786241106,105.1102810318,175.4530473119
2015-07-16,40.0613809778,29.8036359629,23.774,51.9370376061,74.3316063825,60.0796316925,51.4746295542,64.4652131019,19.4884082501,104.7815725166,176.8191537431
2015-07-17,40.0270377451,34.6492402412,24.1505,51.6757097861,73.5743958734,60.0358312319,51.2883747133,64.0034279078,19.3428470279,104.1241554861,176.9857520883
2015-07-20,40.2846119906,34.3134553168,24.405,51.7130423318,73.7875910653,59.9993308481,50.7606526638,63.3030536967,19.2495385522,103.3826502308,177.1107008473
2015-07-21,40.5937010851,34.437765075,24.4,51.5935781855,73.7655363903,59.5905265499,50.6985677168,63.279964437,19.0591892616,102.0066610973,176.3943279626
2015-07-22,39.0997704614,34.425383625,24.4135,52.3252960816,73.6479114568,59.4904424976,50.7792781479,61.386645141,19.1842226191,101.5174205165,176.0028218513
2015-07-23,39.5891615278,33.4165430776,24.109,51.9967696792,73.6626145735,59.3947632012,50.3757259924,59.1700762091,19.0479922445,101.4486210599,175.044881366
2015-07-24,39.4432027887,32.4280081083,26.471,51.4517145117,72.8907009477,59.0930054204,49.6307066285,58.5697554567,19.0871818043,99.42285928,173.2122995682
2015-07-27,38.936640106,32.6013484086,26.5705,50.7797286888,72.2511153721,58.8574871524,49.2085289889,57.9694347044,19.3148544852,98.4749556547,172.2127094966
2015-07-28,38.9280542978,32.6701892707,26.3015,50.8095947253,72.7951306893,59.0488457451,51.2076642822,59.8627540003,19.4249584866,101.5327092847,174.3534982332
2015-07-29,39.7437060751,32.7578499368,26.45,51.4741140392,73.3170913315,59.3358836342,51.6174249323,59.5164151047,19.5182669624,102.5417679826,175.5696661536
2015-07-30,40.2502687578,32.912865691,26.838,51.5487791306,73.3979584732,56.958621117,51.5367145012,60.3014499348,19.5742520479,108.8101629241,175.6113157399
2015-07-31,40.0957242106,32.5632135425,26.8075,51.1679871643,73.6699661318,56.4507848517,49.1774865154,60.516949692,19.6321033028,108.9401174534,175.3031088012
2015-08-03,40.1901681006,32.920789819,26.7515,51.1679871643,73.5302865234,56.2299864755,48.4635096249,59.4625401654,20.1005118512,111.5162748867,174.7033547582
2015-08-04,40.8169320979,32.7504210668,26.595,51.1157216002,73.3685522399,55.8693491277,47.9109535967,58.9545764519,19.8821700179,111.6768069523,174.3618281505
2015-08-05,40.8512753306,33.3452259255,26.8505,51.3173173471,73.8978644404,55.7663098854,47.9109535967,59.1700762091,19.773932186,112.7164431865,175.011561697
2015-08-06,40.0270377451,33.1897149133,26.473,50.9589249082,72.831888481,55.7442300478,48.482135109,59.6164685635,19.7347426262,112.3877346712,173.5538261759
2015-08-07,40.1300674433,32.904446305,26.131,50.8095947253,72.6701541975,55.5528714551,47.6998647769,59.4856294251,19.9680138156,111.753250793,173.1956397336
2015-08-10,40.636630126,32.8425390549,26.2,51.4367814934,73.3612006815,56.2152665837,48.8918957592,61.6945019371,19.8803038484,113.4044377532,175.4530473119
2015-08-11,39.8467357733,34.1876597846,26.373,50.9439918899,72.787779131,56.0975074498,48.5628455401,60.0628609178,19.8989655435,112.1431143808,173.8120536111
2015-08-12,40.1300674433,34.2456049707,26.2955,50.2048074847,72.5672323807,56.2226265296,49.3775532341,60.7401458692,20.2292775478,111.1340556829,174.0286314599
2015-08-13,40.1214816351,33.9999570024,26.483,50.4362692681,72.3981465389,55.7736698313,49.2898154824,59.8473611605,20.3263183626,111.4092535096,173.8453732801
2015-08-14,40.353298456,34.1416007906,26.576,50.690130579,72.6407479641,55.6559106973,49.1080729968,60.4091998134,20.3487123968,112.1736919171,174.3951478195
2015-08-17,40.6280443179,34.3763530829,26.761,50.8245277436,73.4200131483,55.5896711845,49.3650192695,60.4476819129,20.440154703,112.1889806853,175.3947378911
2015-08-18,40.8512753306,34.1099042785,26.751,50.9290588716,73.0524352312,55.2952733495,48.8197918128,60.6631816702,20.436422364,111.6309406478,174.8699531035
2015-08-19,40.2808957723,34.3728862769,26.646,50.4736018139,73.0083258812,54.5519188163,47.7732057753,59.5779864639,20.3543109053,110.5760156455,173.4955167551
2015-08-20,39.4598948931,33.6517906279,25.789,49.2341612959,72.6260448475,54.3973599529,46.7328867199,58.8083444737,20.2012850051,107.3118636454,169.9386420838
2015-08-21,37.2215872327,31.8961010156,24.7235,47.4869981562,70.802858379,52.8738511571,45.2037430483,57.7231492675,19.9605491376,105.1026366477,164.6241548699
2015-08-24,36.0203333146,30.612392278,23.1685,44.985717593,68.7727220044,50.8866657711,43.0667020973,56.0453297288,19.2290106875,101.1504900809,157.8519321351
2015-08-25,34.9746374578,30.3330667656,23.3185,44.7318562821,67.2241873245,50.3567496682,43.060435115,55.4604018162,18.7568698001,103.0539417156,155.9610409163
2015-08-26,36.91047111,32.6741513347,25.0385,46.9718090253,70.4694418211,52.1820162449,45.4356213919,56.8534538185,19.115174347,105.33196817,162.1668292773
2015-08-27,37.9388827377,33.0812534112,25.9185,48.1440509609,71.2918693305,52.6088931056,46.9083622233,58.231112981,19.22799261,107.5182620154,165.8986322112
2015-08-28,37.9648090813,32.6716750447,25.9005,47.8827231409,70.5138973622,52.410174567,47.046235833,58.4543091582,19.1452592172,107.5335507836,165.9652715493
2015-08-31,37.610482386,32.0838037979,25.6445,47.8603236134,69.632195798,52.0127374898,47.1527745314,58.8314337334,18.5040754229,106.662090999,164.5491856146
2015-09-01,36.1413229178,31.1794626887,24.827,45.8816986903,68.2318462549,50.7100270702,45.172408137,57.6461850685,17.928702282,103.902468348,159.7428233538
2015-09-02,37.4722085537,31.9396837197,25.5275,46.7179477144,69.165412617,51.3797821447,45.893111097,58.5697554567,17.8704128462,106.2187167227,162.7749132375
2015-09-03,37.593198157,31.5504109312,25.236,46.800079315,68.6393553812,51.4681014952,46.2440621036,57.2998461729,17.8948568032,106.7156016876,162.9748312518
2015-09-04,36.8240499648,31.1497472087,24.95,45.919031236,67.6539242213,50.6069878279,45.4105534629,56.260829486,17.7914400621,103.8871795798,160.4258765693
2015-09-08,37.9302406232,31.8886721456,25.877,47.1584717539,69.6025587706,51.5049012245,46.062319618,57.1843998743,18.2558752445,106.4480482449,164.4825462765
2015-09-09,37.2215872327,31.8653950196,25.8445,46.4267538578,68.3281665939,50.4009093435,45.1222722789,56.1530796074,17.9193007601,104.8962382777,162.2334686154
2015-09-10,37.4117137521,32.2452579061,26.112,46.7851462967,68.6986294359,50.2831502095,45.4481553564,55.7374729327,17.928702282,104.3534870084,163.1414295971
2015-09-11,37.5759139279,32.4542567824,26.472,46.7104812053,68.8542238296,50.3567496682,45.5546940549,55.8990977506,18.0227175011,104.2846875517,163.8827922335
2015-09-14,37.1956608891,32.3140987682,26.069,46.5760840407,69.1431848464,50.0917916168,45.4293544097,56.0068476293,18.0753660238,103.5661154486,163.2497185215
2015-09-15,38.0080196539,32.938123849,26.1185,47.4720651379,69.9433845853,51.1148240932,45.6612327533,57.3998996316,18.0941690676,103.6731368257,165.3072080855
2015-09-16,38.2845673185,32.960410459,26.3695,47.89018965,70.098978979,51.593220575,46.5636781989,58.2157201412,18.3348480285,106.0123183527,166.714964103
2015-09-17,38.2413567459,33.2649941294,26.9435,46.7776797875,70.2693918864,51.6962598173,46.6639499151,56.9996857967,18.55860425,106.2798717953,166.3484477434
2015-09-18,37.5759139279,32.7325917787,27.013,45.5009067239,69.1950496443,51.475461441,45.5484270726,55.3064734181,18.2934813321,102.89340965,163.5941022909
2015-09-21,38.1203671426,33.0327181271,27.4195,45.8816986903,69.0024089665,51.9980175981,45.9933828132,55.5373660152,18.4363844652,103.0998080201,164.4984922913
2015-09-22,37.9388827377,32.3502526022,26.92,45.4785071965,69.0839107917,51.6594600879,45.5860289662,55.1679378599,18.248354027,101.3798216032,162.3715009941
2015-09-23,37.9129563942,32.3547099242,26.8035,45.2769114496,68.8986793707,51.710979709,45.3102817467,54.0288677144,18.2351918963,99.7439234111,162.1202815496
2015-09-24,37.9475248523,32.4349417204,26.6875,44.9633180655,68.5208072717,52.5205737551,45.5797619839,50.6424429573,18.3367283329,98.9641962355,161.5592247901
2015-09-25,37.9734511958,31.7039409114,26.2125,45.8966317086,67.4242372592,53.4847266646,45.893111097,50.0113365253,18.5416815105,97.5652739497,161.5089809012
2015-09-28,37.4117137521,30.9164806904,25.203,44.7841218461,67.6983797623,52.8223315359,45.4982912145,49.095462557,18.3423692461,95.7459105399,157.3554860846
2015-09-29,37.5413454699,30.8352583783,24.8035,44.6795907181,68.9357256549,53.1976887755,45.7301695582,49.4956763919,18.199466113,96.8008355422,157.4978437699
2015-09-30,38.1981461733,31.5578398012,25.5835,45.5233062513,69.165412617,52.9474506158,46.5950131102,50.3038004816,18.3423692461,98.1549085875,160.4371112711
2015-10-01,38.5524728686,31.7955636415,26.036,45.8592991628,69.0320459938,52.9548105617,46.4132706246,49.5572477511,18.1543388079,99.4551264548,160.8893062713
2015-10-02,39.3821158624,32.5379553845,26.627,45.7323685074,69.5951495138,53.3007280177,47.5538613961,50.5654787583,18.5285193799,100.4168260608,163.2926389575
2015-10-05,40.2981800014,33.2654893874,27.184,46.6423531463,70.2101178316,53.8895236876,48.1366907464,53.2438328843,18.9384257351,102.2632893044,166.1984105328
2015-10-06,40.4018853756,33.2635083554,26.874,46.6649147489,69.2172774149,54.0220027134,48.8135248306,54.5060457483,18.7748392539,102.1632725453,165.6289797918
2015-10-07,40.4450959482,33.1822860433,27.097,46.7250790226,70.3731214822,54.2575209813,49.6344995068,54.1674032726,18.789881689,103.2249889104,166.9855647924
2015-10-08,41.0068333919,33.0337086431,26.658,46.7250790226,70.4472140506,54.7579973007,50.1546590344,55.2910805783,18.9628696921,106.1023941315,168.4928814597
2015-10-09,40.7130014983,33.2436980354,26.99,46.5746683385,70.662082499,54.8168768677,49.6721014003,54.8754739036,19.0004757797,107.6718878885,168.5933692375
2015-10-12,40.6179382386,33.5007369377,27.5095,46.4167371201,71.1214564232,54.7064776796,49.6971693294,54.2597603114,19.075687955,106.7948178479,168.7524748857
2015-10-13,40.5228749789,33.8345408302,27.445,46.2888880386,70.7213565537,54.5445588704,49.6094315777,54.0057784547,19.036201563,106.3947508118,167.6889792371
2015-10-14,40.341390574,33.697849622,27.2415,45.1156847025,70.0397049243,54.6181583291,50.2361298038,54.4213851294,18.9779121272,106.5793971361,166.8850770145
2015-10-15,40.6265803531,34.3223699608,28.122,46.5445862016,71.9809302168,54.6623180044,51.0633714623,54.5137421682,19.4047412219,107.5257095484,169.4475153489
2015-10-16,41.058686079,34.436279301,28.538,46.9506950488,72.7885392125,55.1259945944,51.6900696884,53.6286538794,19.4912352234,106.8332858321,170.2179216456
2015-10-19,41.1537493387,34.6655837553,28.6575,46.7927638304,72.5662615073,55.3173531871,50.7562893315,53.3131006634,19.5119185716,106.1947172937,170.3016614604
2015-10-20,41.2833810565,33.677544044,28.044,47.0183798566,72.3069375178,54.7800771384,50.6560176153,54.0827426537,19.5438837461,105.671552708,170.0839379418
2015-10-21,40.790780529,33.2714324834,27.7885,46.6724352831,72.3365745452,54.6497324969,50.2674647151,53.6209574595,19.5927716601,104.2790116785,169.0288162747
2015-10-22,41.508076034,33.734003456,28.1955,47.5222556484,73.7443333451,55.5854392906,51.9470159611,55.1448486002,19.8766976217,106.0408453568,171.8424740537
2015-10-23,45.6908594611,35.6253937605,29.9515,48.0336519745,74.3222553788,57.2043605685,52.0034188014,55.8217111606,19.6604626178,107.7026622759,173.7768637767
2015-10-26,46.8834712647,36.2093029433,30.4305,48.0562135771,74.0481128756,57.5459678107,50.9004299235,55.6427704837,19.5269610067,107.5334031453,173.333042758
2015-10-27,46.3995128517,36.2934968034,30.5505,47.8606796877,74.2333442967,57.3974429228,50.8189591541,54.7636271581,19.5739686162,107.1179489155,172.9813355356
2015-10-28,46.6501341727,36.4965525837,30.855,49.25949905,74.4482127451,56.81819586,51.5647300431,55.9928718081,19.3577336123,109.3490920014,174.9659691476
2015-10-29,46.1143230726,36.8892921782,31.3275,49.0414035581,75.107636604,57.1969343242,51.5333951318,55.9928718081,19.1377379996,105.6792463049,174.9240992401
2015-10-30,45.4920908272,36.5198297097,31.295,48.3194322743,74.8557218714,56.7216546829,51.8530112271,56.7864348099,19.3032047852,106.9256089943,174.1201970176
2015-11-02,46.0106176983,37.0324217404,31.4175,49.2895811869,75.7003771513,56.8850320596,53.4448247214,57.836738783,19.2223516968,106.6024779267,176.1801964629
2015-11-03,46.7970501196,37.0859096044,31.2655,49.4700740078,75.5447827576,57.2192130573,54.4287409364,58.1557199896,19.2373941319,106.7178818794,176.6910093335
2015-11-04,47.0131029825,37.4073320468,32.0475,49.5227177473,75.529964244,57.2266393017,53.8835134797,58.000119401,19.4085018306,106.3178148433,176.1718224814
2015-11-05,46.9958187535,37.6727903352,32.7825,49.9664292654,75.8189252608,56.7290809273,53.1502765552,57.7433784298,19.1979077399,105.6330847238,175.9792209072
2015-11-06,47.4624929375,37.7188493293,32.9685,51.4855771751,75.5151457303,56.120128887,52.9371991583,57.4477373115,18.5849285113,106.6486395077,175.8871071109
2015-11-09,46.8056922341,37.3805881148,32.7745,50.680880015,74.7149459914,55.9938827323,51.8154093336,55.9306315726,18.598090642,104.8868058295,174.2458067399
2015-11-10,46.2439547903,37.553433157,32.984,50.898975507,75.1669106587,56.2686537749,52.0683216427,56.3507531619,18.6150133814,105.1868561066,174.6477578511
2015-11-11,46.3649443936,37.8996184995,33.6625,50.6507978782,75.4706901892,56.4097524184,51.6067566785,55.9461916315,18.7503952969,105.2484048814,173.9610913694
2015-11-12,46.0797546145,37.4677535229,33.28,49.6355257604,74.2926183514,55.4443406471,50.2094161706,53.4176820667,18.9403060395,104.0943653542,171.5326367387
2015-11-13,45.6649331176,36.6525588539,32.1175,49.3046222553,74.0036573346,54.9245035395,49.3811283582,54.1723449214,18.8838969081,105.6946334986,169.6066209972
2015-11-16,46.4643287106,37.1651508845,32.3905,50.0190730049,74.9964977514,55.9196202883,51.1515145221,54.7636271581,19.2016683486,107.9796317625,172.1858072945
2015-11-17,46.088396729,36.9452563322,32.165,49.733292705,75.2039569429,55.7488166673,50.5571705956,53.9856242151,18.9440666483,107.3025952398,172.0601975723
2015-11-18,46.854071434,37.6401033071,33.177,50.7260032202,76.0708399934,56.365194952,51.0503495985,54.7091669521,18.7466346882,107.2718208524,174.7901155364
2015-11-19,46.9323790742,37.6366365011,33.0635,50.8839344386,75.9374733703,56.6028347726,50.7721460584,54.4757660692,18.9891939535,107.6795814854,174.6393838696
2015-11-20,47.1499002972,38.4815466502,33.4225,50.7936880281,76.4857583765,56.3057849968,50.4496828643,55.3471293654,18.9948348666,107.1641104966,175.2758064625
2015-11-23,47.1499002972,38.4666889102,33.9495,50.2973327705,76.7021993399,56.4171786628,50.7595004429,55.2537690122,18.8951787344,107.848840616,175.0748309069
2015-11-24,47.2021053908,38.1165415038,33.5575,50.2221274284,76.1573651907,56.7736383937,51.7711496795,55.5494101306,18.8368892985,107.3025952398,175.3093023884
2015-11-25,46.7148578512,38.0982169577,33.767,50.2822917021,76.0976573387,56.365194952,51.3728127926,55.6194303954,18.7364612598,106.4409123929,175.284180444
2015-11-27,46.9236782253,38.2324318759,33.663,50.5154282625,76.4036600801,56.2166700641,51.3601671771,55.4093696008,18.8293098239,106.0947005347,175.4851559996
2015-11-30,47.28911388,37.7807565793,33.24,50.1469220864,75.560286671,55.5780130462,51.6320479095,56.5219138093,18.922158388,105.317647253,174.7566196104
2015-12-01,48.046087736,38.8178268327,33.953,50.8463317675,76.3961965986,56.3948999296,51.7774724872,55.6738906014,19.0566940625,106.1716365032,176.423041926
2015-12-02,48.0373868871,38.5236435803,33.8005,50.131881018,76.1648286722,56.2835062637,50.2979354788,55.2615490416,18.5678179495,106.5563163456,174.6226359067
2015-12-03,47.1586011462,38.0457196097,33.3125,49.4851150762,75.2244300036,56.2463750417,49.5771353978,54.1801249509,18.2703235707,104.4559644061,172.1774333131
2015-12-04,48.6464463115,38.5909986684,33.632,51.0569067253,76.8365420069,57.7984601201,49.8616617455,54.4446459515,18.5962409793,106.5101547645,175.5353998885
2015-12-07,48.5594378223,38.282948192,33.4915,50.387579181,77.1126908222,58.1994773174,48.5591633535,53.1842811838,18.6777203315,105.2560984783,174.4719042399
2015-12-08,48.5420361244,38.3894286621,33.8665,49.6054436235,76.4409774876,57.7390501649,47.1871140764,51.7683158276,18.8236252179,102.3017572886,173.299546832
2015-12-09,47.8372673619,37.7658988393,33.2395,49.2294169132,76.2394634872,57.701918943,47.8193948493,51.2781739735,18.7137228359,102.9787938112,171.951335813
2015-12-10,48.0895919806,37.6415890812,33.116,49.3422249263,76.6051740805,57.7687551425,47.8573316957,51.6438353567,18.493918072,101.9478518336,172.3951568317
2015-12-11,47.0367892613,37.1651508845,32.0075,48.1840626586,75.8886798568,57.7613288981,47.0037526523,50.9047325608,18.4579155675,100.3860516734,169.0539382192
2015-12-14,47.9764809446,37.7654035813,32.8955,48.3344733427,76.2394634872,58.1400673622,48.0723071584,51.4415545915,18.5659230809,99.2166249525,169.9080843306
2015-12-15,48.0286860382,37.6440653712,32.932,49.7107311024,77.7172328235,59.172315333,50.222061786,51.9316964456,18.7061433613,101.1707985519,171.6917423869
2015-12-16,48.8378649877,38.4612410722,33.7885,50.7861674939,78.5531427511,60.1451533486,50.0450231696,52.6863593003,19.6403136082,101.7170439281,174.2039368324
2015-12-17,48.4637284842,38.1264466638,33.5325,49.8461007181,77.3515222301,59.6253162411,49.29260905,50.492391001,19.5948367605,100.2937285113,171.5493847017
2015-12-18,47.0976952037,37.4836017789,33.207,48.4322402874,76.0901938572,58.0212474519,48.8626581245,50.6557716191,19.3485038353,98.3626357024,168.5109273898
2015-12-21,47.7067546281,37.6792286892,33.2255,49.2895811869,75.8140450418,58.6301994922,48.850012509,50.7569120016,19.3845063398,99.9782910405,169.9010035331
2015-12-22,48.159198772,37.9927270036,33.1575,49.3948686658,76.657418451,59.1129053779,49.0966020104,53.223181331,19.5000933277,101.2092665362,171.4427243466
2015-12-23,48.5681386712,38.0610726077,33.185,50.1845247574,77.2395700077,59.3505451985,50.7025951734,54.3746256866,19.7028442738,102.4633228224,173.5657497292
2015-12-24,48.4376259374,37.9288387215,33.1395,50.0867578127,77.4112300821,59.2540040213,50.1588337088,53.9778441857,19.6933699305,102.4710164193,173.2793097966
2015-12-28,48.6812497072,38.7410618426,33.76,49.9213060602,77.0380560073,59.3505451985,49.7857880528,53.3554418313,19.7047391425,102.0170942052,172.8833487134
2015-12-29,49.2033006424,39.3215042193,34.6985,50.4402229204,77.6425980085,59.6772999518,50.0513459774,53.8300236265,19.8298004737,102.4787100161,174.7283588673
2015-12-30,48.9944802683,39.1402397911,34.4535,50.0792372785,77.4560109711,59.4619388644,49.3874511659,53.441022155,19.8790670587,102.3786932571,173.4899273941
2015-12-31,48.2723098079,38.5315677083,33.7945,49.658087363,76.6648819325,58.9718067344,49.2862862423,52.8730800066,19.6857904559,100.7144395863,171.7544383909
2016-01-04,47.6806520814,37.6118736011,31.8495,48.1765421244,74.9930620772,58.1994773174,48.9764686636,52.8964200949,19.625154659,100.0022938294,169.3534011495
2016-01-05,47.8981733044,37.7153825232,31.6895,48.2598401381,75.3065283001,58.3851334272,49.3937739736,52.3440380054,19.8165363931,98.2141887227,169.6398385547
2016-01-06,47.0280884124,37.6064257631,31.6325,47.5631658414,74.9258907438,57.8207388533,48.9827914713,51.5193548858,19.7521108588,95.8223078655,167.4999688192
2016-01-07,45.3923288154,36.6986178479,30.397,45.6397389789,74.0526634087,57.3157542345,48.198763313,49.7455081757,19.839274817,92.6099112451,163.4813816894
2016-01-08,45.5315423981,36.1989025253,30.3525,44.617445174,73.26153437,56.4171786628,47.2250509228,49.2398062628,19.9283336437,92.1299869307,161.6869155465
2016-01-11,45.5054398514,36.3058782534,30.887,44.5492922536,72.8211889617,56.9370157704,46.59277015,47.8238409065,20.0060232586,92.4938005239,161.846987448
2016-01-12,45.9230805995,36.9135598202,30.8945,44.6477353608,73.321242222,56.81819586,47.547514117,47.9249812891,19.9681258855,93.8252034605,163.1528190798
2016-01-13,44.9311838227,35.6372799525,29.0905,43.4209827949,72.4106974794,56.32806373,47.8320404647,47.3725991996,19.8241158677,91.7661733376,159.0836854116
2016-01-14,46.2102086139,36.2226749093,29.65,44.0722218114,73.8063685193,56.5508510619,50.0260547465,48.4462432609,20.0268668138,91.6345811869,161.6953360381
2016-01-15,44.3656286429,35.1875856879,28.509,43.1938063938,72.3957705164,55.6819804677,49.0523423563,47.1780984638,19.9453874616,91.201101161,158.224362244
2016-01-19,43.9914921393,35.6130123105,28.724,43.1710887537,72.7689445913,56.9815732367,48.3062510444,46.516170909,20.4285789686,92.5712076714,158.4349798415
2016-01-20,44.1916116645,35.5872588945,28.5885,42.0352067483,71.4628353294,56.8054969821,46.2703069558,46.3428089303,19.9548618049,90.9998425775,156.4046228319
2016-01-21,43.9218853479,35.988913133,28.751,41.838320534,71.6046414778,57.4722105825,46.8520052668,47.0362568449,19.9037003512,90.6979547023,157.2807987772
2016-01-22,45.4967390025,36.9195029162,29.819,43.1256534735,72.209183479,57.9516450816,48.4137387757,48.052788447,20.1992998614,92.091283357,160.5074620555
2016-01-25,45.0616965565,36.3331174434,29.8265,42.1487949488,71.9479616266,57.5695957151,46.7761315741,45.6336008358,20.1651922256,90.032253234,158.0811431202
2016-01-26,45.3923288154,36.3415368295,30.0625,43.2240965806,75.515505782,59.0378638687,48.4959352762,46.6186120782,20.1917203868,91.6578033311,160.2378656334
2016-01-27,44.565748168,35.5387236104,29.1675,43.1938063938,76.2469269686,59.0303727046,47.6044193865,45.9566845233,20.2239331539,91.3946190297,158.4939586661
2016-01-28,45.2922690528,37.0601561884,31.7675,43.3755475147,76.3290252651,59.7944714376,48.6792967003,48.1315893464,20.5214275327,92.122246216,159.3195762783
2016-01-29,47.9329767,37.7064678792,29.35,45.0566528827,77.9486007499,61.1953191147,49.223058165,49.0456797793,21.1675777441,98.0825965719,163.2033647758
2016-02-01,47.6023444411,38.1730009158,28.7405,44.5720098937,77.8963563794,60.768322764,48.2367001593,49.4081639165,21.4082260632,101.6046217823,163.1443859512
2016-02-02,46.1144992758,38.6751925285,27.605,43.1862338471,77.1798621557,60.0941179996,47.1618228455,47.8085056589,21.5844488481,101.2562896186,160.2041727151
2016-02-03,45.3836279665,37.1136440525,26.5535,43.4739906218,77.724696305,60.7533404359,49.6213950519,49.857329043,21.7436178152,103.2456533089,161.1645881172
2016-02-04,45.2444143838,36.1553198212,26.813,44.2236727454,77.545572749,60.4536938739,50.4749740952,51.9770732366,21.5105489706,105.3975720088,161.4173317615
2016-02-05,43.6434581825,34.8542770535,25.1065,43.7314572097,75.0378429662,60.8282520763,50.6330442884,52.1031546756,21.5276027885,104.9640919829,158.3423072561
2016-02-08,42.9908945135,34.8740873735,24.405,42.8151790587,76.1275112647,61.8919973713,51.315907523,50.889620825,21.6337154332,101.2098453301,156.2108580121
2016-02-09,42.8777834775,34.7185763613,24.1035,42.5577124708,76.1051208202,61.9069796994,51.0946092525,50.377414979,21.8573099345,102.533507552,156.2192785037
2016-02-10,43.2519199811,35.0073117757,24.524,42.042779295,75.9259972643,61.1428809664,50.6288367157,48.9668788799,21.552236081,100.9776238877,156.0844925085
2016-02-11,43.2345182833,34.9830441337,25.191,40.1875053527,75.9036068198,59.85440075,50.7883478584,48.3916323144,21.2035802485,98.4696323093,154.0541363414
2016-02-12,43.9392870458,35.0092928077,25.354,43.5345709954,75.9931685978,60.6709376313,51.7007515951,49.7627679638,21.1599982694,100.9002167402,157.2302530812
2016-02-16,44.7658676932,35.5416951584,26.055,44.1858100119,76.3663426726,61.0305135057,51.8219800636,51.3860664912,21.288849338,101.674288215,159.8840297546
2016-02-17,45.9312347715,36.2513998733,26.705,44.5038569734,76.5006853395,61.7646475824,52.319654829,53.0014849286,21.1145214217,102.5722111258,162.4956930182
2016-02-18,45.7297051264,35.5352568044,26.25,43.7768924899,77.7993311199,61.4125628722,52.606774886,52.1031546756,21.6640333317,101.5349553495,161.8301338279
2016-02-19,45.4055052625,35.7630754847,26.745,43.7844650366,78.2993843802,61.2702307552,52.6386771146,51.5515483799,21.7436178152,101.8136210805,161.7543148627
2016-02-22,46.1327644166,36.1067845371,27.975,44.3524060394,78.7429004784,61.5249303329,52.5684922118,53.0408853783,21.9236303374,102.8895804304,164.0963817042
2016-02-23,44.8447271195,35.5243611284,27.647,42.4971320971,78.2392466042,61.2852130833,51.8283605093,51.8352316177,22.0032148209,101.5659182085,162.0239112847
2016-02-24,45.0024459722,35.7031492666,27.702,42.5122771905,78.9007621404,61.0979339821,52.0133934349,51.9140325171,22.14532997,101.82910251,162.7652768032
2016-02-25,45.6508457,36.1102513432,27.7575,43.1710887537,79.9682076648,61.6822447779,52.3260352747,52.3789578235,22.1147846873,102.9437654337,164.7366541457
2016-02-26,44.9498730213,35.8992714349,27.7615,43.572433729,79.5171743446,60.7533404359,52.1601436863,52.694161421,21.4809700709,103.4469118923,164.3575449976
2016-02-29,44.581862365,35.5208943224,27.626,42.6334379378,79.0886926905,60.1465561479,51.1392723725,53.3482088859,21.538242476,102.5412482668,163.068566986
2016-03-01,46.0714293072,36.756563034,28.952,44.8294764817,80.599654313,60.8507255685,51.8602627379,54.4435413874,21.4962427123,104.0274654984,166.9018097875
2016-03-02,46.3956291711,36.6233386318,29.0105,45.253539097,80.464344317,61.8395592229,52.7662860288,54.6720639957,21.4504247882,103.8958733477,167.651607592
2016-03-03,45.8698996621,36.2325800693,28.8745,45.4049900311,80.1711726589,62.0568029803,52.5748726575,56.5396453112,21.3091528556,104.4067605211,168.3087336537
2016-03-04,45.5895105906,36.1647297232,28.757,45.4731429514,80.0584143288,62.5437286435,52.5046877546,57.3985751145,21.818877261,104.3370940883,168.8563343523
2016-03-07,44.7132947423,35.3019902861,28.14,45.3898449377,80.2388276569,62.2515732456,53.8892444739,58.9194324727,21.8494225437,104.499649098,168.9911321421
2016-03-08,45.2565485683,35.3381441201,28.013,44.5114295201,79.8479321128,62.2216085894,52.7216229088,56.5238851313,22.0403305607,103.8958733477,167.1461203033
2016-03-09,46.2992454278,35.9265106249,27.9735,44.768896108,80.3139998769,62.1466969489,52.5748726575,56.6342063904,22.1949660544,104.2519462261,167.9717505526
2016-03-10,45.6070349076,36.2613050333,27.9465,44.3826962262,80.539516537,61.6372977936,52.4345028518,56.2323218036,22.0861484847,104.1900205081,168.1065357053
2016-03-11,46.5007750729,36.8902826942,28.4805,44.9354921355,80.9679981912,61.240266099,52.4408832975,57.3670547547,22.1109665269,105.637534166,170.8192920458
2016-03-14,46.5883966578,37.1562362405,28.6685,44.768896108,80.9304120811,60.8057785842,52.5812531032,57.3118941252,22.1147846873,105.4672384415,170.6002539567
2016-03-15,46.9564073141,37.1725797545,28.851,44.8294764817,81.0055843012,60.9106548809,52.8428513773,57.0833715169,22.0689667632,103.764281197,170.3222370431
2016-03-16,47.6223313589,37.508859937,28.7135,44.617445174,80.7424815311,60.933128373,52.8747536059,58.5805886053,22.359146949,105.3201648613,171.3079257144
2016-03-17,47.8939582719,37.564328833,27.972,44.48871188,80.2388276569,61.9893825039,53.6595484283,59.8098826358,22.5901456496,109.1131150878,172.3947200996
2016-03-18,46.8687857293,37.4122846269,27.604,45.7987624596,80.8101365291,62.2890290659,53.7233528854,59.4710387684,22.6226000125,109.600780117,173.0683627932
2016-03-21,47.1929855932,37.7465837773,27.699,45.7836173662,80.644757645,62.4163788547,53.3532870342,59.8020025458,22.4450555567,108.9041157896,173.3139279782
2016-03-22,47.3769909213,37.6420843392,28.024,45.6170213388,80.7199298651,61.9818913399,53.6723093197,59.5340794879,22.3438743077,110.7464058997,173.2207803148
2016-03-23,47.2893693365,37.518765097,28.4815,45.3898449377,81.5618587294,62.0418206523,53.4362328284,58.0605026694,22.4679645187,111.412107368,172.0776120673
2016-03-24,47.4996611401,37.3840549208,29.1475,45.0415077893,81.4190315113,62.0942588006,53.5829830798,59.3291971495,22.6187818521,109.7323722677,172.0013901811
2016-03-28,46.9125965217,37.3067946727,28.9935,44.9809274157,81.3588937353,61.8919973713,53.7361137768,59.3528374193,22.4469646368,110.7928501882,172.1030142819
2016-03-29,47.9377690643,37.9313150115,29.693,44.7007431877,82.0429609375,62.0268383242,53.9339075939,59.8965636251,22.7199631011,112.2635859903,173.6949840607
2016-03-30,48.2356824527,38.0526532217,29.9345,45.2156763635,81.9226853855,61.9369443556,53.9275271482,60.2905681221,22.6226000125,113.0995831831,174.4571089277
2016-03-31,48.3934013054,37.7832328693,29.682,44.8446215751,81.3363420693,61.6597712858,53.3341456971,60.3142083919,22.5920547297,112.1651976421,174.0337104578
2016-04-01,48.6913146939,38.1185225358,29.925,45.3368371108,82.0805470476,62.5736932997,52.9321776173,60.5112106403,22.662690696,113.1463024601,175.2192210928
2016-04-04,48.5686444751,37.8931801455,29.6595,45.1626685366,81.6295137274,62.3339760502,53.0597865315,59.6680410169,22.6645997762,111.1140139086,174.6518688367
2016-04-05,47.806336687,37.5687861551,29.307,44.5218468884,81.9001337195,62.2965202299,52.453644189,59.2897966998,22.2121477759,111.1140139086,172.9074688343
2016-04-06,48.2970175621,38.0392812557,30.104,44.8651441999,82.2534431536,62.7834458931,53.1554932172,59.2740365199,22.2808746621,111.8848819799,174.7958226229
2016-04-07,47.7187151022,37.6455511452,29.5715,43.7284486574,82.1406848236,62.3564495423,52.5557313203,58.4466270764,22.1816024932,110.4521574838,172.7042333348
2016-04-08,47.6836664682,37.6133593751,29.73,44.0488594815,82.0128920495,62.3264848861,53.09168876,58.5884686953,22.2999654638,110.9738560775,173.169974192
2016-04-11,47.5872827249,37.517774581,29.7965,44.3997856221,81.9151681635,61.9744001758,53.1618736629,58.8091112136,22.1892388139,111.6279259561,172.7635150481
2016-04-12,47.8851961134,37.8535595054,30.1585,45.2236991697,82.3887531497,62.0493118163,53.8190595711,59.9674844346,22.3457833878,112.3053554733,174.372424153
2016-04-13,48.4985472072,38.2294603279,30.741,47.1385352851,82.5917181437,61.7721387465,54.1253209652,62.355151686,22.2369658182,112.4377267582,176.1337634814
2016-04-14,48.5073093657,38.4018101121,31.0375,47.7488416166,82.5691664777,61.9365697974,54.5081477079,62.2921109665,22.1739661725,112.9672118981,176.1422272168
2016-04-15,48.7614119617,38.6301240504,31.2945,47.1995659182,82.8247520258,62.1555870543,54.2146472052,62.3866720458,22.4183284343,112.9282791672,175.9474673078
2016-04-18,49.4711467989,39.0104821949,31.7675,47.504719084,83.388543676,62.5558599721,54.7314633077,62.4497127653,22.4832371601,114.0495418163,177.1837959207
2016-04-19,49.4098116895,38.4444023002,31.395,48.3057461442,84.7040575265,62.8957143364,55.0058224733,63.3480430183,22.5462368057,116.1752689219,177.7426725863
2016-04-20,48.7088390108,38.3785329861,31.6495,49.0075984255,85.3806075067,61.589163114,55.3822687702,62.8358371723,22.0517850417,115.8871667135,177.9120421358
2016-04-21,48.875320022,38.6301240504,31.55,48.5193533602,85.3730902847,61.0227391736,55.3758883245,62.5915543842,21.5554241975,115.4900528586,176.9551573598
2016-04-22,45.3704566286,36.5386495137,31.025,48.8016200386,85.1851597347,61.1360239617,55.8480413071,62.3210086368,21.8475134635,115.3343219351,176.9551573598
2016-04-25,45.6596078585,36.758544066,31.31,48.5193533602,85.3279869527,61.4834306451,55.7204323929,61.1035527735,21.853240704,115.2097371963,176.6503104615
2016-04-26,45.0725432401,35.9245295929,30.844,48.771104722,84.8769536326,60.078699273,55.9118457642,61.7878743699,22.0536941218,114.8437695261,176.9128149724
2016-04-27,44.6344353159,35.7308837147,30.3285,48.9084236466,84.7717125245,60.335478126,56.4414227582,62.6074688399,22.3152381051,115.4822663124,177.2769444309
2016-04-28,43.7231708336,34.9186605936,30.1,48.5193533602,84.5537130864,60.2372979763,56.1670635927,61.8674466485,22.235056738,115.6613568744,175.6680226241
2016-04-29,43.6968843582,35.0583233498,32.9795,48.2142001945,84.2530242063,60.5091814677,56.403140084,61.8435749649,22.4469646368,113.5979221382,174.7196142855
2016-05-02,44.345284086,35.3817268242,34.1925,48.664301114,84.7566780805,61.1511286001,56.8689126209,61.9390616993,22.538600485,113.5823490459,176.10836042
2016-05-03,43.6180249318,35.0860577978,33.566,47.7259551292,84.7115747485,61.2493087497,56.2181071584,60.7613919753,22.6073273711,111.4566219403,174.5756604993
2016-05-04,43.6968843582,35.231168392,33.545,46.9707010439,84.3582653144,61.62692471,56.1096395813,59.074459668,22.8058717088,111.2308121012,173.6018363974
2016-05-05,43.7582194676,35.3965845642,32.9545,46.7189496821,84.8544019666,61.4003551338,56.1734440384,57.9206616276,22.6894178184,111.5422739482,173.5679696005
2016-05-06,44.1525165993,35.9151196909,33.6975,46.9935875313,84.7491608585,62.0271976278,56.4733249868,58.3742236159,22.6206909323,112.5700980432,174.2030673054
2016-05-09,43.8721275278,36.1107466012,33.9875,46.6960631947,85.4858486148,62.0196453086,56.5116076611,56.3212588268,22.6970541391,111.043934993,174.3470210916
2016-05-10,44.7045325838,36.6183860518,35.1535,47.3292560137,86.199984705,62.2915288,57.417630952,57.6978592474,22.8325988311,112.3754343888,176.5148195639
2016-05-11,44.7308190592,36.1810732372,35.6615,47.1537929433,85.974468045,62.0423022662,57.1432717864,57.6342014244,22.8497805527,110.8959906157,174.8635680717
2016-05-12,45.1338783495,36.0582492531,35.8965,47.1232776268,85.8692269369,62.2386625656,57.6966240411,57.0533237903,23.1285062575,111.6123528638,174.9143741945
2016-05-13,44.7571055347,35.8977856609,35.496,46.6884343655,85.3655730627,61.3474888994,57.0467568583,55.7562956484,23.0540521308,110.4365843914,173.3901371624
2016-05-16,45.414267421,36.1686917872,35.533,47.0393605062,86.027088599,61.6495816676,57.6322807557,56.2576010038,23.1915059031,111.7758703334,175.100670368
2016-05-17,44.5731002065,35.6679859486,34.7635,47.0393605062,85.5685380568,60.8867974279,57.6065434415,56.5361039791,22.8669622742,111.2541717397,173.4663582018
2016-05-18,44.8378384774,35.7467319707,34.8725,48.8550218426,85.3881247288,60.3052688492,57.4907255277,56.1700714973,22.5309641643,110.3353592912,173.5171643246
2016-05-19,44.405432635,35.4263000443,34.926,48.3591479482,84.8318503006,60.5620477021,57.979734497,55.247033065,22.6054182909,110.3353592912,172.9159325697
2016-05-20,44.6701709059,35.7432651647,35.14,48.4506938979,85.2753663987,60.4336582756,57.7416643409,55.5971510911,22.7810536666,110.1329090906,174.0083073964
2016-05-23,44.1495189731,35.5223800964,34.8375,48.4125497522,84.9119770533,60.5696000213,57.6515837413,56.0188841679,22.5252369238,110.3119996526,173.7712059469
2016-05-24,45.5261579817,36.3038972214,35.21,49.2364632998,85.3132194555,61.1511286001,57.6966240411,56.5679328906,22.8879621561,111.5812066791,176.0236756452
2016-05-25,45.9938622602,36.5549930277,35.4175,49.984088556,85.8128798055,61.5362968795,58.0762494251,57.7456026146,22.7371448226,111.8770954337,177.2176627176
2016-05-26,45.7908962526,36.4970478417,35.7455,49.6102759279,85.4722022942,61.3399365802,57.7802703122,57.3556984492,23.0406885696,111.402116117,177.2684679936
2016-05-27,46.1703544408,37.0254881283,35.612,49.9154290937,85.593332076,61.4985352835,57.9153912116,57.2602117148,23.0445344532,111.3943295709,178.0305928606
2016-05-31,46.7704278548,37.0873953784,36.1395,49.7933678274,85.3132194555,61.2039948345,57.2783926858,57.6978592474,23.0983768235,111.0672946315,177.6918664635
2016-06-01,46.6380587194,37.0680803164,35.972,50.1137786515,85.3813549578,61.7704187749,57.4199479138,57.5068857786,23.1041456488,112.1262649113,178.055995922
2016-06-02,46.3115481853,36.8605672141,36.412,50.2053246012,86.675929501,61.8912558821,56.9631105873,58.5811115404,23.0387656279,111.7369376025,178.5979459634
2016-06-03,45.7026501623,36.4440552356,36.277,49.3127515913,86.8803360078,62.2839764808,56.8601613306,59.7110378972,23.4214310448,111.5422739482,178.0644596574
2016-06-06,46.0026868693,36.1568055952,36.3365,49.8009966566,87.6449677555,62.5105460569,57.4842911992,60.8091353425,23.4118163358,113.3409661145,178.9705383106
2016-06-07,45.9762130422,36.2078171693,36.187,49.6331624154,87.61468531,62.1706916927,58.3657942095,61.1194672292,23.288748061,113.0995831831,179.2499702923
2016-06-08,45.923265388,36.794202642,36.332,49.7781101691,87.6676795896,62.4199182265,58.4172688379,62.1539068516,23.6368005256,114.3765767557,179.8342618744
2016-06-09,45.5526318088,36.773897064,36.3825,49.3966687119,88.5761529532,62.8126388251,58.3400568954,61.3979702045,23.8406323557,114.1507669166,179.5886966894
2016-06-10,45.4290872824,36.3118213494,35.8955,48.7024452597,88.5837235646,62.8352957827,57.8960882259,60.4988034558,23.8117882288,113.9872494469,177.8866390744
2016-06-13,44.2465896725,36.2469425513,35.762,48.2676019985,88.4171701146,62.3594996728,58.288582267,59.8622252266,23.7656376258,112.1496245498,176.5148195639
2016-06-14,43.9730267925,36.3147928974,35.965,47.3597713303,88.6670002896,62.9485805708,58.1856330103,59.5678077956,24.0329265351,112.0483994495,176.1676294314
2016-06-15,43.8494822661,36.2622955493,35.713,47.2758542097,88.1294868828,62.6464878026,58.0119061397,59.7349095807,23.8137111706,111.8537357952,175.9220642464
2016-06-16,44.4672048982,35.8690606968,35.8755,47.4665749383,88.3036109441,62.993894486,58.6939449652,59.6712517578,24.0079282918,112.4065805735,176.4470741151
2016-06-17,44.2377650634,34.8785446955,35.3195,47.5123479131,87.425420026,62.7824295483,58.3722285381,60.4192311771,24.0560018366,111.5889932252,175.793728783
2016-06-20,44.1848174093,34.9716531997,35.7005,47.5810073754,88.2279048305,62.7144586754,58.6296016798,60.8170925704,23.8906288424,112.157411096,176.9258516105
2016-06-21,45.1731736205,35.1078491498,35.791,48.0234794658,87.9553628214,62.993894486,58.89340915,60.8648359375,23.8963976678,111.4644084864,177.4280673514
2016-06-22,44.9966814399,35.1865951719,35.53,47.8403875664,88.1673399396,63.1147315933,58.6617733225,60.8170925704,23.7752523348,111.7369376025,177.1386563333
2016-06-23,45.8085454706,35.4045086922,36.104,48.8626506718,88.863836185,63.5980800224,59.0671360207,62.2414363581,23.8079423453,113.6991472385,179.4454527183
2016-06-24,43.9730267925,33.9350782043,34.948,45.4678217024,87.5389791964,62.1253777775,57.5164628419,58.1116350963,23.8060194035,109.1050849956,173.0017316716
2016-06-27,42.7375815285,33.734003456,34.568,43.9496847026,88.2354754418,61.3474888994,57.1754434292,56.7986924986,24.5905796552,104.9782155232,169.9032957594
2016-06-28,43.6288670404,34.2352045527,35.3975,45.4067910692,89.5073381509,62.2764241616,58.4944807804,57.7058164752,24.7021102792,106.4576592963,172.9676761062
2016-06-29,44.5995740336,34.429840947,35.78,46.6884343655,90.3401054009,63.3715104463,59.4918017045,59.0665024401,24.5655814119,109.1050849956,175.9128994278
2016-06-30,45.1555244025,34.8428861195,35.781,47.4055443051,91.8315158395,63.9454867058,60.3153957579,60.3237444427,25.0751609872,111.2831126869,178.3133298908
2016-07-01,45.1466997934,35.1756994959,36.284,47.1003911393,91.8239452282,64.0285622171,60.3797390433,60.8330070261,24.946323887,110.4213031687,178.6878679053
2016-07-05,45.1555244025,34.9102412076,36.405,45.7856397706,92.5658651418,64.5270152846,59.8521241029,59.1858608581,25.1655392515,108.5018183329,177.4025324871
2016-07-06,45.3408411921,35.1123064718,36.8805,46.2777104583,92.8459777622,64.2173701972,60.5405972569,59.543936112,25.169385135,109.1834313154,178.4665561009
2016-07-07,45.3408411921,35.0276173537,36.8285,46.5775660336,92.7475598145,64.0663238131,59.8135181316,59.718995125,24.6771120359,109.4263049069,178.355893389
2016-07-08,46.1527052228,35.5486287704,37.2905,47.5386415956,93.0049606009,64.7762418183,60.1867091871,61.5650719896,24.9847827229,113.092912675,181.0116920729
2016-07-11,46.4086188846,36.015161807,37.689,47.8769401934,93.0655254918,64.7611371799,60.4119106861,61.9072327878,24.9386321198,113.4924789061,181.6501062412
2016-07-12,46.9557446444,36.2781438054,37.4105,48.5919804115,93.0579548804,64.7611371799,61.0939495116,63.4986783608,24.4848178566,115.7175143893,182.969498076
2016-07-13,47.2204829153,36.1280806312,37.1315,48.5612259935,93.1185197713,64.8668696488,61.0489092118,63.4111488543,24.6463449672,115.8898762929,182.9439623605
2016-07-14,47.423448923,36.4410836876,37.06,49.299332025,93.2547907759,64.8517650104,61.0939495116,63.7055662853,24.4675113804,116.6576702272,183.9654224761
2016-07-15,47.3881504869,36.4326643016,36.772,49.345463652,93.1185197713,64.9574974792,61.2033330968,64.2148288686,24.5328914014,117.0102286665,183.7185749562
2016-07-18,47.6175903216,37.3028326087,36.8035,49.1763143531,93.2245083304,64.8970789256,61.0103032405,64.1272993621,24.6617285016,116.8848745547,184.2122836154
2016-07-19,46.8498493361,37.3132330267,36.9975,49.0994283082,94.8219073281,65.0783345865,60.7851017415,64.0630274509,24.6309614329,117.0337325624,184.025013757
2016-07-20,49.3383890823,37.494992713,37.286,49.1532485396,94.7386306031,64.9420152249,60.4376480002,64.0228575065,24.461742555,117.0102286665,184.7911056516
2016-07-21,49.241318383,37.3627588268,37.2215,48.9687220317,94.7462012145,64.8963457345,60.3861733719,64.2799451511,24.6636514434,116.1875923083,184.0931129707
2016-07-22,49.9208132782,37.6039494731,37.243,49.2378231891,94.6553538781,65.2464784936,60.4891226286,63.7738038507,24.9617074214,116.4461351637,184.9187961462
2016-07-25,50.0620070227,37.516784065,36.9805,49.1071169127,94.549365319,65.3073711474,59.3245091624,63.2194586169,24.900173284,116.3599542119,184.4165676371
2016-07-26,50.0884808498,37.523222419,36.7795,49.3070206295,94.7462012145,64.9039573163,58.89340915,66.4812581084,24.6963414538,117.4019602656,184.5016946335
2016-07-27,49.5854781351,37.7371738753,36.8335,49.4607927194,94.4585179827,64.287419197,58.4944807804,67.5658466093,24.4540507879,116.743851179,184.3059176934
2016-07-28,49.6031273532,37.9288387215,37.6305,49.2839548161,94.2238290304,64.5538245572,58.0376434539,66.6178359196,24.5021243327,116.7281819151,184.5187224162
2016-07-29,50.0178839776,39.1917466232,37.9405,49.1840029576,94.8067661054,65.1475279313,57.233352386,66.4892920973,24.6694202687,117.0650710904,184.8166413671
2016-08-01,49.9296378873,39.6671943038,38.387,49.0532966812,94.9354664986,65.7716776322,55.2451448664,65.8385389968,24.7098020464,116.8535360268,184.6634279252
2016-08-02,49.9296378873,39.6265831477,38.029,48.9379676138,94.5190828736,66.0380829924,56.0043956344,65.2681257852,24.5425061104,116.1327498844,183.4802345179
2016-08-03,50.2737976394,39.5671521877,37.732,49.7145166678,93.799874794,65.4367680366,56.2939404188,65.9028109079,24.6309614329,116.1170806204,184.0164939071
2016-08-04,50.6444312186,39.4844441016,38.0385,49.6376306228,93.7695923486,65.4976606903,56.2875060903,65.6939271967,24.5078931581,116.7360165471,184.2122836154
2016-08-05,51.1474339333,39.9638538462,38.299,50.9754478051,94.0572755804,65.2921479839,56.3389807186,66.3286123194,24.2271436562,116.9005438187,185.7189316892
2016-08-08,51.2356800236,39.8796599861,38.328,50.8216757151,93.6106095099,65.2769248205,57.0017165585,67.0356033422,24.2271436562,116.5479853795,185.6082817455
2016-08-09,51.35922455,39.9910930362,38.4155,50.6448378118,93.4440560599,65.4519912,57.0724941725,66.5455300196,24.2425271906,116.8143628669,185.7189316892
2016-08-10,51.2003815875,40.0411140943,38.428,50.1912101465,93.3910617804,65.695561815,56.0816075769,66.4009182195,24.3002154444,116.759520443,185.2592785953
2016-08-11,51.4474706403,40.0267516123,38.562,50.3296050274,93.7014568463,66.0152482472,56.2828030213,66.8749235643,24.425206661,116.775189707,186.1190054192
2016-08-12,51.1297847152,39.9697969422,38.628,50.2219645645,93.2850732213,66.2512072805,57.0161928669,66.6821078308,24.3809789997,117.3941256336,185.9572848957
2016-08-15,51.2886276778,39.9158138201,38.4245,50.5295087443,92.5961475872,66.2359841171,56.9902321644,67.6060165537,24.0983065561,118.7103438068,186.4935434337
2016-08-16,51.0062401888,39.6795757538,38.202,50.5218201398,91.0971665373,65.9010745214,57.0616240963,67.7184923983,23.8425552975,119.6896728047,185.5316754502
2016-08-17,51.1127991864,39.8890698881,38.2315,50.6602150207,91.8390864509,66.1903146267,57.1849374332,67.814900265,24.1906077622,120.4339628431,185.8806649809
2016-08-18,51.1483188523,39.7568360019,38.223,50.7063466477,91.3924203804,66.5556705492,57.7041514832,66.9873994088,24.4136690102,121.4132918409,186.2977673448
2016-08-19,51.1660786852,39.6033060217,37.8655,50.6371492073,91.3924203804,66.4567199869,56.9837419888,67.356962898,24.052155953,121.9695507117,186.0253704899
2016-08-22,51.2104782676,39.4695863615,37.974,50.5910175803,90.7903522342,66.1065872278,57.1070553257,67.1561131756,24.0444641859,121.8128580721,186.0168634083
2016-08-23,51.4058364299,39.4517570735,38.1225,50.5679517668,91.0266068232,66.5252242224,56.9318205838,67.4935407092,23.8963976678,121.7736849121,186.3914014228
2016-08-24,51.4591159287,39.3036749313,37.8625,50.7063466477,90.4702653716,66.4567199869,57.1265258526,66.8026176642,23.8733223662,121.6013230085,185.438040521
2016-08-25,51.654474091,39.1897655912,37.961,50.7986099017,90.3635697507,66.9058033083,56.7630760176,66.5535640085,23.9425482708,122.0087238716,185.3103500263
2016-08-26,51.5301552604,39.2848551273,38.45,50.9139389691,90.7217621922,66.6622326933,56.6397626807,66.4089522084,23.5541140285,120.8491983382,184.9613468761
2016-08-29,51.5923146757,39.4136222075,38.5645,51.4752070973,91.3924203804,67.2102665771,57.0097026913,66.7624477197,23.6935562428,122.1340779834,185.8721578993
2016-08-30,51.4058364299,39.2204715872,38.379,51.8980803445,91.0494701705,66.6317863664,56.8020170713,66.2643404082,23.4766461317,122.7295100141,185.5657182473
2016-08-31,51.0240000218,39.1179531811,38.458,51.8980803445,90.9503956655,66.4567199869,56.5553903976,65.8385389968,23.4224186039,121.9225429198,185.037966791
2016-09-01,51.1394389358,39.1947181712,38.531,51.6751108141,90.7522466553,67.2178781588,56.3606851288,65.436839552,23.4340387884,122.4552978947,185.0464738726
2016-09-02,51.2104782676,39.4656242975,38.622,51.89039174,90.9351534339,67.1341507599,56.7371153151,65.6296552855,23.846555339,123.0742338213,185.8806649809
2016-09-06,51.1571987688,40.0178369683,39.4435,51.8519487175,91.2628614123,67.4690603555,57.483485512,65.9429808524,24.2648819818,123.3171074128,186.4424728539
2016-09-07,51.2015983511,40.0163511943,39.224,51.6366677917,91.1561657914,66.9438612169,57.2693097163,67.2605550313,24.2203379412,123.3171074128,186.4254450712
2016-09-08,50.9973602724,39.7612933239,39.203,51.7058652321,91.0494701705,66.8144643277,57.795013942,67.1159432311,24.2823122586,122.1340779834,185.9998356257
2016-09-09,49.9140104633,39.050102835,38.007,51.2445489624,90.1044518144,65.642280743,56.3606851288,64.9065962849,23.4069250246,118.7181784388,181.5479642304
2016-09-12,50.6599234466,39.5621996077,38.5745,51.5597817467,90.8132155815,67.1722086685,56.6527430319,65.8144370301,23.8775424977,117.9738884004,184.1526914833
2016-09-13,50.1981677903,39.061989027,38.0505,51.1522857085,89.6319426363,66.2588188622,55.3027865019,64.4566929068,23.5386204491,115.7253490213,181.5054007322
2016-09-14,49.9584100457,39.1481639191,38.0545,51.05233385,89.8224705307,66.2283725353,54.9068857888,65.0913780295,23.6470755047,115.0280667748,181.4373015184
2016-09-15,50.7842422771,39.6815567858,38.4845,51.2368603579,90.4092964454,67.0275886158,55.2184142188,65.9028109079,23.7690874422,114.8400356072,183.2504020125
2016-09-16,50.8375217759,39.5201026776,38.926,50.6063947893,90.1196940459,67.0199770341,54.5369457781,65.9188788857,23.88335259,114.2289343125,182.5456472487
2016-09-19,50.553364449,39.3923261134,38.755,50.8908731556,89.6700482152,67.2635476491,54.4071422656,65.7823010745,24.1583636237,115.0123975108,182.5798763764
2016-09-20,50.4468054514,39.6097443757,39.011,51.098465477,89.8910605727,67.4233908652,53.56990961,65.6376892744,24.2222746386,115.2239325743,182.5884266001
2016-09-21,51.2903975158,39.8697548261,39.487,51.3906324478,90.6226876871,66.8296874911,54.0631629575,67.0597053089,24.7587398241,116.5323161155,184.6417199711
2016-09-22,51.3436770146,40.4105765628,40.235,51.8135056951,91.0418490548,67.7354657157,54.2189271725,67.0838072756,24.7955370751,116.0700728285,185.8052365406
2016-09-23,50.9973602724,40.3615460207,40.2875,51.7058652321,90.5464765293,66.7992411642,54.1605155919,66.2322044527,24.5476398052,115.5294832217,184.7871593284
2016-09-26,50.5267246996,39.7518834219,39.958,50.5756403713,89.7615016045,66.8677453997,53.9073987425,66.1759665304,24.4469315394,116.2267654682,183.2899718599
2016-09-27,51.4591159287,40.1520518864,40.8055,51.021579432,90.8589422761,67.2559360674,54.0242219037,66.585699964,24.5553865949,116.6106624353,184.427836047
2016-09-28,51.5301552604,40.1188696004,41.436,51.2906805894,90.9885012443,68.0932100564,56.3996261826,69.5663098442,24.4953489749,117.3471178417,185.3432523978
2016-09-29,50.970720523,39.7513881639,41.4525,50.4756885129,89.3728246999,67.156985505,56.114058455,70.273300867,23.956947092,117.9190459765,183.6663972998
2016-09-30,51.1483188523,39.8217148,41.8655,51.1984173354,90.0282406566,68.3139459263,56.6462528563,71.3177194234,23.6896828479,117.7858572328,185.0523736832
2016-10-03,50.9884803559,39.6394598558,41.837,51.1369084995,90.5464765293,67.4842835189,56.4969788169,70.9240539675,23.4592158549,110.1314217854,184.607491699
2016-10-04,50.8286418595,39.7588170339,41.7015,51.5751589557,90.5540976451,67.2483244857,55.9777647669,70.3054368226,23.0273323301,107.5851663909,183.6663972998
2016-10-05,51.1838385182,39.6815567858,42.218,52.4192569026,90.828457813,67.6289035716,56.4645279388,71.8399287016,22.957611223,107.3187889035,184.4791664778
2016-10-06,51.2726376829,39.7731795159,42.083,52.5586492241,90.5007498347,67.9105320952,56.4904886413,71.7354868459,22.8588396545,108.0317404139,184.607491699
2016-10-07,51.3259171817,39.6558033698,41.9715,52.7445056527,90.8741845077,68.5042354693,56.2957833726,71.0766997565,23.5773543976,106.494399001,183.9743901505
2016-10-10,51.5390351769,40.3224206387,42.0855,53.1549385994,91.3009669911,67.7887467877,57.3991132288,70.8758500341,23.7787709293,106.7466806688,184.9325995413
2016-10-11,50.7842422771,40.0946019584,41.55,52.89938601,89.6548059836,67.3929445383,56.9448009351,70.273300867,23.4630892497,104.5786350865,182.5969776794
2016-10-12,50.7132029454,40.2035587185,41.7045,52.7599936885,89.9063028042,67.4157792835,56.5489002219,70.3616747448,23.8175048777,104.7047759204,182.8365396519
2016-10-13,50.5444845325,39.822705316,41.464,52.4579769919,90.1273151617,67.1645970867,56.1789602113,69.8716014222,24.1370599521,104.271166804,182.237654398
2016-10-14,50.9884803559,39.848458732,41.148,52.2876085989,89.5938370574,67.3092171394,56.16597986,70.4339806449,24.0208581069,104.5786350865,182.3317633246
2016-10-17,50.8108820265,39.9593965242,40.6475,52.0165679738,90.3026008245,66.8525222363,56.16597986,70.1286890669,24.0266681991,104.2869344082,181.6986754647
2016-10-18,51.2015983511,40.6849494951,40.8825,52.4270009204,87.9552971657,66.563282131,56.3152538994,70.0724511446,24.2300214283,105.5010399343,182.8365396519
2016-10-19,51.086159437,40.9622939755,40.8845,52.9303620814,87.3303656721,65.6190654187,56.5748609244,70.6991022784,24.127376465,105.5719941533,183.3241881545
2016-10-20,50.8375217759,40.6918831071,40.516,52.8606659207,87.5437569138,65.1511249242,56.6008216269,70.2170629447,24.0402250811,105.9504166549,182.9819790092
2016-10-21,52.9775816446,40.8122308013,40.9495,53.0387783315,86.4539373579,64.6908555853,56.217901265,69.9739010045,23.9588837894,105.9898356655,183.067524879
2016-10-24,54.1674904512,41.390692146,41.9045,53.3330510102,86.5834963261,64.5144190053,56.4061163582,69.6983174722,24.0886425166,106.2815363439,183.8460649293
2016-10-25,54.1586105348,41.0346016436,41.759,53.2788428852,86.8502353782,66.7160406765,56.2828030213,68.474402373,24.3094260225,105.2566420686,183.2300783724
2016-10-26,53.8389335419,40.7151602332,41.1295,53.5343954746,87.3075023247,67.0459003694,56.5229395194,68.1907134427,24.4411214471,104.8388005564,182.8622040117
2016-10-27,53.3682979692,40.4799126829,40.918,53.6118356532,88.1763095232,66.4168656062,56.4126065338,67.2829088658,24.2319581257,105.1699202453,182.374542676
2016-10-28,53.1640598904,40.589364701,38.816,53.5189074389,87.8943282395,66.6163156531,55.02370895,67.9880784925,24.3500966684,105.4931561321,181.8355509097
2016-10-31,53.2084594727,40.1109454724,39.491,53.6350677068,88.3973218806,66.5856310305,54.0761433088,67.6476517761,24.7897269828,105.1856878496,181.844114822
2016-11-01,53.1019004751,39.8920414361,39.2705,53.4104911888,87.9019493552,66.6239868087,54.2903191044,66.6587932191,24.3810838271,104.271166804,180.5265830053
2016-11-02,52.7733435658,39.047131287,38.278,53.1859146708,87.536135798,66.5396040966,54.1605155919,65.7428832442,23.9530736971,105.2881772771,179.4400612264
2016-11-03,52.5779854036,38.7385855526,38.3515,52.953594135,87.6656947662,66.4322079175,54.29680928,65.8725696123,23.9840608559,104.9255223797,178.6187418247
2016-11-04,52.1339895802,38.6846024305,37.7525,52.4734650276,87.7266636924,65.2661922589,54.2383976994,66.7155310052,23.8562388261,105.146268839,178.4219720367
2016-11-07,53.6524552961,39.7211774259,39.2465,54.1151968142,88.9079366376,66.4015232949,55.4585507169,67.8827083184,24.1428700444,108.0711594245,182.35742854
2016-11-08,53.6968548785,40.2139591365,39.3875,54.2313570821,89.2051601529,67.0919273033,55.85445143,68.6365103331,24.2416416128,107.9529023928,183.1787487972
2016-11-09,53.4304573844,39.8974892741,38.594,56.7249308334,91.6896438957,65.918240489,56.4698914059,73.9212298344,22.7542579938,108.1815326542,185.12081825
2016-11-10,52.1251096637,38.6444865325,37.119,59.3578969062,91.102817981,63.6399072614,56.9936701088,75.7449443863,22.2836405206,110.3574620385,185.5828015373
2016-11-11,52.4092669907,38.2215361999,36.9505,59.3888729777,90.287358593,64.1155189116,56.0901518463,75.3883068739,21.9892625127,109.2221945336,185.1550336891
2016-11-14,51.6100745086,37.3038231247,35.9535,61.5726860145,88.862209943,63.670591884,55.8348097287,76.3285330429,22.1635652806,108.7807016151,185.3004730464
2016-11-15,52.6223849859,38.3904191781,37.162,61.4565257466,88.6488187012,64.1462035342,56.8430837318,76.5473787891,22.2778304284,108.9068424489,186.7463309398
2016-11-16,53.3196070054,38.6291335344,37.3245,59.9386982458,88.6793031643,63.8163438413,56.1425297166,75.6638904062,22.1345148193,109.379870576,186.3955578822
2016-11-17,54.2045426456,38.9352029788,37.82,60.4188273532,88.8393465956,63.7242899735,55.8020735598,75.2018827197,22.2294129929,108.7964692193,187.3537664174
2016-11-18,53.9453190742,38.4305350762,38.008,60.1787627995,88.5268808488,62.9034763191,55.8348097287,74.8452452074,22.0957808709,108.7649340108,186.9345496485
2016-11-21,54.4011950101,38.8678478908,39.0,60.4420594068,88.2506180445,63.3944302806,56.6270250168,75.2991474958,22.1461350038,110.1682507877,188.3461784143
2016-11-22,54.6336023499,38.8777530508,39.2665,60.8137722641,86.5163015508,63.4864841484,56.7514224588,75.8827361524,22.2139194135,110.1445993814,188.714065608
2016-11-23,53.9900127934,38.5805982504,39.006,61.0693248536,86.7695424547,63.4251149032,56.9085560696,77.9577180425,22.1339079318,110.9645148016,188.8167256139
2016-11-25,54.1062164633,38.6415149845,39.0185,61.0460928,87.5829829341,64.0234650438,57.0395007453,77.6578183162,22.3954088719,111.5873351688,189.5182708736
2016-11-28,54.1777264141,38.9168784328,38.3385,60.6511478891,86.8155862554,63.7242899735,56.6139305492,76.9202270975,22.6959398031,111.7765464197,188.6285069051
2016-11-29,54.6067861184,39.0976476031,38.126,61.1157889607,86.3167784143,63.5862091718,56.2407382234,76.2231628688,22.8852352598,113.1089089775,188.9963940989
2016-11-30,53.8648703797,38.4260777542,37.5285,62.0837911934,85.4112503335,63.256349479,57.1573509535,77.455183366,22.2919793956,113.8894053871,188.5429610353
2016-12-01,52.9173635326,37.8540547634,37.1825,63.3383220869,85.4726420678,62.79608014,57.1180675508,78.0063504306,22.0421874528,113.5819371045,187.8499788324
2016-12-02,52.9620572518,37.8604931174,37.017,63.1911857475,85.9177321414,63.2103225451,56.9871228751,77.1147566497,22.3271063876,113.9603596062,187.9440757815
2016-12-05,53.8291154043,38.5419681263,37.968,64.4766927125,85.9023842079,63.6629207283,57.2752011616,76.5554841871,22.4422448612,116.1520565948,189.0733888894
2016-12-06,53.5877693206,38.4409354942,38.236,64.8096854805,85.9944718093,63.6015514831,57.3275790319,77.1795998337,22.3934573724,115.5528876339,189.6722613102
2016-12-07,54.8570709459,39.1981849772,38.521,65.1039581593,85.2577709978,64.5757882505,57.661487955,78.8898388134,22.9652467415,117.105996651,192.1533225294
2016-12-08,54.5352761677,39.3814304374,38.3665,65.9170800347,85.1733573631,64.0541496664,57.8251687997,78.0306666246,22.8071752777,117.5159543611,192.6238568959
2016-12-09,55.3933955763,40.0886588623,38.433,66.2036086955,86.147951145,64.7215402079,58.2703806971,77.430867172,22.7330182946,117.9022606648,193.7873862985
2016-12-12,55.5721704531,40.0118938722,38.006,65.6150633381,88.5268808488,65.3045480372,59.5667329868,77.0661242616,22.9203622517,117.9732148839,193.5649512951
2016-12-13,56.2962087041,40.3803658247,38.717,65.6382953917,88.9336010885,65.3429038154,60.6142903926,77.8280316744,23.2267476816,117.5632571738,194.8568059189
2016-12-14,56.0280463889,40.5066566149,38.441,65.6150633381,88.2429440777,64.7215402079,59.3048436354,75.9800009285,22.6432493152,116.8221797748,193.2484073652
2016-12-15,55.9386589505,40.3957188227,38.05,66.5985536065,88.9336010885,64.959346033,59.5078078827,76.6203273712,22.8383992705,117.5396057674,194.044049574
2016-12-16,55.688374123,40.1079739244,37.8885,65.7776877132,88.9259271217,64.959346033,59.6976776625,75.0397747596,23.203329687,116.230894616,193.6666941667
2016-12-19,56.8682883099,40.2397125525,38.3,66.1571445884,89.0333626567,64.9823594999,59.2000878948,75.1451449337,23.2657776727,116.4595248774,194.0883873995
2016-12-20,56.7967783592,40.3734322127,38.561,67.0089865531,88.7570998524,64.8749633208,59.2066351286,76.466324809,23.2813896691,116.2860812308,194.8370945663
2016-12-21,56.7967783592,40.2248548125,38.53,67.1793549461,88.4885110149,64.652499807,59.1084266218,76.0448441126,23.1447847004,116.167824199,194.2949327975
2016-12-22,56.805717103,40.1000497964,38.317,67.2877711961,88.5882725831,64.7982517643,59.4947134152,76.2880060528,23.203329687,115.1744651322,193.9593043785
2016-12-23,56.528616044,40.0069412922,38.0295,67.4116754819,88.987318856,65.1741383911,59.3899576746,76.450114013,23.2677291722,115.4819334148,194.2433001055
2016-12-27,56.5643710193,40.1124312464,38.57,67.4736276248,88.9489490221,64.8979767878,59.4161466097,76.6365381672,23.2716321713,116.1914756054,194.7252267457
2016-12-28,56.305147448,39.846972958,38.6065,66.9857544995,88.3273577124,64.4914055384,59.1215210894,75.501782446,23.1545421981,114.4097363269,193.1159187737
2016-12-29,56.2246987534,39.7632743559,38.2575,66.51336941,88.6266424171,64.7061978966,59.1542572583,75.6152580181,23.4531216298,114.4964581501,193.0728997059
2016-12-30,55.5453542216,39.2467202612,37.4935,66.8231301244,88.411771347,64.499076694,59.0953321542,75.1694611277,23.3126136619,114.0602660605,192.3672116068
2017-01-03,55.9386589505,40.0173417103,37.6835,67.5510678034,88.8952312546,64.5911305618,59.5078078827,76.1826358787,23.168202695,113.7271739193,193.8388220731
2017-01-04,55.688374123,40.0054555182,37.859,67.6749720892,88.7494258856,64.8212652313,58.8530845041,75.8422091624,23.2365051794,114.7185195776,194.9920072724
2017-01-05,55.688374123,40.2654659686,39.0225,67.0520290714,89.6779758668,65.2508499476,57.9757551768,75.3802014759,23.2228446825,113.5844201445,194.8370945663
2017-01-06,56.1710662904,40.8691854714,39.7995,67.0598158592,89.2482337268,65.2278364807,57.9430190078,75.4126230679,23.1545421981,114.4885273849,195.53418195
2017-01-09,55.9922914136,40.9667512975,39.846,67.1065365855,89.2328857932,64.7445536748,56.9871228751,74.8695614014,23.0959972115,116.0350266118,194.8887410278
2017-01-10,55.9744139259,40.9088061114,39.795,67.3012062785,89.1407981917,64.0464785108,56.2603799248,76.0529495106,23.1408817013,115.2022962588,194.8887410278
2017-01-11,56.4839223248,41.0994804417,39.951,67.8073474804,88.0434209413,64.2459285576,56.836536498,76.7175921473,23.3028561642,115.7971036538,195.4395164208
2017-01-12,55.965475182,41.0831369276,40.682,67.1532573118,87.9590073066,64.3149689585,56.52881651,76.1826358787,23.3204196601,115.6622806443,194.9489752958
2017-01-13,56.0459238766,41.1529683057,40.857,67.511449547,87.9436593731,64.4453786045,56.5353637438,76.5798003811,23.2326021802,115.2736731462,195.3964844442
2017-01-17,55.8939652313,40.9806185215,40.486,65.0586114147,88.1508564763,65.3659172823,57.1966343562,75.8422091624,23.460927628,115.265742381,194.7080115454
2017-01-18,55.8671489998,41.0578787696,40.374,65.3622961358,88.0203990409,65.6647087949,56.4895331073,76.2717952568,23.4238491365,116.0508881423,195.1383054936
2017-01-19,55.688374123,40.8275837993,40.452,64.8639417216,87.6367007016,65.486881372,55.4747118704,76.3126566065,23.27748667,115.3688423294,194.415415103
2017-01-20,56.081678852,41.0157818396,40.4165,65.1520528673,87.5983308677,67.6130788191,56.2341909896,77.2933289981,23.2735836709,116.2808803351,195.1297039176
2017-01-23,56.2783312164,41.8210713486,40.894,65.1832000182,87.4141556648,67.2342290922,55.6318454813,77.1952617589,23.1799116923,115.8446882454,194.6219475923
2017-01-24,56.7789008715,42.0736529289,41.122,65.9696655781,85.7642528057,67.9300755294,55.7104122867,78.6499258064,23.185766191,116.6853493637,195.869810369
2017-01-25,56.9219207729,42.5154230655,41.826,66.9897347697,86.5623453515,67.3888616338,55.8740931314,80.2108293631,23.2267476816,117.7956565009,197.5651693854
2017-01-26,57.4493066595,42.4426201394,41.9575,67.5503834856,85.82564454,66.9558905173,56.0443212098,79.4508082596,23.1740571937,118.0177179284,197.3586239873
2017-01-27,58.7990569793,41.8507868286,41.7885,67.6905456646,87.0074354251,67.0486700423,55.9853961058,80.8973000372,23.6853500766,112.6247975473,197.048811484
2017-01-30,58.2180386297,40.8008398673,41.519,66.9897347697,86.8155862554,67.0718649235,55.5598259097,79.0994006526,23.8961120283,111.8158594901,195.8267783924
2017-01-31,57.7889789254,40.620565955,41.174,65.8995844886,86.9076738569,67.7290532254,54.9247442324,78.1759341505,24.1439524716,110.8403753624,195.8095631921
2017-02-01,56.8325333345,40.3754132447,41.6175,66.1487616957,86.8923259233,67.5202992942,54.3027570227,77.7264593044,23.9292875207,109.9838527136,195.8870126605
2017-02-02,56.4660448371,40.5249811609,41.9975,65.8684373377,87.153240794,67.8527592586,54.6366659458,76.6313751337,24.0932134832,110.4596986296,196.0161085902
2017-02-03,56.9219207729,40.617594407,40.51,67.8852153577,87.2069585616,67.5821523108,54.6955910499,76.2309339072,24.2395759497,111.157605973,197.3672247027
2017-02-06,56.8861657976,40.6913878491,40.382,67.5659570611,87.0227833587,67.5744206837,54.5450046728,75.89587084,24.1712734653,110.2772910285,197.0143810835
2017-02-07,56.6984521769,41.0682791876,40.625,67.5270231225,87.084175093,68.0460499357,54.1914540483,76.2554507169,24.2629939443,110.0790218968,197.0229947077
2017-02-08,56.6180034824,41.1004709577,40.9855,66.9352272556,87.0227833587,68.2934620022,53.8379034239,75.9285599197,24.6474393563,109.9124758262,197.2811736584
2017-02-09,57.2615930388,41.1093856017,41.068,67.9007889331,87.5446131002,68.556337323,54.0757733948,76.7866482624,24.32544193,109.8728219999,198.451574058
2017-02-10,57.2079605758,41.346614184,41.373,67.7450531787,88.4347932474,68.0151234273,54.52508334,78.707131696,24.4854648934,111.1338136772,199.2346995772
2017-02-13,57.8515501323,41.5501652223,41.8265,68.6405337667,88.9259271217,68.2779987481,54.8422433012,80.4968588106,24.5888943697,111.4272519921,200.3190480719
2017-02-14,58.0660799844,41.6031578283,41.8195,69.7384708354,89.2942775275,67.9300755294,54.7233083157,80.1617957435,24.5888943697,112.7199667305,201.1193887913
2017-02-15,58.0301090506,41.4689429101,42.135,70.5405099708,89.9388907375,70.4505859577,54.9479632883,80.921816847,24.4503379014,112.9182358621,202.1693068854
2017-02-16,58.0211163171,41.7091430405,42.207,70.4937892444,90.6141998147,70.195442264,54.3797183577,80.3007243323,24.6259728612,112.5137668336,201.9971918879
2017-02-17,58.1110436518,41.9260660447,42.2535,70.2601856128,91.2127692241,70.4273910765,54.0229134013,80.7828882582,24.7567233313,112.2203285187,202.3156051066
2017-02-21,57.9941381167,42.0607762209,42.822,70.8675550551,91.826686567,70.8758254471,54.1088108908,80.1699680134,25.0299332687,112.1965362229,203.5204359068
2017-02-22,57.8772325817,42.1642851431,42.7805,70.9064889937,91.719251032,70.6979980243,53.4744909683,80.2516907127,25.0650602607,111.3003597478,203.339707285
2017-02-23,58.1110436518,42.146455855,42.6095,70.9609965077,93.3921757915,70.4583175848,54.0361283997,78.0860391813,25.207519728,111.3162212783,203.4774039302
2017-02-24,58.1110436518,41.9884685528,42.262,70.33805349,94.7965117134,70.3964645681,53.5736034562,78.0288332918,25.7485729791,111.7127595417,203.7355828809
2017-02-27,57.7603270466,42.0805865409,42.432,70.4159213672,94.5416200906,70.2727585348,53.8775484191,79.630598198,25.5342636897,110.5390062822,204.0539969602
2017-02-28,57.53550871,41.8458342486,42.252,70.5638703339,94.3948643078,70.4119278223,53.7321834368,78.9931611435,25.7564375402,111.4034596963,203.5032207065
2017-03-01,58.3988111226,42.4312292054,42.654,72.884333075,95.6693224217,70.86809382,54.8554582996,80.5622369701,25.4438212373,113.957166112,206.3517649222
2017-03-02,57.5624869104,42.089501185,42.4455,71.7474620676,95.4916706846,70.288221789,55.040468277,77.1135390596,25.7446406986,111.4827673489,205.0522815017
2017-03-03,57.7783125136,42.0513663189,42.494,72.2613900572,95.6152545017,69.9712250787,54.4854383448,77.7346315743,25.7171147348,110.650036996,205.1813645226
2017-03-06,57.7962979805,41.9617246208,42.3305,71.5761527377,95.5534625932,69.8707139267,54.7299158149,78.1759341505,25.6856564905,110.4834909254,204.5703548615
2017-03-07,57.9132035155,42.153884725,42.301,71.1790265639,95.646150456,69.80886091,54.52508334,78.3965854386,25.6876226308,110.7452061792,203.959331431
2017-03-08,58.44377479,42.2772039672,42.525,71.0232908095,95.8546981474,69.6928865038,53.5405659602,76.1900725575,25.4497196581,110.681760057,203.5806710354
2017-03-09,58.2099637199,42.4852123275,42.65,71.3036151675,97.2836360328,69.8475190454,53.9634459086,74.6863748904,25.3140559794,109.9045450609,203.8388499861
2017-03-10,58.3898183892,42.6617718047,42.623,71.0777983236,97.4844597356,70.4119278223,53.9238009134,75.4382237239,25.5716203548,110.055229601,204.5531388006
2017-03-13,58.191978253,42.8190162199,42.7295,71.1400926253,97.8474871983,70.5974868722,53.7982584287,75.7079086316,25.6502659656,109.3018069007,204.6564059059
2017-03-14,57.922196249,42.884885534,42.6265,71.2568944412,98.1332747754,70.3578064327,53.5141359634,75.0704715771,25.6718935086,108.001161397,203.8732674778
2017-03-15,58.2279491868,43.0077095182,42.6485,71.428203771,99.6085565922,70.667071516,54.1814933819,76.2963120666,25.9333901645,109.4366299102,205.6374752471
2017-03-16,58.1290291187,43.0874460563,42.671,71.3581226815,99.2223571637,70.6979980243,54.2277458763,75.8795263002,25.5401621105,109.4207683797,205.2329980752
2017-03-17,58.3358619884,43.2048222024,42.6155,70.6105910603,98.9133976209,70.3578064327,54.1814933819,75.9285599197,25.6050447394,110.6579677612,204.8742370536
2017-03-20,58.3898183892,42.9839371341,42.8485,70.1044498583,98.9211216095,70.5279022285,54.1814933819,77.9634551323,25.5381959702,109.9917834789,204.6495132739
2017-03-21,57.7423415797,42.103863667,42.16,68.0487378998,98.2877545468,70.5047073473,54.0691658956,75.5362909631,25.9235594632,108.2152920592,202.0219162514
2017-03-22,58.4797457238,42.087024895,42.403,68.1577529279,97.5230796784,70.3500748057,54.0229134013,75.5362909631,26.0336633183,108.1835689981,202.4973052126
2017-03-23,58.3358619884,41.5843380243,42.369,68.0487378998,97.2450160899,70.1799790099,54.0889883932,75.3728455645,25.9707468297,108.6911379752,202.2812204998
2017-03-24,58.4347820565,41.360976666,42.2805,67.9708700226,96.92060857,70.0253464683,53.6727159441,75.3074674051,26.1103427889,107.017746504,202.1342846237
2017-03-27,58.5426948581,41.5278786122,42.341,67.931936084,97.1677762042,69.9634934516,53.6859309425,74.7844421295,25.7760989429,107.7949615001,201.9268381134
2017-03-28,58.7135567939,41.6328733084,42.8,68.9909392141,97.0596403642,70.1722473828,54.0757733948,75.9612489995,25.8075571873,108.8497532805,203.3962245326
2017-03-29,58.8754259963,42.090491701,43.716,68.7339752193,96.4880652101,70.0485413495,54.1947083803,75.8876985701,25.6679612281,108.477007313,203.5863669791
2017-03-30,59.0912515995,42.0711766389,43.817,69.3257710862,96.2872415073,69.7392762663,55.3047682447,76.1819002876,25.1921552827,108.2945997119,204.2346211176
2017-03-31,59.2261426014,41.9879732948,44.327,68.3991433473,96.202277633,69.4686693185,54.1881008811,75.8059758708,25.2393426492,108.0470235621,203.7592451215
2017-04-03,58.947367864,42.4312292054,44.5755,68.1499661402,96.310413473,69.3372316581,54.2277458763,75.4055346442,25.3081575586,107.7754884301,203.4048635994
2017-04-04,59.1092370664,42.2242113611,45.3415,68.3757829841,96.3026894844,69.515059081,54.4259708521,76.9255768512,25.4693810608,108.0949415266,203.5345092411
2017-04-05,58.9563605975,42.0429469329,45.464,67.4986683702,96.3953773473,69.5614488434,54.5316908391,77.0154718204,25.6856564905,108.007091925,202.9294746382
2017-04-06,59.1092370664,41.8540060057,44.914,67.7257784042,96.5884770615,69.1207460998,54.8488508004,78.3066904694,25.5126361467,107.967160288,203.4999408731
2017-04-07,59.0642733991,41.7056762345,44.744,67.4908369897,96.4880652101,68.9893084395,54.6836633206,78.0615223715,25.3494465043,107.8234063945,203.2924952271
2017-04-10,58.9293823971,41.6858659144,45.352,67.2558955753,96.0400738731,69.1903307436,54.9281407907,79.3854301001,25.4477535178,108.4223809505,203.4135018019
2017-04-11,58.8844187298,41.5957289583,45.118,67.138424868,95.9473860102,69.4300111831,54.7365233141,79.3527410204,25.4261259748,108.9494785597,203.1714886522
2017-04-12,58.6596003931,41.6739797224,44.8115,66.8799893122,96.8588166614,69.8243241642,54.8224208036,77.5221525561,25.660096667,108.2227227652,202.2812204998
2017-04-13,58.4078038561,41.6105866983,44.2335,66.096851264,96.5421331301,69.6078386059,53.9766609069,76.0838330484,25.711216314,107.2563771483,200.9674219885
2017-04-17,58.8844187298,42.3509974093,45.0995,67.2402328143,97.1059842957,69.8861771808,53.9039784158,76.9337491211,25.7387422778,108.5022442246,202.7479703942
2017-04-18,58.8034841286,42.2945379972,45.189,66.6920361806,94.0936287536,70.2031738911,53.5537809586,77.1380558694,25.9412547256,108.0310509073,202.1429228262
2017-04-19,58.4887384573,42.4193430134,44.96,66.1438395469,93.7460492679,69.8085516449,53.1837610038,76.3862070358,25.8547445537,107.7834747575,201.7712631705
2017-04-20,58.9024041967,42.5961501196,45.103,66.9974600194,94.1322486964,69.598191054,53.5273509618,77.9879719421,25.7308777167,109.3328222755,203.4135018019
2017-04-21,59.7117502086,42.5401859655,44.9265,66.1908278298,94.0472848221,69.0450206113,53.3159109877,77.7078545698,26.1535978748,109.652275372,202.7652476635
2017-04-24,60.7279290901,43.5297114508,45.3705,68.5245792133,94.9200955305,69.76959598,53.5934259538,79.7593023845,26.1005120875,111.6169119154,204.9952436284
2017-04-25,61.0786456953,44.0205121295,45.381,69.1197641299,95.3371909132,70.1201969648,54.0030909037,86.0289882759,26.1339364721,113.1902184157,206.1880355649
2017-04-26,60.9977110941,44.0353698695,45.4645,69.2528975981,95.3989828218,68.3594009077,53.7850434303,86.2267181857,26.1162412097,113.0704235045,206.0583769581
2017-04-27,61.3933913665,44.1492792096,45.919,68.6107243986,95.5766345589,68.3204452427,53.6925384416,84.5954464295,26.2519048883,112.6870797887,206.2312551005
2017-04-28,61.5642533024,45.7875926758,46.2495,68.1330101892,95.3680868675,68.0399644548,53.9502309102,84.2494190873,26.2597694494,112.2079001439,205.7817954404
2017-05-01,62.4185629816,46.1986568163,47.4115,68.1799984721,95.2676750161,67.8529772629,54.2211383771,84.0352116849,26.1575301554,113.429808238,206.3003909722
2017-05-02,62.3196429135,46.4101319826,47.347,67.7414411651,95.5457386046,67.1751486923,54.2145308779,83.631513119,26.3502119018,114.6197710225,206.3781909765
2017-05-03,62.1218027772,46.9727450713,47.0515,68.1330101892,95.2599510276,67.3387624852,54.6440183254,83.6562293577,26.220446644,114.8593608448,206.1275257949
2017-05-04,61.8789989737,47.2832718377,46.8765,68.211323994,95.7388383189,67.3543447512,53.943623411,81.8848989153,26.4131283905,115.6100756216,206.3695398089
2017-05-05,62.0498609095,47.0633772855,46.7075,68.1330101892,95.3989828218,67.3933004161,54.1947083803,82.0908675714,26.4111622502,117.5747121651,207.1820200578
2017-05-08,61.9959045087,47.479889264,47.452,68.211323994,95.198159119,67.4322560811,54.7695608101,81.8684214229,26.533062947,116.7521204416,207.1474525541
2017-05-09,62.0858318434,47.3818281799,47.641,67.9372256772,95.1672631647,67.3153890862,54.3863258569,81.8025114529,26.3010583951,116.0413373019,206.9572962782
2017-05-10,62.3286356469,47.2892149337,47.4475,68.4697595499,94.8583036219,67.3855092831,54.630803327,82.684057301,26.3797040059,116.0014056648,207.3289559339
2017-05-11,61.5642533024,47.3412170238,47.381,68.2583122769,95.1595391761,67.1361930273,55.0976762648,83.2030983143,26.4721125986,114.8913061545,206.9054385401
2017-05-12,61.4923114347,47.3040726738,48.0675,68.0703591453,95.4993946732,67.1517752933,55.0576585844,82.9724134195,26.6510313632,115.0590190302,206.5596952206
2017-05-15,61.537275102,47.506137938,47.8985,68.3992771256,98.086930844,67.2608511552,55.2243989193,84.3812390272,26.7650674989,115.8656380988,207.7006285546
2017-05-16,62.7692795867,47.7730820004,48.3035,68.6107243986,98.6894019524,67.1907309582,55.0576585844,84.3153290572,26.7198462726,115.2826361977,207.510473143
2017-05-17,61.0239300751,46.6617230469,47.238,65.9950433177,97.8397632098,67.2063132242,54.6841602342,82.5028048836,26.8279839875,113.8610699183,203.8283939583
2017-05-18,61.2319250946,47.0742729615,47.9245,65.7522705228,98.0714828668,66.9024590374,54.5240895127,82.5687148536,26.9243248608,113.9728785021,204.6495132739
2017-05-19,61.2138385712,47.2798050317,47.992,66.3944437223,98.0946548326,67.1907309582,54.6441425538,84.3894777734,26.9931397702,114.2843452712,205.9805899189
2017-05-22,61.9011264618,47.7463380683,48.5335,66.3317926785,98.2954785354,67.1673575593,54.8842486361,84.274135326,27.2015506389,114.4520581468,207.026445115
2017-05-23,62.1091214813,48.0672652528,48.577,67.1619190095,98.4963022382,67.0660728303,55.0776674246,85.3781273226,27.3214851953,114.068714431,207.4845438418
2017-05-24,62.1905108367,48.4169174012,49.0175,67.1227621071,98.4885782496,67.3933004161,54.8842486361,85.6417672024,27.5554558875,115.114923322,207.9685718698
2017-05-25,62.9591880828,49.1226600521,49.669,66.8408324097,99.1528412666,67.673781204,54.5240895127,86.5233130505,27.8567668839,115.0989506672,208.9625563628
2017-05-26,63.2666589812,49.1924914302,49.789,66.8486637902,98.6785745593,67.9776353909,54.3906972448,87.0505928101,27.8587467536,114.9312377916,208.9193497923
2017-05-30,63.6736057585,49.3361162504,49.835,65.7052822399,98.8262969764,68.0945023858,54.090564642,86.8940566315,27.8468675353,114.979155756,208.7378325831
2017-05-31,63.1581398406,48.8864219858,49.731,64.3347906557,99.7126314784,68.6320905625,53.6903878382,86.8611016465,28.0032772428,115.0510327027,208.6859739807
2017-06-01,63.3932646453,48.9458529459,49.7975,65.0474462795,100.1246992732,68.6632550945,53.8237801061,87.0423540639,28.0943512497,115.8656380988,210.3455037108
2017-06-02,64.8944460905,49.3336399604,50.3365,64.7185282993,101.1354316001,69.0216472123,53.0234264986,87.2895164512,28.2547206965,117.2313000863,211.0456155874
2017-06-05,65.3646956999,49.7179601689,50.567,64.8359990065,101.3531277935,69.1385142073,53.4369425291,86.6716104829,28.0844519011,115.7698021699,210.8900406445
2017-06-06,65.5817339811,49.3613744085,50.15,64.9691324747,101.718546404,69.1852610052,54.1639303893,86.1360919771,28.0983109891,115.0989506672,210.2158580692
2017-06-07,65.4641715788,49.6045460868,50.5035,65.7131136204,101.6563474916,69.1618876063,53.9638419874,85.2792623677,28.2289823903,114.4919897839,210.6048079592
2017-06-08,65.0662680632,49.7377704889,50.5135,66.5275771905,101.5008502105,68.4451033706,53.770423199,86.5150743043,28.0052571125,114.6037983676,210.7085242997
2017-06-09,63.5922164031,48.0459691587,48.9155,68.1016846673,102.2627868877,68.6866284935,54.7775348218,87.2648002124,27.765692877,116.4805853096,210.3887232464
2017-06-12,63.1038802703,47.6344097602,48.2455,68.1173474282,102.4882579453,68.7489575575,55.3111038934,87.3883814061,27.6033435605,115.346526817,210.3455037108
2017-06-13,63.8906440398,48.0647889628,49.0395,68.3444574622,102.6437552263,68.6087171635,55.3311127336,87.1247415263,27.7082766553,116.8160110609,211.3740686725
2017-06-14,63.5470000945,47.9375076566,48.8235,68.2034926135,103.2268700303,68.9047802174,54.7375171414,86.267911917,27.9458610211,116.2489818146,211.1061253573
2017-06-15,63.2123994109,47.5536827061,48.2085,67.7962608285,103.4367913597,69.637146719,54.8642397959,87.6602600321,28.0884116405,115.9694603552,210.6998852329
2017-06-16,63.3028320281,47.476422458,49.3855,67.4908369897,104.4552985506,69.8552984429,55.6846022436,88.6489095814,28.2804590028,116.2090501775,210.7457842189
2017-06-19,64.0895957976,48.2985507391,49.7585,68.9709679007,104.2376023572,70.0111211028,55.1977204657,88.5582833727,28.1913648657,116.7201751319,212.5002663307
2017-06-20,63.2214426726,47.9900050047,49.6295,68.5402419742,104.354225318,69.8319250439,54.8975878629,88.1875397917,28.106230468,115.5941029668,211.0671454846
2017-06-21,63.5470000945,48.4654526853,50.1115,68.226986755,104.8906909376,69.652728985,54.3173314974,85.2463073827,27.9280421936,114.5878257128,211.0150340206
2017-06-22,63.5379568328,48.3678868592,50.065,68.1486729502,105.7770254396,69.3644570642,54.0772254152,85.5511409938,28.0329752885,115.2027729236,210.9194922834
2017-06-23,64.397066696,48.8368961858,50.187,68.0233708625,106.0724702737,69.668311251,54.4307149252,85.7735871423,28.3398550943,115.753829515,211.1713805722
2017-06-26,63.7821248992,48.1435349849,49.699,68.3209633208,106.0024964972,69.621564453,54.1839392295,85.8889295897,28.5556608932,115.7298705328,211.3103386857
2017-06-27,62.5884143523,46.9549157833,48.839,68.9553051398,104.9684395781,69.0372294783,54.0972342554,85.6252897099,28.1676064291,114.8673471723,209.6079819347
2017-06-28,63.1219667937,47.5947891201,49.5165,70.341459485,104.0432307558,68.8502422864,54.377358018,87.7014537633,27.9201227148,115.6739662409,211.4840597786
2017-06-29,61.9372995086,46.4462858166,48.7965,71.383033089,103.1257967976,67.775065933,53.8237801061,87.0341153176,27.7122363948,113.9808648295,209.625356476
2017-06-30,62.3352030242,46.0431458041,48.4,71.5788176011,102.8536765558,67.8997240609,53.8437889463,88.5335671339,27.7439143102,115.0180046731,210.0162028783
2017-07-03,61.6479151336,45.5369921275,47.683,73.0276229901,103.327943263,68.3594009077,54.7575259816,88.129868568,27.6429409547,116.0069054542,210.3723132264
2017-07-05,62.47085195,46.1709223683,48.57,73.7598676196,103.9032832029,68.3048629767,53.9238243071,88.5582833727,27.4845513776,114.6562117044,210.8587004973
2017-07-06,62.0096456024,45.944589462,48.257,73.5236596746,103.032498429,68.0711289868,53.4369425291,87.7508862408,27.6330416062,114.2702992044,208.9305111895
2017-07-07,62.8144958953,46.5943679588,48.938,73.8937187884,103.0480481571,68.2892807107,53.5036386631,88.0886748368,27.8132097502,115.7817898293,210.28545268
2017-07-10,63.2847455047,47.0990358615,49.8235,73.3740613095,102.2783366158,67.8529772629,53.4636209827,88.8466394912,27.9221025845,115.3717577981,210.5112756827
2017-07-11,63.2937887664,47.2243361357,49.7065,73.0906117755,102.0295409661,67.603661007,53.7570839722,89.1761893409,27.8666662325,114.7848492044,210.3549360795
2017-07-12,64.3428071257,47.9241356906,50.3255,72.8386566342,102.8070273714,67.751692534,53.9971900544,89.7693790705,27.8726058416,115.5566742043,211.9357031783
2017-07-13,64.9034893522,47.9830713927,50.0315,73.303198926,102.5193574015,67.5491230761,54.0038596678,89.3656805046,27.8330084473,116.0712242042,212.2918100522
2017-07-14,65.8168587858,48.3822493412,50.0905,72.6339430818,103.0946973414,67.8607683959,54.2106176831,89.6128428919,28.0468343765,117.0360054541,213.2819608724
2017-07-17,66.3323247037,48.3351998311,50.502,71.9568136396,102.744828459,68.2113693807,53.9304939205,89.6705141156,27.9102233662,117.0199257666,213.2559042718
2017-07-18,66.2871083951,48.8794883738,51.2225,71.7048584983,104.5408220552,69.0606028773,53.7570839722,88.8548782374,28.0131765914,116.7706906104,213.3688162075
2017-07-19,66.7935310514,49.1677285302,51.3435,71.8072152744,105.1239368592,69.3719365518,53.9238243071,89.5021819175,28.0745525525,117.550555454,214.5239921643
2017-07-20,67.1190884732,49.1390035662,51.435,71.8072152744,106.1813183704,69.5682351838,53.9304939205,89.0623473657,28.4071706646,117.3897585791,214.6195330329
2017-07-21,66.7302282193,49.2207211363,51.2835,71.5631337313,105.2016854997,69.5760871291,53.4369425291,88.4565375113,28.5833790692,117.0922843603,214.4284512957
2017-07-24,66.5584062467,49.4421014626,51.9475,71.8702040597,103.4134667676,69.2384534821,53.2702021942,89.7760411668,28.341834964,116.5294952979,214.3763380946
2017-07-25,67.0919586881,47.9919860367,51.9935,73.066990981,102.5349071296,69.992240229,53.5369867301,95.0540557889,28.3339154851,116.6098937354,214.8974701052
2017-07-26,66.965353024,47.8077500604,52.64,72.3819879405,101.8118447727,70.1178713535,53.6036828641,94.2075817457,28.8051244772,115.693351548,214.9061556388
2017-07-27,66.1605027311,47.1738198196,52.3,72.0827912102,101.718546404,71.2014398021,53.9104850803,94.9129767817,28.6388154212,115.4923554543,214.706388368
2017-07-28,66.0519835905,47.462059976,51.002,71.8702040597,102.5115825374,70.832398374,53.0901226326,94.6889101232,28.7318692978,115.3637179543,214.4545078962
2017-07-31,65.744512692,46.8266439611,49.389,72.2796311644,103.18799571,71.3113670361,53.383585622,94.5644286463,28.9239166601,114.2863788919,214.3329104271
2017-08-01,65.6359935514,46.8791413092,49.8095,73.2480837388,103.0247235649,71.5312215039,53.4702905961,93.8590336103,29.0189504064,119.72935311,214.8106147701
2017-08-02,65.3466091764,46.9326291733,49.7945,73.3110725241,102.7526033231,71.4841098322,53.7570839722,93.8507348452,29.0526081915,119.0781257663,214.9148411723
2017-08-03,65.2471332975,46.5691098008,49.346,72.830783036,103.6778121454,71.3427748172,53.6837182248,94.2407768062,29.2109977687,118.1213843602,214.4979355638
2017-08-04,65.7264261686,46.8410064432,49.379,73.7441204233,103.5456394565,71.1935878569,53.4969690497,94.8963792514,29.0545880612,118.3625796727,214.8887845717
2017-08-07,65.4732148405,46.8390254112,49.6135,74.0275699572,103.2968438068,71.7981876435,53.4636209827,95.1951347961,29.1219036315,118.4268984227,215.2883191132
2017-08-08,65.8259020475,46.7617651631,49.492,73.7598676196,102.8381268276,71.9081148774,53.3302287148,94.9461718422,29.1733802441,117.2611210791,214.7585015691
2017-08-09,65.5365176725,46.5582141248,49.1005,73.6417636471,103.5845137767,72.1750810169,53.4969690497,94.8880804863,29.1516016772,117.582714829,214.7498160356
2017-08-10,64.5779319304,45.7415336817,47.846,72.5867014928,103.47566568,72.0337460019,53.1834972201,93.900527436,29.2466354235,116.5938140479,211.7185648406
2017-08-11,65.5636474577,46.0634513821,48.3995,71.9804344341,103.483440544,71.7196681907,52.6716641457,93.6515644821,29.139722459,116.2561406104,212.0312440469
2017-08-14,66.549362985,46.5012594547,49.165,72.8229094378,103.778885378,71.9630784943,52.6851334371,94.3652582832,29.3139509938,117.8962687352,214.1331431564
2017-08-15,66.5674495084,46.4591625247,49.137,73.0118757938,103.7011367375,72.3949354848,52.5571751685,94.3154656924,29.5099580956,118.032946079,214.1070865558
2017-08-16,66.9583809928,46.7657272271,48.909,72.5079655112,104.3153509977,72.5833821715,52.1733003627,94.7055076535,29.694085979,119.0540062351,214.4805644968
2017-08-17,65.8219522591,45.943103688,48.0285,71.3741673753,103.4367913597,72.2928601961,51.358408231,93.8922286708,29.4228438281,117.0118859229,211.1366340954
2017-08-18,65.9037751279,45.8698055039,47.9235,71.4450297588,103.1180219336,72.6069380073,51.6143247682,94.5395323509,29.6841866305,117.1887624853,210.806583822
2017-08-21,65.5946665123,45.6068235056,47.6645,71.3584201789,103.7555607859,72.9131638733,51.4392239796,94.2739718668,29.7871398556,116.6983320166,210.9716089587
2017-08-22,66.5129009292,46.5740623808,48.345,72.0906648084,104.7274187925,72.8582002563,51.6816712254,96.1162977254,29.8643547745,117.3415195166,213.1777344703
2017-08-23,66.1128780149,46.682028625,47.9,72.1772743882,103.2501946225,72.5833821715,51.5941208311,95.2283298566,29.8212926082,116.7063718604,212.4134075214
2017-08-24,66.0856037253,46.4002268226,47.6225,72.0591704157,103.3201683989,72.4498991017,51.405550751,95.253226152,29.7555279292,116.7626507666,211.9183321113
2017-08-25,66.2037923136,46.0837569602,47.263,72.3504935479,103.032498429,72.6383457885,51.668201934,95.7262557644,29.9129645849,117.3897585791,212.4134075214
2017-08-28,66.2128837435,45.966380814,47.301,72.1221592011,103.0794451931,72.6069380073,51.4998357911,95.4938903407,30.0684083716,117.2048421728,212.4220930549
2017-08-29,66.4128952006,46.3437674105,47.703,71.7284792927,103.4471948458,72.4891588281,51.4863664996,96.2739742629,30.0365224666,116.8752085791,212.6652879932
2017-08-30,67.2856724681,46.734030715,48.3795,71.8938248542,102.5552063266,72.1358212905,51.2506538996,97.5519840928,30.016593776,116.9877663916,213.6728098803
2017-08-31,67.9766211383,47.3090252538,49.03,71.5631337313,103.5723862169,72.4498991017,51.405550751,97.502191502,29.9946722164,116.8752085791,214.9582688398
2017-09-01,67.222032459,47.1480664036,48.9125,72.2008951827,102.5239084838,72.654049679,51.5671822482,98.1577939472,29.9249217993,117.1003242041,215.2622625127
2017-09-05,66.9220152733,46.6275502449,48.2635,70.4765771843,101.6397444253,72.8032366393,51.9779956369,98.1743914774,29.9448504899,116.1516226417,213.7162375479
2017-09-06,66.7310952461,46.6542941769,48.39,70.9489930743,102.2422278988,72.8032366393,53.0555389515,97.0789544804,29.5442838089,116.175742173,214.4458223627
2017-09-07,67.5856896538,47.0440622234,48.9735,69.7049645641,103.4315459244,72.9995352713,53.2239050944,97.7345569256,29.7913995723,116.0712242042,214.4197657622
2017-09-08,67.2583981785,46.6240834389,48.295,69.6183549842,102.4847861803,72.8974599827,53.0824775344,97.7760507512,29.546276678,116.5536148292,214.1678852904
2017-09-11,67.9675297084,46.717191943,48.898,70.697037933,104.2296409153,73.8004336899,53.3720673002,98.6474210898,30.1720375627,119.9383890475,216.4521806035
2017-09-12,67.8947982694,46.8835986312,49.129,71.5631337313,103.775822195,73.4235403165,53.5404334431,100.3652654715,29.7196562862,120.018787485,217.1817654184
2017-09-13,68.3766440525,47.0713014135,49.98,71.7678472836,103.6349819025,73.4549480976,53.7222688774,99.2781272396,29.5303337255,119.954468735,217.2859918205
2017-09-14,67.9766211383,46.5606904148,49.6105,71.6261225166,104.9886136027,73.4549480976,53.9377775403,99.9835222756,29.8033567867,120.6539351411,217.2165075524
2017-09-15,68.4675583512,46.3209855425,49.3395,72.1379063974,105.1998740414,73.2350936298,53.9243082489,100.7221123721,29.9109717159,120.7021742036,217.5071029213
2017-09-18,68.3311869032,46.0466126101,48.7095,73.161474159,105.927548886,73.1408702864,53.9377775403,102.7636085938,29.5542481542,121.3614413911,217.9697168486
2017-09-19,68.5857469395,46.3987410486,48.493,73.9645811719,105.8023575149,73.941768705,54.0253279346,103.5187962206,29.4785191299,120.9996484224,218.1879309653
2017-09-20,68.131175446,46.9276765933,48.6605,74.4842386509,104.237465376,74.1223634464,54.2475712432,103.610082637,29.2433605809,121.3855609223,218.2664880473
2017-09-21,67.4675010655,46.9281718513,48.2325,74.822803372,103.0872696538,72.7404210771,53.803084626,103.5602900462,29.2513320571,121.4418398285,217.6816742146
2017-09-22,67.6493296629,46.715706169,47.755,74.6653314087,102.8055890688,72.4263432659,53.8232885631,103.2615345016,29.1676315566,120.8066921724,217.7253170379
2017-09-25,66.6038152279,46.2709644844,46.9895,74.1063059389,102.6334509335,72.8032366393,54.537161009,103.1702480852,29.2593035334,121.8277523285,217.28016024
2017-09-26,66.6038152279,46.4269707546,46.93,73.7756148159,102.4534883376,72.7482730224,54.4765491976,103.3279246226,29.4346760106,121.3855609223,217.41108871
2017-09-27,67.1402095902,47.5398154821,47.5435,74.9409073445,101.5223775149,71.3506267625,54.8402200663,103.3362233878,29.145709997,121.6589156098,218.2577594826
2017-09-28,67.1583924499,47.7829871604,47.82,75.0983793078,101.3032926154,71.366330653,55.3520531407,103.9254357119,29.2931823074,121.6749952973,218.5196164226
2017-09-29,67.7220611019,48.224262039,48.0675,75.200736084,101.7258134929,71.4369981606,55.2106255806,103.4938999252,29.2054960688,121.5785171723,219.2877301132
2017-10-02,67.8311582603,47.9147257886,47.9595,76.2479246401,102.672573237,72.0573018377,54.9749129806,103.5021986903,29.2433605809,122.3664218597,220.2391436619
2017-10-03,67.5129582149,48.1430397269,47.855,76.6494781465,103.3611257782,72.3321199225,55.0624633749,104.1578011355,29.2732536168,123.1623663908,220.7104861538
2017-10-04,67.9038896993,47.8805529865,48.2725,75.8699919281,103.979258173,72.5676782809,55.082667312,105.1785492464,29.6080556188,122.9292109221,220.9723430938
2017-10-05,69.0675927227,48.7923229657,49.0425,76.8856860915,104.2139919939,72.261452415,55.2375641635,104.896391232,29.446633225,123.2588445158,222.2816277938
2017-10-06,69.0948670123,49.2108159763,49.479,76.75106289,104.237465376,72.4970107734,55.0287901463,105.3362257839,29.3888400223,124.0145898282,222.0284994185
2017-10-09,69.3585184785,49.1449466622,49.5495,76.3471932854,104.4174279719,72.3321199225,55.2442988092,105.2947319582,29.4745333918,123.5615684955,221.6618997025
2017-10-10,69.3585184785,48.9215853039,49.36,76.9173621389,104.7695287032,71.9395226585,55.3991956607,106.3818701901,29.6997275956,123.925603495,222.2467135351
2017-10-11,69.4767070668,49.805620835,49.75,76.6877107952,106.9212553943,71.813891534,55.628173615,106.7221195604,29.8671285966,123.715272162,222.5958561218
2017-10-12,70.1131071577,49.805620835,50.0465,76.0145947876,107.0620956868,72.3556757584,55.5136846379,107.8756479134,30.0325367285,124.0469484948,222.2641706645
2017-10-13,70.4494900629,49.9155681112,50.147,75.9116476335,106.749117259,73.0544988883,55.5002153464,108.4731590027,30.0026436926,124.1440244947,222.5347561691
2017-10-16,70.5949529408,49.9888662953,50.317,77.4796119806,106.5065589775,73.1330183411,55.7696011751,109.1038651525,30.1959519914,123.949872495,222.8315273678
2017-10-17,70.5404043616,50.0705838654,50.4565,77.3053937198,110.1605821219,72.8660522016,55.8706208608,108.3320799955,30.4251319333,124.1521141614,222.9886415318
2017-10-18,70.5585872213,50.1567587575,49.85,77.5983971584,110.0745130543,72.8424963657,55.7359279465,108.9544873802,30.3992246355,123.9336931617,223.2068556484
2017-10-19,70.8313301174,49.6169275368,49.3305,77.6934253006,111.1386397088,72.4574369692,55.7224586551,109.1702552735,30.6642762204,123.6586444954,223.2679556011
2017-10-20,71.6495588057,49.776895871,49.1455,78.8020869602,111.4203202938,69.8151415278,55.9716405466,109.6598824161,30.7220694231,124.7588391605,224.420126137
2017-10-23,71.6677416655,48.8096569957,48.315,78.6674637587,112.3749044985,69.0635904292,56.0591909409,109.9270197667,30.7659125425,124.2572798279,223.5472696704
2017-10-24,71.6950159551,48.9557581059,48.795,79.9186676316,110.825661281,68.8104363749,56.2140877923,115.4033354538,30.7340266375,124.4595214943,223.9400550804
2017-10-25,71.4859130681,49.1028497321,48.6455,80.0136957739,111.4359692152,68.6996814762,56.0288850352,114.234609545,30.6622833514,124.9529911603,222.8315273678
2017-10-26,71.6041016564,49.1008687001,48.6215,80.5680266037,110.9586771128,69.2218117131,56.2140877923,114.318089967,30.5686185056,130.5591301525,223.1195700018
2017-10-27,76.1952737408,51.1933337528,55.0475,80.5917836392,110.9352037307,68.8579027601,56.3757192895,115.0443696389,31.0568714252,130.1465571531,224.943840017
2017-10-30,76.2680051797,51.1665898208,55.5425,80.3066992125,109.542449727,68.248750817,56.2612303124,113.9424280677,30.9612137103,129.3942181541,224.1058978091
2017-10-31,75.622513659,51.1621324988,55.264,79.6731782642,109.080806546,68.3041282664,56.1332720438,113.3664131555,30.9034205076,128.973555488,224.4550403957
2017-11-01,75.622513659,51.6355991474,55.184,79.9186676316,109.5268008056,68.7392367972,56.483473621,113.7754672236,30.5666256365,129.3699491541,224.7518115944
2017-11-02,76.4134680576,51.6539236934,54.711,80.4492414259,109.4876785022,68.4386163577,56.2544956666,113.9257319833,29.8651357275,128.9573761547,224.839097241
2017-11-03,76.4952909265,52.0015948099,55.58,80.3066992125,109.6050454126,68.4939938071,56.0187830666,114.0593006586,30.4211461951,128.8279414882,225.5897538023
2017-11-06,76.7953081122,51.6395612114,56.033,79.8078014657,109.3546626704,68.0747074047,56.4026578724,114.9608892169,30.2637095394,128.4639064887,225.938896389
2017-11-07,76.6134795148,52.1204567301,56.1585,78.2002420593,109.3624871311,68.8104363749,56.2881688952,115.8791738595,30.9871210081,129.2486041543,225.781782225
2017-11-08,76.877130981,52.4126589504,56.644,77.3212317435,110.5752785387,69.2851002267,56.2140877923,114.6102714442,30.8735274717,130.195095153,226.1658390703
2017-11-09,76.4498337771,51.8891712438,56.4565,77.3133127316,109.8163058514,69.4433215106,56.5508200782,112.9824032141,30.9392921506,129.8795981534,225.3453539917
2017-11-10,76.24982232,51.7123641375,56.2675,77.2182845894,109.1981734565,69.74394195,56.3757192895,113.9340800255,30.9213563291,129.677356487,225.2755254744
2017-11-13,76.3043708992,51.5662630273,56.4585,77.4954500043,109.3546626704,70.4084713425,56.3417334448,113.9758202366,31.2442011168,131.6674144843,225.4850110263
2017-11-14,76.4134680576,51.5880543794,56.842,77.0282283049,109.1434022316,70.3056275079,55.8999174629,114.8189724994,31.5670459044,131.1739448183,224.9612971464
2017-11-15,75.8225251161,51.329034445,56.3345,77.7567773955,108.8382482645,69.7993193994,55.1998090608,111.9472459805,31.3597875222,130.1303778198,223.8353123044
2017-11-16,76.0235489233,51.9263155938,56.8645,77.9785097274,108.6582856685,70.6062479474,54.7579930789,113.8339035191,31.3458374388,130.3892471527,225.7381394017
2017-11-17,75.2925532606,51.303281029,56.494,77.7171823362,107.9775575881,69.9575406833,54.5404836724,113.6418985483,31.0967288064,130.7128338189,225.074768487
2017-11-20,75.4113400558,51.2423642949,56.3155,78.4061363675,107.9227863632,69.8309636562,54.75119591,114.2930458404,31.0728143776,130.7047441523,225.4588253323
2017-11-21,76.4986961041,52.0169478079,56.9745,78.3427842727,108.2435892517,70.186961545,54.9687053164,114.8690607526,31.1306075804,131.2872001515,226.933952761
2017-11-22,75.9413119113,52.097179604,57.808,78.1131329289,107.4220208787,69.8784300414,55.1250402023,115.211330483,31.1211414523,130.7451924856,226.7331957736
2017-11-24,76.078373598,52.3249982843,59.3,77.8597245496,107.9853820488,69.9733628117,55.3425496088,114.6937518663,31.2916078155,130.6966544856,227.2569096536
2017-11-27,76.6357577909,53.0921529273,59.7915,77.5508830873,108.7130568934,70.3768270857,55.1318373713,114.5267910222,31.4861400181,130.195095153,227.143438313
2017-11-28,77.5586398151,52.6602879508,59.68,80.2671041532,110.2244911384,70.7249139103,55.5124788326,116.0294386192,31.6445734616,132.0557184838,229.4477793849
2017-11-29,76.1514731643,51.3770744711,58.0635,82.1439099626,110.0591780178,70.7090917819,55.9203089697,115.2530706941,31.6405624883,131.5541591511,229.3081223502
2017-11-30,76.9098811644,51.317148253,58.8375,82.7695118991,109.6813194566,71.1916666979,56.6136202029,117.8326157357,31.6947106272,131.8939251506,231.3156922235
2017-12-01,76.9921181765,50.7674118723,58.1175,82.9833252192,110.193002925,71.4843760731,56.729172075,118.1414932973,31.5803978895,130.7613718189,230.8356211668
2017-12-04,74.0864104171,50.1136713114,56.6975,84.6938317797,109.4294137491,72.3150378137,56.8039409335,118.1247972129,31.2795748957,131.3761864847,230.5563070975
2017-12-05,74.5524201521,50.4965057459,57.0785,83.7197933216,109.9489692708,72.3071267495,56.3417334448,116.9894634729,31.2133938371,131.0364204852,229.7270934542
2017-12-06,75.6397762004,51.1462842428,57.6175,83.0941913851,111.0431846878,72.1884607865,55.9271061387,117.156424317,31.6425679749,129.7744324869,229.7707362775
2017-12-07,75.3747902727,51.7331649736,57.9895,82.8487020177,110.216619085,71.278688404,56.1106297004,119.2851750795,31.7227874399,130.2274538196,230.4952071448
2017-12-08,76.9007437186,51.9713840719,58.1,83.8860925705,110.6731981799,71.4922871373,56.1853985589,120.0949351735,31.8932538031,130.1789158197,231.7521204568
2017-12-11,77.8784504175,52.099655894,58.446,83.6406032031,111.1061611146,71.3815322386,56.4368938101,120.0198027936,31.9373745089,131.9586424839,232.4504056301
2017-12-12,78.1982610199,51.9411733338,58.254,84.6146416611,112.2554809051,71.0809117991,56.2533702484,119.7276213164,31.5001784245,131.7725801508,232.8606481694
2017-12-13,77.9880997669,52.07093093,58.2065,83.5534940727,112.4837704525,71.8957514113,56.4980683307,124.0268630524,31.379849227,131.4489934846,232.8344624754
2017-12-14,77.3850283452,52.3720477944,58.713,82.8803780651,111.507635836,71.9906841816,56.3485306137,122.1151613873,31.6826777074,129.8634188201,231.8830489268
2017-12-15,79.3587166345,53.0916576693,58.957,84.0523918195,112.1452721581,72.6947688951,56.4368938101,122.4574311177,31.7729246056,129.7744324869,233.8044966711
2017-12-18,78.9292566827,53.7399503922,59.529,84.7017507915,111.6257166364,72.6868578309,56.3757192895,125.0286281171,31.3557833875,131.1658551517,235.2871037003
2017-12-19,78.4266971645,53.4769683938,59.369,84.3453952581,111.6099725296,72.528636547,56.0358608419,125.9803049286,30.9045488968,131.4732624846,234.3835029665
2017-12-20,78.1434363452,53.1689179174,58.881,84.0523918195,111.1219052214,72.409970584,56.3281391069,127.3243397237,30.812296512,131.7240421509,234.2606834493
2017-12-21,78.1251614537,53.0347029993,58.738,85.3907048228,111.0431846878,72.5207254828,56.9942616642,129.0941246714,30.9807573886,131.9910011505,234.7431886955
2017-12-22,78.1342988995,52.9361466571,58.418,85.0897823724,110.303211672,72.8846344358,57.0758276916,130.0207573562,30.9927903083,132.2013324836,234.6817789369
2017-12-26,78.0337869958,52.7870739989,58.838,84.7492648626,110.2795955119,73.1615216826,57.0826248606,130.5967722684,30.8844940305,131.861566484,234.4010486118
2017-12-27,78.3170478151,52.5072532286,59.113,84.9076450997,110.6574540732,72.8609012432,57.0282475089,131.4983608267,31.1432018052,132.4035741499,234.5150953064
2017-12-28,78.3261852609,52.2967685783,59.305,85.3590287754,110.6495820198,72.8371680506,57.1098135364,132.2496846252,31.3557833875,133.1720924822,234.9976005526
2017-12-29,78.1617112368,52.1704777881,58.4735,84.6859127678,109.9883295376,72.6868578309,56.8515211162,131.5484490799,31.3236956015,133.5037688151,234.1115454641
2018-01-02,78.536346514,53.1515838874,59.4505,85.4857329651,109.602598923,71.7137969348,57.7963276005,131.0976548008,31.1030920727,134.6672889845,235.7871545919
2018-01-03,78.9018443453,54.0584012866,60.21,85.5728420955,110.6495820198,71.6267752286,58.9314548156,131.2980078137,30.443286973,135.3995744059,237.2785344438
2018-01-04,79.5962902249,54.2683906789,60.4795,86.792369921,110.6417099664,72.1330833372,59.013020843,133.1011849302,30.2868590162,135.9203107055,238.2786362269
2018-01-05,80.5831343696,54.9880005538,61.457,86.2351921977,111.5548681561,72.1805497223,58.9654406603,135.2048915661,30.4252375933,137.0594213609,239.8665171281
2018-01-08,80.6653713816,55.1821416901,62.3435,86.3625471059,111.6965651166,72.5602808037,59.2305302495,138.6025447438,30.6759234215,137.2058784452,240.305158261
2018-01-09,80.6105467069,55.111815054,62.635,86.8003296028,113.4677771225,72.0302395026,58.9790349982,138.9364664321,30.4513089195,137.5557481465,240.8490732658
2018-01-10,80.2450488756,54.9805716838,62.7165,87.7554914141,113.3339522154,71.5713977793,58.5100303405,138.4689760686,30.2006230913,136.9780563141,240.4806147142
2018-01-11,80.482622466,55.0751659619,63.834,88.225112638,113.9794605908,71.318243725,59.0877897015,141.2488741231,30.1825737117,138.2961700725,242.2351792459
2018-01-12,81.8715142251,55.9963458431,65.26,89.6817344002,114.7430497667,70.8910462584,59.4888226696,142.1671587658,30.1464749524,138.4426271568,243.8142873244
2018-01-16,80.7293335021,55.9988221331,65.243,89.3633471298,115.6089756362,71.3736211744,59.1149783773,141.3407025874,30.1905956582,135.6762155651,242.9808691718
2018-01-17,82.3649362975,56.4148388537,64.75,89.9364442166,115.7034402765,72.1489054656,59.8150867793,140.6645111687,30.459330866,137.1489229124,245.2968943537
2018-01-18,82.3283865143,56.2598230995,64.666,90.1513556241,115.6562079564,71.8875239045,59.4276481491,140.9399965615,30.2387273372,135.7982631353,244.8845716887
2018-01-19,82.2370120565,56.6327523739,64.729,89.9523635801,116.0025783042,72.5969927033,59.2373274184,142.9101345221,30.1143871664,136.5305485566,245.9987201663
2018-01-22,83.7081408277,57.6559554033,66.3655,91.0030415725,116.6165984662,73.2506605854,59.9850160032,143.312674658,30.0863103536,137.1814689311,247.9989237325
2018-01-23,83.9731267555,58.2507602621,68.127,90.9075253914,111.6493327964,70.9867376768,60.0190018479,142.0882817445,30.6277917425,137.9951193993,248.525293092
2018-01-24,83.9000271892,58.0090743577,67.8755,92.0696389285,111.8382620771,70.3968422711,60.1753367338,141.1741801857,30.2527657436,138.9796364658,248.4287920427
2018-01-25,84.3660369242,58.5464292884,68.8975,92.0935179738,113.6724505098,70.4207569497,60.0665820306,142.0379642275,30.7019947476,141.5751814592,248.5340659146
2018-01-26,85.9468150448,58.8148591248,70.1025,92.5870182429,114.4045514722,69.934491818,60.4948036746,140.1007398231,31.6245185953,138.1985320163,251.4115517466
2018-01-29,85.8188908038,58.7613712607,70.884,92.4915020618,113.1056626679,69.2409661383,59.8218839483,136.3436985541,31.2214157836,135.6111235276,249.7447154415
2018-01-30,84.7406722013,58.3101912221,71.891,91.6238967499,112.121655998,69.3127101741,58.9858321672,137.3332763883,31.1050975593,136.9373737907,247.1830512252
2018-01-31,86.8148723943,58.5503913525,72.5445,92.0696389285,108.7839053736,68.8264450423,59.3392849527,136.5114236107,31.770919119,136.9943293235,247.3058707425
2018-02-01,86.1295639605,58.5191900984,69.5,93.0248007398,110.2244911384,68.435838625,60.5423838572,136.0585659578,31.3537779009,135.7087615838,247.0251404174
2018-02-02,83.8634774061,55.4292754324,71.4975,90.9632431637,108.3824306523,67.1603890991,57.4564691529,132.0750958622,31.2695474626,132.4948422346,241.6474001277
2018-02-05,80.4095228997,52.6157147307,69.5,86.6013375587,102.6437037533,64.6174616068,54.1870308869,126.6995077965,30.9426531427,127.1979776869,231.5411084252
2018-02-06,83.4522923458,53.7072633641,72.142,89.2359922216,103.777279437,65.6697074657,53.2558187405,131.1693805563,29.9940579689,130.363078008,236.1029762076
2018-02-07,81.8806516709,52.2700246463,70.839,89.8409280354,103.4545252493,65.2392432507,52.2974179182,129.4334262199,29.699251435,128.727640567,234.8221440995
2018-02-08,77.6774266103,49.9076439832,67.525,85.8690468367,99.4712662494,63.9478506057,51.7060642194,122.4309051046,29.1377151799,124.3257915343,226.0142301503
2018-02-09,80.5739969238,51.8173588337,66.98,87.5883380971,101.9667071644,63.7087038196,52.0323283291,125.1312785167,29.7012569216,128.6300025108,229.4093125192
2018-02-12,81.4420542733,52.2279277162,69.3115,88.9414839964,102.549239113,64.8326937143,52.4717673648,127.7142443892,30.0822993804,129.9237067552,232.77807642
2018-02-13,82.0816754782,52.2071268802,70.7255,89.490702038,102.3052054588,64.9682102264,52.3893725456,129.1231348651,30.2968864493,129.7284306428,233.3570827155
2018-02-14,83.3609178879,53.1263257294,72.5525,91.5602192958,102.0769159114,64.3145423444,52.4992323046,132.5531122737,30.0983432734,131.2174109996,236.5065260499
2018-02-15,85.0591636548,54.0504771586,73.088,91.9422840203,103.3049562355,65.6936221443,52.3275764312,134.1632728176,30.9707299554,133.1132165904,239.5243770444
2018-02-16,84.4533030029,54.2555139708,72.4345,91.2816304342,104.8163904805,65.8450817755,52.5541621841,131.0687455223,31.2956187887,133.1376261044,239.5945596257
2018-02-20,85.1142418959,54.6561776934,73.4175,91.3055094794,103.0215623145,64.8406652738,52.0117296243,130.4565490655,30.8463897847,132.5517977673,238.0944069511
2018-02-21,83.9851379536,55.159359822,74.146,91.687574204,102.265845192,63.9637937248,51.42123342,130.179802722,30.4352650265,130.8024492608,236.9100758922
2018-02-22,84.205450918,54.9686854918,74.267,91.520420887,102.265845192,64.442087297,52.0872582086,133.2240125003,30.5455667909,132.2751566082,237.2171246852
2018-02-23,86.3443226136,55.869559795,75.0,93.3750267373,103.9268484509,64.6094900473,53.2339194425,136.2011322559,31.3377340079,133.658362404,240.998211251
2018-02-26,87.5927627449,56.642657534,76.0975,94.5371402744,104.6274611999,65.0718405004,54.1333962189,137.2745726185,31.2374596766,134.6103334518,243.7967416791
2018-02-27,86.4728385095,55.3455768303,75.599,93.4148251461,104.3105763321,64.2029405109,53.2133207377,135.2367131801,30.6375550194,133.121353095,240.7525722166
2018-02-28,86.078111115,54.6725212074,75.6225,91.9343243386,102.8925165491,62.5926854844,52.0048633893,129.6766275521,30.7324894264,130.8268587748,238.3137275175
2018-03-01,85.233578085,53.0624374473,74.6725,90.286670214,100.8327649089,62.7361735561,51.6340867029,125.9866763057,30.9506365745,130.8594047936,234.8484625674
2018-03-02,85.4171722219,53.6929008821,75.0125,90.1991137147,102.0527716496,63.373898319,51.8744049256,122.7579689651,30.8738810965,129.9969352973,236.0591120943
2018-03-05,85.958774926,54.2188648788,76.1805,91.5840983411,102.8212174538,64.0036515225,52.3687738408,126.7330528078,31.3121952736,132.8528484406,238.7874599411
2018-03-06,85.6650243068,54.5229532912,76.882,91.6636951587,101.577444348,63.788419415,52.3069777264,128.9386373028,30.9566962175,133.6014068713,239.3927847045
2018-03-07,86.1607284766,55.2232481041,77.25,91.321428843,102.2270583269,63.1028652948,50.9886606191,127.0601166683,30.9142787165,133.8699115258,239.3050564779
2018-03-08,86.683971767,55.933448077,77.593,91.3293885247,104.6195390782,63.7485616173,50.8925333301,128.8044572575,31.1687837226,135.9447202195,240.4630690689
2018-03-09,88.6208899119,57.4915297471,78.9445,93.9560835058,105.9979882527,64.0036515225,51.1946476671,132.7124510775,31.2697777726,139.2155951015,244.6477054769
2018-03-12,88.8320231694,57.7436160694,79.9195,93.6536155989,105.0711000147,63.6608744624,51.6615516426,129.5676062652,31.1849427706,139.0365919985,244.3406566839
2018-03-13,86.6656123533,56.4549547517,79.409,92.5313004706,106.4337049459,63.5492726288,51.1740489623,128.8883197858,31.2414994386,139.077274522,242.7615486054
2018-03-14,86.1515487698,56.8996964363,79.55,91.4965418417,104.8255142422,62.9753203422,50.5354891135,127.92390071,31.9161396929,137.490656109,241.5158077879
2018-03-15,86.4544790958,56.9848808124,79.116,91.7273726128,105.4117512475,62.7122588775,51.0985203781,129.6263100351,31.9423981459,137.5720211559,241.2526231081
2018-03-16,86.8400267834,56.1830581094,78.584,91.886566248,105.9029227924,62.9514056636,51.5791568234,131.2113118205,32.5281636361,137.9625733806,241.512982939
2018-03-19,85.2702969123,54.4818468771,77.2465,91.1622352077,103.17771293,62.7042873179,50.9131320349,127.5968368496,32.303956845,135.6192600323,238.2452471012
2018-03-20,85.4906098767,54.2703717109,79.3255,91.2497917071,103.9461587343,62.4252827341,50.8032722759,129.1986111406,32.402931014,134.7893365548,238.6504111135
2018-03-21,84.8939289316,54.1812252707,79.093,91.3293885247,103.9303144909,61.4128946729,51.524226944,130.6578191335,32.33425506,135.2612538263,238.1923996214
2018-03-22,82.4245877894,52.1580963381,77.246,87.5167009612,100.9119861258,60.9106864221,50.4668267642,123.1940541124,32.6998535211,131.1523189621,232.2382502244
2018-03-23,80.0286843021,50.8407100564,74.778,85.1765545235,99.1057423798,60.5121084453,50.0479864332,121.0052421231,32.215082081,128.5893199874,227.2882029446
2018-03-26,86.0872908218,52.2046505902,77.793,87.8032495046,100.9199082475,60.9106864221,50.8101385108,125.1145060111,32.6069389951,130.9489063451,233.5065897409
2018-03-27,82.1308371703,49.8695091171,74.8525,86.0998776078,100.777310057,62.0107616382,50.6041514628,123.2695303879,32.8412451912,129.0693737636,229.5342208384
2018-03-28,82.0573995155,49.782343709,71.571,85.9645630179,100.9674409777,62.8477753896,49.9930565537,121.7348461195,32.7766089992,128.703231053,228.8560115136
2018-03-29,83.783184403,51.3651882791,72.367,87.5326203248,101.5219894962,63.1985240092,51.2289788418,123.5965942484,32.9907163853,130.2898494659,231.7802387323
2018-04-02,81.2587650197,50.1513109195,68.5995,85.8451677915,98.6779478084,61.6998708163,50.274572186,120.6697920097,32.7968078092,128.2580389479,226.7773439726
2018-04-03,82.3511501346,50.4509420099,69.6025,87.0232006921,101.68043193,62.5448561272,51.5104944741,121.6509835912,32.7220722122,130.4946690745,229.6839553647
2018-04-04,84.7562333289,50.9972115846,70.5285,88.3445078644,103.3123889988,63.0151781399,51.4075009501,121.7516186252,32.7887282852,132.8296126133,232.141363178
2018-04-05,84.8021318631,51.1423221788,72.5875,89.4986617197,103.5500526496,62.8158891514,52.1971179675,124.2255632108,33.1260484123,134.451783914,233.9734091463
2018-04-06,82.8284948907,50.0185817753,70.2615,87.2667948427,101.4823788877,62.5209414486,51.4075009501,119.9150292548,32.8735632872,131.0517784101,228.7591244672
2018-04-09,83.3241990605,50.520773388,70.304,88.3147323369,102.5756316814,62.3057093411,51.4075009501,119.9905055303,32.7483306652,131.2729835875,229.8865373708
2018-04-10,85.2611172055,51.333491767,71.811,90.0026316597,103.1856350517,62.4731120914,52.9180726356,124.1920181995,32.6816745921,133.6980477541,233.5418213941
2018-04-11,84.324787107,50.7669166143,71.3525,88.4907218398,102.6944635068,62.393396496,53.1652570932,123.1018053312,32.5281636361,132.4035878273,232.3175214441
2018-04-12,85.9036966849,51.3726171491,72.425,90.6905906253,103.3282332422,62.0107616382,53.0210661596,125.9112000302,32.1302470789,133.5751559889,234.2288386322
2018-04-13,85.4447113425,51.310709899,71.5395,88.2347371084,103.4787535544,62.4731120914,53.4467727255,125.9866763057,32.362533394,133.5178064985,233.5418213941
2018-04-16,86.4452993889,51.8089394476,72.075,88.1627414027,104.3818754274,62.6644295202,53.9274091708,127.5884505967,32.7463107842,135.5332314478,235.4619464955
2018-04-17,88.1894436901,53.4561675578,75.1915,88.1627414027,103.4153765808,62.5209414486,53.7832182372,128.5696421782,32.9684976942,137.7534760057,237.981009702
2018-04-18,88.5290928434,53.2595501315,76.392,87.4507838684,101.1813382634,62.3375955792,54.3943131463,130.783612926,32.8957819782,137.9419100457,238.1571679682
2018-04-19,88.2261625174,53.9558828805,77.8455,89.370669354,101.0466621946,60.3185589797,54.531637845,130.5739566052,32.8311457862,136.6556429033,236.8359809718
2018-04-20,87.2072150573,53.3551349257,76.3745,89.1706812826,100.3415933639,59.3930574076,54.2432559778,129.1734523821,32.4776666111,136.2214253329,234.8277767373
2018-04-23,87.528504797,53.1812993674,75.893,88.7387070483,100.4762694327,58.7492302271,54.634631369,129.7971936856,32.5463425651,136.0903407833,234.792545084
2018-04-24,85.4814301699,50.6470641781,73.0045,88.3227318598,99.9692536444,58.3468382392,53.7969507071,121.7475592957,32.7564101892,134.3616632862,231.630504206
2018-04-25,84.7378739152,50.6643982082,73.0085,87.9867518998,100.4208145809,58.1858814441,54.5865677245,122.3797295358,32.384752085,135.6479304286,232.2030185711
2018-04-26,86.5279167505,51.6707624655,75.898,88.0747466512,101.4110797925,58.5480342331,55.5203756755,123.3237704276,32.9664778132,136.2378109016,234.563539338
2018-04-27,87.9599510189,51.0833864767,78.631,87.5147800513,101.6170549565,58.5963212717,53.4124415508,121.9835695187,33.1179688883,135.1973272895,234.7837371707
2018-04-30,85.8486184438,50.4459894299,78.3065,87.0188096342,100.2069172951,58.2180728031,53.3849766111,121.6801278035,33.1078694833,132.9606971629,232.9781149423
2018-05-01,87.2072150573,51.5439764173,79.113,87.0188096342,99.8266554539,57.9122548923,52.8356778163,121.7307014227,32.9684976942,133.1245528498,233.3920868679
2018-05-02,85.8394387369,50.8159471564,78.484,86.3308506685,97.8382029089,57.0913752371,52.7326842923,121.2586809768,33.0149549573,132.4691301021,231.8242782988
2018-05-03,86.3535023204,50.8283286064,78.604,85.7868831142,97.4658631894,57.4293845069,52.5541621841,121.1912494845,32.9361795982,131.4368392744,231.3134193269
2018-05-04,87.3540903669,52.051615868,79.0475,86.7388263342,98.3848293057,58.2905033609,52.8013466417,123.3743440468,33.1442273413,133.3457580272,234.308109852
2018-05-07,88.3271392928,52.4706041365,80.007,87.4907814827,97.9095020042,57.9283505718,53.3781103761,126.282327151,32.9947561473,133.9110601471,235.1008220499
2018-05-08,87.950771312,52.4275166905,79.6195,88.7867041855,97.1331340782,57.4937672249,53.6184285988,126.3750454528,32.299917083,133.9602168532,235.1008220499
2018-05-09,88.9880781858,53.9311199804,80.4,90.7225887168,97.8461250306,58.2422163224,54.8818158266,128.6340004439,31.9726963609,135.090821093,237.3732636836
2018-05-10,89.8785097501,54.7492861975,80.454,91.4265467282,99.3037954221,58.8699478234,56.1108718798,129.7803358125,32.364553275,135.6643159973,239.5928578376
2018-05-11,89.6857359063,54.6457772754,80.1455,91.0825672453,100.8010764221,59.0470002981,56.3717888073,130.5305111641,32.4675672061,136.2378109016,240.3239146422
2018-05-14,89.9886662323,54.8052503516,80.077,91.1145653367,99.8662660623,58.9745697403,56.7532416105,130.8845264985,32.358493632,136.6228717659,240.4384175152
2018-05-15,89.3369070461,53.7290547162,78.806,90.4186068482,99.1295087449,58.7089910283,56.7254995885,128.6171425709,32.0858096969,136.0657624303,238.7825298131
2018-05-16,89.5663997173,53.6904245921,79.364,90.6665920568,99.3037954221,59.1757657342,56.8850162152,129.6370438915,31.7464696888,136.4426305102,239.7866319304
2018-05-17,88.672118629,53.5502665779,79.088,90.3626101882,98.1154771682,59.5218228437,56.7879191381,129.5443255896,31.5949786137,136.6310645502,239.5840499243
2018-05-18,88.8380676969,52.9747767812,78.7185,88.8986975055,98.4244399142,59.1113830161,56.3856598183,131.2469707694,31.6010382567,137.8354038492,238.9851118192
2018-05-21,89.9812723871,53.6864625281,79.273,89.7146488368,98.0124895862,59.6023012413,57.0653393586,133.9526593968,32.362533394,138.8185379708,240.7819261343
2018-05-22,89.8890784605,53.2555880675,79.07,90.4026078025,97.370797729,59.578157722,56.6214670058,131.6599886596,32.202962795,137.4011862788,240.1125247228
2018-05-23,90.9585280093,53.7830378382,80.093,89.986632614,97.7985923005,59.6988753184,56.9751777869,132.9580448858,32.37465268,136.8113058059,240.773118221
2018-05-24,90.6358492661,53.7577796802,80.1535,88.978692734,96.8479376973,59.3689138884,55.6713027505,132.9243291397,32.5604817321,136.0739552146,240.2798750757
2018-05-25,90.6819462295,53.6899293341,80.5075,88.5227199312,96.9430031576,59.8034972352,54.5893638905,131.3649758809,32.8069072142,135.1809417209,239.7073607106
2018-05-29,90.3592674863,52.8970212751,80.6435,84.73894562,95.2909737138,59.5942534016,54.3882342307,129.4853230339,33.0715116253,132.5592507299,236.9504838448
2018-05-30,91.2258903965,53.3625637957,81.2445,86.6748301513,96.5439622292,60.2702719412,56.5243699286,131.0362473561,33.3825732994,133.5669632046,240.1125247228
2018-05-31,91.1244770773,54.4783800711,81.481,85.6028940885,95.4665517224,58.8860435029,56.3440467853,128.0439748866,33.4916468734,132.2397321404,238.6416032002
2018-06-01,92.9222586465,56.2117830734,82.077,86.7148277656,96.7754059677,59.1113830161,56.7532416105,129.4010336685,32.9402193602,133.9847952062,240.9845081404
2018-06-04,93.7335652008,57.1052285066,83.2635,86.7548253799,97.3260824489,59.6988753184,56.1567881364,128.5412821421,32.7786288802,133.9766024219,242.1295368706
2018-06-05,94.2129736192,57.0051863904,84.8175,86.2668544856,96.9509839762,59.5298706835,55.9556584765,128.9711579053,32.3983097389,135.0744355243,242.3056951368
2018-06-06,94.4895553991,56.8036163842,84.7875,88.2827342455,97.9964712087,59.8356885943,56.9127582373,131.9212856922,31.7535976116,137.4175718475,244.3315151979
2018-06-07,93.0052331804,56.1830581094,84.465,88.6347132512,98.4274354114,60.970434,57.4814696893,131.7358490884,31.8044424166,137.4093790632,244.305091458
2018-06-08,93.6966876301,56.0983689913,84.1995,88.8826984598,99.010035167,62.1132272455,57.9808260863,130.9182422446,31.889861689,138.0566090266,245.0273403494
2018-06-11,93.1619628557,56.5039852938,84.456,88.6587118198,97.8927205673,62.394901637,57.6340508106,131.7442780249,31.605130781,137.9992595361,245.3532331418
2018-06-12,93.4016670649,56.8650283763,84.9375,88.1467423569,97.7969507445,62.1615142841,57.1624364358,132.7473214725,32.0139230131,137.6387770249,245.6703180209
2018-06-13,92.9775750024,56.668906208,85.243,87.9707528541,97.8687781116,61.5418306228,56.5313054341,130.4040771161,31.9590106238,136.0739552146,244.8864137364
2018-06-14,93.5030803842,57.455375913,86.193,86.4188454199,97.6932001031,61.1555343144,56.7948546436,129.0807340802,32.3006877133,135.7708221938,245.5029676681
2018-06-15,92.3137787307,57.413774241,85.7985,86.3148516228,97.8528164745,62.2741840407,55.9417874655,126.4509058817,32.4471207517,134.5091334044,245.1908152204
2018-06-18,92.9867943951,58.6177464405,86.1895,86.5388382628,96.8232908791,61.0348167181,56.0527555537,125.3214283861,32.624060673,133.8209395193,244.6865076222
2018-06-19,92.9867943951,58.3755652782,86.739,86.0348683228,97.8208932002,61.4291608662,55.9695294876,120.7866605309,33.1508128527,130.7158742519,243.7486724397
2018-06-20,93.917953054,58.6420140826,87.504,86.0268687999,97.397909816,61.0428645578,55.7961418497,120.6433686098,33.0897990867,129.1018957356,244.1645050206
2018-06-21,93.2449373897,57.9174516276,86.511,86.0028702314,96.9270415205,61.5176871035,55.2690434308,117.6089514576,33.2260631641,128.1924966731,242.6338872227
2018-06-22,92.5719217253,57.9100227576,85.7835,84.5949542086,98.0363753016,62.3144232395,56.4411438624,117.9545378555,33.4152058386,129.5115349529,243.0762623088
2018-06-25,90.7096044074,56.4237534977,83.1575,83.8270000144,97.8368548373,62.6041454707,55.3037209583,115.1224151801,33.8423022005,127.6108089845,239.7672966648
2018-06-26,91.3457425012,56.0939116692,84.5545,83.8829966744,97.6453151917,62.7731501056,55.9279164545,114.2458057806,33.9175525119,127.692736828,240.2981467681
2018-06-27,89.9259560311,55.3173471242,83.0255,82.5870739716,97.0547346176,62.5236670731,56.6700155444,113.4619146829,34.1839792901,127.1192419237,238.3074588807
2018-06-28,90.9308698313,55.8046809969,85.0725,83.9389933344,97.3659865418,62.8133893044,56.8503386877,114.6588236707,33.9256876807,127.8320141618,239.6699741459
2018-06-29,90.912431046,55.924038175,84.99,83.3550281658,96.8392525162,62.8214371442,57.3774371066,114.3553819555,33.9704311091,128.4874369096,240.015026713
2018-07-02,92.2031460188,56.5639115119,85.689,84.0589861772,97.0307921619,62.8777720225,56.7046930719,114.8779760206,34.3731219646,128.2894212102,240.5281818129
2018-07-03,91.3180843232,55.2846600962,84.698,82.8830563173,97.9326246602,62.692671708,57.0375973365,112.8044576333,34.2816013156,127.8851391574,239.6788216476
2018-07-05,91.9726612022,56.5233003558,84.9865,83.4190243487,99.7602321125,63.7469387162,57.0861458751,114.473387067,34.2775337312,128.5369408344,241.6341195281
2018-07-06,93.263376175,57.2062611387,85.5315,83.6924766075,100.3587935051,63.8274171138,57.1000168861,114.1362296056,34.6375149506,129.2382464363,243.6778924259
2018-07-09,93.8995142687,57.8104758995,86.951,86.2822303522,100.5982180622,62.660480349,57.4953407004,118.8227183185,33.622652643,130.2695782036,245.872072853
2018-07-10,94.1484378706,57.8035422875,87.1535,85.7514112616,101.6596669319,64.2378569414,58.0224391193,119.0587285414,34.0538165893,131.7299439863,246.7568230252
2018-07-11,94.0193663733,58.0174937438,87.75,85.5664288513,100.749853615,63.7066995174,57.2803400295,115.2741360377,34.2510944327,129.873546805,244.9519326739
2018-07-12,96.0568521518,59.4933625857,89.831,85.936393672,101.9629380375,63.489407844,57.3496950846,117.5162331557,34.2673647702,130.2943301661,247.1726556061
2018-07-13,97.2000568419,59.6498641139,90.6515,85.5423007108,100.5024482394,63.8274171138,57.7796964264,118.6372817147,34.4768453668,129.8075415719,247.367300644
2018-07-16,96.7206484235,59.2581150354,91.1245,88.9363258048,99.5128267368,64.0044695885,57.2109849743,116.3867556602,34.4727777824,128.3389251351,247.1461131009
2018-07-17,97.6794652604,60.0787575424,92.1965,88.8719840969,103.0403485443,64.4068615763,57.0861458751,117.1200731386,34.6171770286,128.8752176541,248.1458807955
2018-07-18,96.9142556694,60.0703381564,92.146,89.7003835867,101.9948613118,64.1573785438,57.0237263255,118.9491523665,34.4565074448,128.6607006465,248.6678833971
2018-07-19,96.2504593977,59.3863868575,90.6485,88.3813785738,100.510429058,63.9378334753,56.8780807097,118.2411216976,34.6253121974,127.3900999091,247.7300482146
2018-07-20,97.9744858256,59.3259653815,90.685,89.4993157493,100.4386016908,63.8972277129,56.4550148735,116.036079979,34.5683660158,127.3488466384,247.4469281595
2018-07-23,99.5417825782,59.9757438783,90.1,91.1641574424,101.0611055392,63.7591681207,56.4550148735,115.5781097759,34.336513705,126.9528152397,247.906998249
2018-07-24,99.2559814057,62.3108853514,91.462,91.8075745218,103.2398690086,64.1489834398,57.571631261,117.011386893,34.6171770286,128.1244081275,249.1544959918
2018-07-25,102.1785288797,63.1919493345,93.1805,92.6359740116,102.6492884344,64.5387987588,57.9738905807,119.1401002445,34.1168641475,129.7827896094,251.2778964051
2018-07-26,101.0629823676,63.6654159831,90.4,92.3705644663,103.9741043169,65.0423102126,58.4246984391,120.9210954788,34.2002496277,133.2893176186,250.6851137897
2018-07-27,99.274420191,62.050379643,90.8635,93.3196046585,104.9876682752,65.4402466841,56.8156611601,120.9041336194,33.9602621481,133.0335473403,248.9863934591
2018-07-30,97.1447404859,60.9187151115,88.961,93.882594603,105.4824790264,65.1316428898,56.6908220609,118.5209923773,33.8077277332,133.0252966861,247.685810706
2018-07-31,97.799317365,60.7790523554,88.872,92.4509916013,105.7618076764,65.6838812585,56.5313054341,121.9557689006,34.0741545113,135.4509890031,248.9067659436
2018-08-01,97.9837052182,61.0648162217,89.8585,93.0220242593,105.8575774992,65.4970947514,55.7545288167,117.4947998852,34.1473710305,133.6935996714,248.4909333627
2018-08-02,99.1730068717,61.4679562343,91.7165,93.4161172204,104.7482437181,66.5934503362,55.4216245521,117.0453106117,34.4626088214,132.0022155729,249.8446011261
2018-08-03,99.6063183269,61.3208646081,91.1645,94.1721322887,105.3069010179,66.8614483681,55.6227542119,117.4693570961,34.8083534953,131.9774636105,250.9151488345
2018-08-06,99.6892928608,61.296596966,92.3875,94.1962604292,105.3627667479,67.0157502652,55.6088832009,118.2920072758,34.7798804045,132.8025290244,251.8352890136
2018-08-07,100.3807473105,62.1964807532,93.124,94.5420971094,104.915840908,67.113204095,56.3648533018,120.751476885,34.702596301,132.7695264078,252.6669541754
2018-08-08,100.9431302629,62.4683773956,94.326,94.7351222332,104.6843971695,66.877690673,55.9903360041,118.4870686586,34.59073773,132.5467587461,252.5607841548
2018-08-09,101.1090793309,62.6233931498,94.926,94.0032353054,104.7083396252,66.1061811874,55.7059802781,117.4778380258,34.7473397293,132.4064976257,252.2157315876
2018-08-10,100.4913800225,62.031559839,94.315,93.0783232537,104.3492027896,66.1305446449,55.650496234,115.2727963071,34.7636100669,130.2530768954,250.5258587587
2018-08-13,99.7630480021,61.8398949927,94.81,91.598463971,103.9262194055,66.2036350172,55.0478844641,114.5095126353,34.8388603783,134.023625837,249.5880235762
2018-08-14,101.0076660116,62.3103900934,95.9825,92.2097101965,103.3516004685,66.0330908151,54.8727066241,114.4247033384,34.9690230791,135.5829994693,251.1805738861
2018-08-15,99.6431958975,61.0266813557,94.131,91.4456524146,104.0938165954,66.8370849106,53.9127320605,111.9652337292,35.1378278317,135.4839916196,249.3049035211
2018-08-16,99.6246851793,60.6225508272,94.326,92.3062227584,105.7298844021,67.9659251054,54.6554861024,115.5611479165,35.548653856,135.9047749807,251.3221339137
2018-08-17,99.5691530248,60.2159440086,94.111,92.3062227584,107.3180672973,67.9659251054,54.837671056,118.1732742601,35.6259379595,137.464148613,252.2068840859
2018-08-20,98.9120225299,60.518051389,93.8355,92.185582056,109.2414445724,67.925319343,55.2230623042,117.6050519711,35.4489980382,137.7776734703,252.7465816909
2018-08-21,98.0882955714,60.2932042567,94.171,92.7485720005,108.0203793314,68.1364693074,55.2370765314,118.7245346898,35.1093547409,137.0433652519,253.3393643063
2018-08-22,99.0878743525,60.508146229,95.245,92.4670770282,107.4297987573,67.722290531,56.0288803685,118.4192212211,34.9222458585,135.6077514317,253.188956777
2018-08-23,99.5506423067,60.478926007,95.145,92.2740519044,107.8288396857,67.6004732438,55.4122543715,116.0106371899,34.9059755209,135.6572553565,252.8527517116
2018-08-24,100.3280924697,61.25103323,95.2695,92.2338383369,108.4992284455,67.6979270735,55.790638506,117.2149292055,35.1235912863,136.9361067481,254.3745220078
2018-08-27,101.4387355598,62.2177768472,96.384,93.866509176,108.3954778041,67.7628962934,56.3371933671,120.4631252757,34.8714010535,138.0251930945,256.3829048986
2018-08-28,102.0495892593,61.7022132686,96.641,93.4080745069,107.9134344697,67.7953809033,56.2531080038,120.4292015569,34.6883597556,137.7941747786,256.5067699227
2018-08-29,103.6785324581,62.6328030518,99.905,93.1024513942,108.3472734707,67.8035020558,56.6595205928,120.3104685413,34.9080093131,138.8502585084,257.8869801914
2018-08-30,103.6137449445,62.1271446331,100.119,92.6440167251,108.4195799708,67.7385328359,56.4142716167,117.9358082289,34.9694202249,137.5631564627,256.8429749882
2018-08-31,103.9654485897,61.0058805197,100.6355,92.153411202,108.2106945259,67.3649598218,56.1760297542,117.7577087055,34.8199870062,137.2001276806,256.8518224899
2018-09-04,103.3916163265,59.9910968763,101.9755,92.6118458711,107.4313911352,67.1619310098,56.2601151174,117.2403719946,34.8056577934,135.5912501234,256.4094474038
2018-09-05,100.4113907015,59.3863868575,99.741,92.1614539155,109.1506790281,67.6410790062,57.0098762729,119.233390471,35.1311356261,136.457568808,255.7193422695
2018-09-06,100.6427746786,58.6380520186,97.9155,91.7673609544,109.9621186411,67.1213252474,56.3792360487,120.0645215804,35.5814823128,137.0103626354,254.9496096197
2018-09-07,100.1522406471,58.3210868982,97.6035,91.9443006512,110.3236511419,66.5203599639,57.3392106123,119.8524983382,35.229393085,136.0120334845,254.4541495233
2018-09-10,101.2351176599,58.195786624,96.9505,91.4536951281,110.2352765306,66.9020541305,57.255125249,120.4716062053,35.2150638722,137.0103626354,254.8965246094
2018-09-11,102.9566144496,58.935206819,99.3575,92.0327704996,111.2797037552,66.6015714887,58.0609433134,120.454644346,35.239628237,137.4889005754,255.7370372729
2018-09-12,103.3916163265,58.0244273558,99.5,90.9470041781,111.962598479,67.4948982615,58.2501353806,122.3628535256,35.3112743008,137.1588744099,255.798969785
2018-09-13,104.5022594166,58.5464292884,99.4935,91.3008835718,112.3884034244,67.7710174458,57.6825591788,123.4314506661,35.7411506836,138.3057153352,257.3118925794
2018-09-14,104.9280059344,58.3404019602,98.5095,91.2847981448,112.0670412014,67.9009558855,58.102985995,122.8886711662,35.5466827961,139.1142794409,257.3561300881
2018-09-17,103.7895967671,57.441508689,95.4015,91.5582504035,112.4446418134,68.4207096442,58.4463345615,124.0081538849,35.5896704344,139.2297885988,255.9936148229
2018-09-18,104.7799201891,57.8020565135,97.0525,91.9282152242,112.9106170367,68.2176808322,58.6004910608,126.4252188457,35.5036951578,139.180284674,257.3826725932
2018-09-19,103.3823609674,58.1566612419,96.321,94.5983961039,112.8463445921,68.2176808322,59.3012024211,129.5546819002,34.6296131795,139.5763160727,257.6569451466
2018-09-20,105.1131131161,59.0134575831,97.215,95.4107101667,114.0675210394,69.3221575695,59.4343375795,132.3025031189,34.6500834834,140.6076478401,259.744955553
2018-09-21,105.7517328929,58.0501807718,95.7505,94.7833785142,114.790586041,69.6957305836,59.6795865556,132.624778447,34.9550910122,140.7644102687,259.5083733569
2018-09-24,106.1312026153,58.4186527243,96.718,93.8745518895,112.8543786477,68.4369519492,60.6816038008,130.6063171814,34.5559200853,140.1373605541,258.6462783463
2018-09-25,105.9275847155,59.1283574392,98.7275,93.6091423442,111.3841464776,67.503019414,60.6115326648,130.6826455486,34.154702128,139.3040444861,258.4063137557
2018-09-26,105.4925828386,59.1367768252,98.7425,92.5072905957,110.9985118101,67.6167155487,60.1070204854,129.9024000174,33.6634148334,138.4459764556,257.6330945194
2018-09-27,105.8905632792,59.7954699661,100.649,92.1051549211,111.0467161435,67.2918694495,60.1000133718,129.3087349393,33.8967762983,139.0400235536,258.3529882911
2018-09-28,105.8535418428,59.7816027421,100.15,90.7539790542,111.0065458657,67.5923520913,59.5744798516,129.3256967987,34.3082294076,138.7347493505,258.3796510234
2018-10-01,107.0012063692,59.8534151522,100.218,91.2847981448,112.2277223129,67.9496828004,60.1280418262,129.1475972752,34.1833605535,140.7113354232,259.2772963438
2018-10-02,106.5754598514,59.8093371901,98.5655,91.6628056789,112.8624127033,68.5100423215,60.5835042104,131.3017534158,34.6644126962,141.3674291196,259.1262075275
2018-10-03,106.5939705695,60.0019925523,97.638,92.5233760227,111.697474645,67.4299290417,60.3662836887,134.1852695094,34.4392393528,140.9604849282,259.2684087663
2018-10-04,104.3911951076,58.2953334821,95.471,93.3517755125,111.9545644234,66.5284811164,59.9668782133,132.9385728454,34.6459894226,140.9355699777,257.2420411125
2018-10-05,103.780341408,57.8377150895,94.4825,92.8253709485,111.753713034,66.7152676234,59.7987074869,130.021133033,35.2846629056,140.2545613308,255.8022535689
2018-10-08,102.5956554453,57.2478628108,93.221,93.3922681712,111.9867006457,66.9182964354,60.3522694615,130.0550567518,35.4791307931,140.5867606707,255.8022535689
2018-10-09,103.9006610761,56.7154604601,93.516,92.744385631,111.8340535898,66.7558733858,60.6185397784,126.7559751035,35.5630590393,136.4674888552,255.4289753169
2018-10-10,98.2548920349,54.0900977986,87.7625,90.2743334465,110.6530474204,66.1386657974,59.2241241714,121.8879214631,35.3624500606,133.3780349936,247.3412798563
2018-10-11,98.0235080578,54.0197711625,85.968,87.5694238411,107.5277998021,64.05152961,57.1780469994,119.5556657991,34.6132369363,130.4629857855,241.8931948921
2018-10-12,101.4109694825,55.4956400045,89.4305,86.6137970943,107.5519019689,64.2058315071,57.0238905001,120.4885680647,34.668506757,131.4429738384,245.2526991604
2018-10-15,99.587663743,54.5992230233,88.0475,86.1197866574,107.6161744135,65.0747948225,56.6314921384,120.2595829632,34.725823608,130.139091429,243.8751246589
2018-10-16,102.7344858315,56.1166935373,90.998,87.966251897,109.7130629183,65.7894562407,56.8977624553,121.8794405334,35.0635836231,132.6222814952,249.2076711164
2018-10-17,102.4660804181,55.8447968949,91.5865,88.946174239,112.0429390347,66.4797542015,57.1079758634,119.8694601976,34.9673731945,132.4478768417,249.2521090036
2018-10-18,100.4206460606,54.374871149,88.536,87.5370297141,112.075075257,65.7465765556,57.3532248395,115.1710251509,35.1209004741,130.1307864455,245.6526401447
2018-10-19,100.5687318059,54.7349237155,88.2015,87.3912561425,111.7135427562,71.5313575935,57.4373102027,112.1009286042,35.5077892186,129.0594435741,245.5193264833
2018-10-22,101.466501637,55.0414884179,89.465,86.1359837209,111.4162826999,70.9577957343,56.8627268873,109.8729098435,35.3440267871,127.3153970394,244.4172668821
2018-10-23,100.0504316972,55.2168097501,88.435,85.2370466963,111.6171340893,71.4166452217,55.9447950053,101.5669241953,34.9284796171,126.2689691185,243.173006042
2018-10-24,94.7008341467,52.3547137644,83.21,83.6497344728,110.4441619755,73.3012056165,54.3892157855,95.8987078845,35.945853723,123.6695092833,235.8052043531
2018-10-25,100.2355388789,54.6561776934,89.1085,84.921203958,111.2475675329,72.9242935375,54.8727066241,98.7072066288,35.4545664284,125.8038900425,240.0356912094
2018-10-26,98.9953207616,53.6735858201,82.1405,83.7550153856,110.0424591968,71.990207081,54.326151763,98.2120913487,34.7769993679,124.1013684253,235.8140919305
2018-10-29,96.1169040865,51.2458311009,76.944,84.9131054262,110.5084344201,72.3015692332,53.9898103101,97.2986890215,35.3685911518,125.3720309006,234.5076180484
2018-10-30,96.0058397775,51.9778224259,76.521,86.4113338005,113.0793322038,73.0799746136,55.2020409634,100.2693807024,35.5262124922,127.7140362473,237.9826608233
2018-10-31,98.8564903754,54.0118470345,79.9005,88.2901931671,112.4687439801,72.6620938304,55.8326811877,103.5644582566,35.3112743008,128.1874203068,240.524507968
2018-11-01,98.0327634169,53.7840283542,83.2765,88.2577990401,113.1355705928,73.4077242475,56.5263854343,106.4497852341,34.8957271307,129.0345286236,243.0841302677
2018-11-02,98.2548920349,53.0663995113,83.2765,87.7718871349,113.0230938147,73.5879865461,57.4232959755,107.380260502,34.4208160793,129.4248628481,241.6443427241
2018-11-05,99.5043655113,52.2858729023,81.39,88.3468828893,114.244270262,74.7269165238,57.2060754538,107.9095216635,34.9448558602,130.6955253234,242.9774793385
2018-11-06,99.698728052,52.9713099752,82.1405,88.7599080087,114.5415303182,74.9809224901,57.4513244299,110.402171005,35.0983831398,131.2934841354,244.5150302338
2018-11-07,103.6230003036,54.8864726637,87.7745,90.2824319782,116.2929544333,74.8006601915,58.1800642446,115.3277143955,35.5241654618,133.6936243666,249.7498133396
2018-11-08,103.4286377628,54.2124265248,87.7455,91.011299836,116.7348274899,74.8580163774,57.255125249,112.1606838966,35.6101407383,133.917858921,249.2965468907
2018-11-09,101.4109694825,53.3402771856,85.6215,90.1285598749,116.7669637122,75.7183591663,57.2411110218,108.3363451809,36.1423686408,132.7966861487,246.8613506751
2018-11-12,98.9120225299,51.9703935559,81.8425,88.2335034448,116.9919172683,75.9559776509,56.5049819819,106.7058793445,36.5374455069,130.7951851254,242.2486979893
2018-11-13,98.9768100435,51.9015526938,81.5585,88.751809477,116.2367160443,76.5868956961,55.2096779981,107.5253804979,36.5722450236,131.2602642014,241.7954315404
2018-11-14,97.5792508218,52.2289182322,79.9505,86.9215413009,115.8912516546,76.6032831778,54.7779100035,106.791244048,36.1955914311,130.5626455875,240.1423421386
2018-11-15,99.7266078705,53.0446081593,80.972,89.1405390011,116.092103044,76.8818703666,55.3441631111,110.4789992381,36.6786906041,133.4112549276,242.6486389736
2018-11-16,100.6654955844,52.9069264351,79.6705,89.0757507471,117.2891773245,76.8736766257,55.8891817273,110.9399686369,36.9263812818,136.0854596143,243.2796569711
2018-11-19,97.2538936932,50.8837975024,75.6145,89.7560274143,118.6871029944,76.4394083608,56.0732139873,107.5424534386,37.2580002057,132.7883811652,239.1647086214
2018-11-20,94.548781567,51.0338606766,74.773,87.8285768572,117.6587438809,75.4643532001,54.4806271219,104.3754229396,36.594762358,130.8533200099,234.7386950616
2018-11-21,95.8502100813,51.6767055615,75.8365,87.1725957852,114.0755550949,74.8989850816,54.8982387888,105.7412581952,36.0645814859,132.1987273368,235.5385770302
2018-11-23,95.8130264095,51.0165266466,75.103,86.3708411417,114.2683724287,75.0055037126,53.4330588727,104.4181052914,36.2999899812,130.7951851254,233.9654758252
2018-11-26,98.9736385157,52.2962733203,79.0665,88.4845579291,114.300508651,75.3332533465,54.4877052858,106.5351499376,36.2385790694,131.7004283268,237.7426962327
2018-11-27,99.596465019,52.115008892,79.071,88.8570903898,115.7962711254,75.9723651326,54.5372524327,106.3644205306,36.4371410176,129.7819771386,238.5425782013
2018-11-28,103.2962403669,54.0717732526,83.8875,89.8451112636,118.3997063511,76.2099836171,55.5281953711,111.631422735,36.4473761696,131.7668681948,244.0351010526
2018-11-29,102.4317199967,54.2099502348,83.6785,89.1324404693,117.9226793998,76.054302541,55.9599633657,111.1704533363,36.4842227167,132.2236422873,243.5018464068
2018-11-30,103.0824342539,54.9563040418,84.5085,90.0475745574,118.771625669,77.4390447442,56.2714025749,115.8142932054,37.4296980005,133.6022695481,244.9860718375
2018-12-03,104.197944409,55.2886221602,88.618,90.8979203914,118.2137466921,76.4639895834,57.4888467564,118.6142554794,37.590367003,138.37763506,248.2300375992
2018-12-04,100.8793016975,52.6196767947,83.42,86.8405559834,118.0682130459,76.4557958425,56.221855428,110.3936345347,37.5244515148,136.1352895153,240.1867800257
2018-12-06,101.5021282007,53.3927745337,84.9595,85.1884555058,117.9711906152,76.6524456229,55.485726388,109.5826698516,37.6253846061,134.017518723,239.8223893511
2018-12-07,97.4398120524,51.8327118317,81.4565,83.6497344728,117.5831008921,75.7511341297,54.9548640996,105.4680911441,37.6665817862,130.52112067,234.249878303
2018-12-10,100.0147813272,52.1595821121,82.0515,82.0867178446,117.4456524485,76.2263710988,54.1762660766,105.3315076186,37.615085311,130.454680802,234.6942571744
2018-12-11,100.9443731232,52.5790656387,82.162,81.2849632011,118.4482175665,76.9474202934,54.2753603704,105.2034605633,37.6913000943,129.4996076996,234.747582639
2018-12-12,101.3998731032,53.1773373034,83.177,81.811367765,118.9333297203,77.0457451835,53.8082015566,107.0217287474,37.3473036402,130.9778947624,235.9296304371
2018-12-13,101.7438220677,53.1679274014,82.919,81.8923530825,119.5316347101,79.0614054319,54.4877052858,107.4741616758,37.5306310918,130.620780472,235.8496422402
2018-12-14,98.5646181255,52.086779186,79.5955,81.220174947,107.5331941047,79.1843115446,53.4967623473,108.216834596,37.3328846272,129.0677485576,231.4947292999
2018-12-17,95.6456998862,50.7961368363,76.0455,80.1835628827,104.4123059149,76.0133338368,52.4067251151,106.2534464161,36.1814234428,127.7389511978,226.9531772336
2018-12-18,96.6496590258,51.6757150455,77.574,79.8029318903,105.4472118431,75.7839090931,50.9627796905,106.0827170091,36.253518508,128.5279246302,226.7043250655
2018-12-19,96.389373323,51.281984935,74.754,78.7906154212,103.1752699226,75.1857660113,50.0992437013,104.4266417617,35.9486593751,127.9797957193,223.3092704876
2018-12-20,94.3628632078,50.6936184302,73.0415,78.110338754,103.7088932918,74.5466542252,48.5774384744,103.7607970746,36.0289938763,128.3452149932,219.674251319
2018-12-21,91.313802117,49.0924493141,68.8725,76.2638735144,103.5633596457,74.5384604844,48.2164521183,102.4973994632,35.8642051558,128.8850389207,215.1997115865
2018-12-24,87.5024757536,48.7665695497,67.198,74.6198715686,99.3186282994,71.5805200386,46.3690513545,99.8340207147,34.6221101751,124.4750926827,209.5135040015
2018-12-26,93.4797510016,51.8956095978,73.545,77.7135106982,102.4476016918,73.8174112898,48.5845166383,106.5010040562,35.0876383105,130.321801066,220.0991483106
2018-12-27,94.0560979151,52.1457148881,73.082,78.5881521274,103.0135658713,75.3988032733,48.7968615537,108.1314698926,35.4625326496,132.6721113962,221.7889175457
2018-12-28,93.3217203963,51.8376644117,73.901,78.4180829606,102.9003730354,74.7105290421,48.2518429375,107.2266040357,35.577884754,133.4610848286,221.5028190509
2018-12-31,94.4186387155,51.7524800356,75.0985,79.0578669691,104.3395390918,75.3168658648,48.2659992652,108.4729287065,35.8044692447,133.8348090861,223.442924469
2019-01-02,94.0003224074,52.2338708122,76.9565,80.4265188353,103.2884627585,74.7924664506,49.3277238421,107.8839122525,34.9825855012,133.4501542146,223.6753794961
2019-01-03,90.5422409264,50.7872221923,75.014,79.2927243899,101.6471666379,74.2680670364,48.5703603106,103.7266511932,34.8960714229,129.8711914974,218.3378544517
2019-01-04,94.7532917621,53.3922792757,78.7695,82.2158832131,103.353144379,75.7839090931,50.3611357636,109.394867504,35.5387474329,135.1392908241,225.651247226
2019-01-07,94.8741386956,53.2857988056,81.4755,82.2730399498,102.6901577687,75.4807406818,50.6230278259,109.4631592668,35.4872509577,133.734464337,227.4304222408
2019-01-08,95.5620366246,53.7538176162,82.829,82.1179002357,105.0752925252,75.7593278705,50.9910923459,110.7777757003,35.7467931925,132.1958448511,229.5672203741
2019-01-09,96.9285365646,53.5695816399,82.971,81.9790910179,104.2425166611,74.5220730027,51.260062572,111.2045992177,35.592303767,131.108776736,230.6400897298
2019-01-10,96.3057100613,53.4299188838,82.811,81.9709257698,104.8731624611,74.7023353013,50.9981705097,113.5009097412,36.1278671086,131.4516212954,231.4536823245
2019-01-11,95.5620366246,52.7187283948,82.028,81.5789938605,104.9055032713,75.1939597521,50.7645911028,112.7667732913,36.1937825968,131.108776736,231.5430881041
2019-01-14,94.8648427776,52.076874026,80.8605,82.4200144158,103.7169784944,74.6859478196,50.7008876282,112.5106791808,35.2709657621,129.7123123113,230.1304767859
2019-01-15,97.6164344936,53.8102770283,83.728,83.0242427759,104.5901803713,75.3906095324,50.7292002836,111.5631309723,35.9898565552,129.6788640616,232.7679472851
2019-01-16,97.9603834581,53.9588544285,84.189,83.6937931209,103.5229336328,74.8662101182,50.7079657921,112.391168596,35.9816171192,129.2942091902,233.3312036969
2019-01-17,98.6482813872,54.4347973671,84.661,84.0367335414,104.3718799021,74.85572213,51.0547958205,114.8496720561,36.1484656987,130.4314496797,235.1014381337
2019-01-18,100.1263323427,54.8399184116,84.81,85.4003299757,105.6655123124,75.4998909656,51.6635179113,117.3423213976,36.272057239,132.6390341595,238.230640421
2019-01-22,98.2392609969,53.4200137238,81.6085,84.0530640377,104.1374090277,74.6905506336,50.8849198882,113.5969881524,36.5377790508,131.878086479,235.012032354
2019-01-23,99.1967405468,53.7062728481,82.001,83.8407675868,104.1374090277,78.3243235526,50.4673082213,113.23619917,36.9497508521,130.5736047409,235.503764142
2019-01-24,98.7226487308,53.6859672701,82.7465,83.8897590755,102.7063281738,77.8783605125,50.5380898598,114.0179086318,37.1351381626,130.8662769258,235.6289322335
2019-01-25,99.6243527729,54.5531640292,83.5285,84.4205002026,103.6765524816,77.3002602754,50.7645911028,117.5656669581,35.8827438869,134.5539464545,237.6226811194
2019-01-28,97.6815059194,53.4809304578,81.8945,84.8205973599,104.2910278764,77.2341916769,50.4248392382,106.8364898405,35.5263882788,133.7010160873,235.8166843708
2019-01-29,95.692179476,52.9955776172,79.694,85.0573895551,105.3744450201,77.2507088265,50.6159496621,108.6919760354,35.6067227801,136.5023069991,235.503764142
2019-01-30,98.8899752541,54.378833213,83.5215,85.2533555097,106.433606556,78.0600491585,51.168046442,111.7672725991,35.7570924875,137.1210996184,239.2319851529
2019-01-31,97.077271252,55.7606030348,85.9365,84.5103179318,107.5978757252,79.6704712475,51.8687846628,114.387287828,36.8673564918,137.4639441778,241.3330209744
2019-02-01,95.5434447886,55.4005504683,81.3115,84.8205973599,108.5034184124,80.4963287291,53.7374199181,112.4544897083,36.6284128471,138.7182535413,241.4492484879
2019-02-04,98.2950365047,56.5297387098,81.6655,85.12271154,107.4361716739,80.9588089188,52.9588218951,112.4287190667,36.6860888993,139.5460977212,243.147958301
2019-02-05,99.6708323627,57.0472833205,82.9405,84.747110127,107.4361716739,80.4715530047,53.5038405112,113.3908230196,36.7005079123,140.4157522133,244.1671841889
2019-02-06,98.5646181255,55.6120256346,82.013,84.7062838864,107.5331941047,80.8679645958,53.2702611043,112.1366517953,36.6860888993,142.0798026355,243.8453233822
2019-02-07,97.8581283606,54.7710775495,80.7185,83.5958101435,106.7650998611,80.2237957602,52.8597276012,110.624774155,37.3555430763,138.9942016013,241.5207731116
2019-02-08,98.229965079,54.5962514753,79.411,82.7629548364,107.0480819509,80.6945345247,52.9446655674,110.4701503055,37.6974796713,138.7266156037,241.8158121844
2019-02-11,97.8395365247,54.5833747673,79.55,82.3710229271,106.7246738483,81.1570147144,53.0305449925,110.753627363,37.6974796713,140.0979938412,241.9499208539
2019-02-12,99.36406707,55.8443016369,81.9005,83.7754456019,108.4710776022,81.9746136211,53.9609054309,113.9663673486,37.7510360055,143.2588534372,245.0612419852
2019-02-13,99.2896997264,55.896303727,82.0,84.1755427593,108.7055484765,81.9580964715,54.5692180253,114.3357465448,37.6645219272,143.8023874947,245.856953424
2019-02-14,99.373362988,55.924533433,81.1325,83.628471136,108.5923556406,81.3139276359,54.5835312628,113.9234162792,37.615085311,143.5097153099,245.3115781682
2019-02-15,100.6004241587,55.4505715264,80.3975,86.1841937942,110.2659925714,81.3304447855,55.6140843639,116.998712843,37.9096451489,145.566782666,247.9848109794
2019-02-19,100.5539445689,55.7913090308,81.379,85.8820796142,109.7081135945,82.5774895827,55.9862285393,116.6551042884,38.1836063967,146.4280750957,248.4139587216
2019-02-20,100.0333731631,55.4981162945,81.105,86.2985072677,110.2417369637,81.9911307708,56.200927102,120.5292907415,38.2392225899,148.5436768888,248.9146310876
2019-02-21,102.1432697879,54.6868836894,80.972,86.1188718093,109.4898131253,82.4040595115,55.6928071702,119.3008901588,38.4287296185,149.4049693184,248.0295138692
2019-02-22,103.5996586086,55.2985273202,81.578,85.7351051482,110.4438670278,82.7922125279,56.1222042957,119.1290858815,38.7521274824,150.6174683698,249.567293279
2019-02-25,104.1784798066,55.3366621863,81.65,86.6332824402,110.8481271561,82.2306294404,56.1794572457,121.4742142667,38.7006310073,151.4954849242,249.9070352416
2019-02-26,104.8973383911,55.5684429306,81.82,85.9718973434,110.7748794949,82.4453523856,56.2939631458,118.527770911,38.7727260725,151.7296226721,249.7282236823
2019-02-27,104.7199577014,55.6120256346,82.0545,85.8657491179,110.5795523986,81.6855635026,56.8736492652,119.9022051294,38.7377084694,151.8550536084,249.6209367467
2019-02-28,104.5892561406,55.7932900629,81.9915,85.2125292692,111.2062268326,81.3882548092,56.5587580399,117.9779972236,38.9264099024,151.5038469866,249.1560266926
2019-03-01,105.0560474293,56.8813718903,83.5865,85.269686006,112.5979323938,81.2974104862,57.2529500593,118.0896700038,38.8932316285,150.6007442449,250.7116872583
2019-03-04,104.8039801334,57.1240483106,84.8085,85.0737200513,112.703734571,81.6525292033,57.4748052408,118.845608824,39.0342392927,151.1024679903,249.799748306
2019-03-05,104.2811738901,57.9050701776,84.6215,85.0083980665,112.9397548124,81.8342178493,57.3889258157,117.8061929463,39.0508284297,149.8565206892,249.4600063434
2019-03-06,104.3278530189,57.6945855273,83.4475,84.6899533902,113.2001909408,81.7020806522,56.7376735088,115.8218535434,38.8953052706,150.7679854934,247.9490486675
2019-03-07,103.0581807137,56.9967670044,81.2975,84.077559782,112.5084074747,81.3882548092,57.3674559595,114.0780401288,38.969956387,150.2244514359,245.8748345799
2019-03-08,103.170210623,56.9531843004,81.04,84.1102207744,112.3619121525,81.2726347618,56.5444448023,112.8324591184,39.1296268303,151.6543641103,245.3831027919
2019-03-11,105.3361222025,58.4037949843,83.531,85.2043640211,112.7688436031,82.2388880152,57.0955044467,114.3443367586,39.2955182,153.8201382779,248.9414528215
2019-03-12,106.0736524386,59.2947641274,83.655,84.9512413297,113.2734386019,82.6270410316,57.2529500593,113.8031532851,39.5837544549,153.9037589022,249.8802135077
2019-03-13,106.8952051067,59.3844058255,84.5405,85.2370250135,113.4606270692,83.5602599858,57.7610699911,114.6793550994,39.6003435919,154.7817754566,251.534220431
2019-03-14,106.9792275386,59.0610023511,84.311,86.0127235839,112.3293576364,83.6758800332,57.5678412847,114.8425691628,39.602417234,154.8737581433,251.3732900276
2019-03-15,108.2115565407,58.950559817,85.618,87.0007186051,111.9875352179,84.6008404125,57.3602993407,113.9663673486,39.6563319292,154.572723896,252.6098613658
2019-03-18,109.7613036191,58.8638896669,87.1075,87.5232944841,111.6375741703,83.8327929547,58.0258648851,115.1947679313,39.5796071707,155.007551142,253.5257977299
2019-03-19,109.8359902253,59.5527935458,88.0925,87.2048498079,112.671180055,84.1548773725,57.8755758912,115.2377190006,39.0881539879,154.6145342081,253.5886561078
2019-03-20,109.7146244903,60.7399269733,89.8635,85.3431732389,111.7352377185,84.0062230258,58.1976237353,114.25843462,39.3722429585,154.4054826476,252.8253758044
2019-03-21,112.2352974491,61.2203272339,90.963,83.9959073009,112.3944666685,84.6421332866,58.5339848169,115.1604070758,39.7952659513,156.5294465031,255.6809421161
2019-03-22,109.2758406789,59.8098324481,88.2385,81.4565151389,111.425969816,83.9566715769,57.5964677597,111.4752053277,40.2141416598,155.7852229474,250.760029101
2019-03-25,109.8453260511,59.3012024814,88.713,80.7787995458,111.1818109456,84.2044288214,57.1956971093,112.85822976,40.1477851119,155.4674645753,250.5714539672
2019-03-26,110.0787216954,58.9277779489,89.188,81.5871591086,112.7769822321,85.0798377518,57.93998546,113.2533795978,40.4360213668,156.5043603158,252.4392457685
2019-03-27,109.0144375572,58.3418877342,88.285,81.3095406729,112.8827844093,84.9807348541,57.4962750971,112.7036059104,40.2120680177,156.9141013746,251.119219832
2019-03-28,109.1638107696,58.0576096418,88.671,82.2322137093,113.0292797315,85.5175422171,57.7825398474,113.7086609326,39.7973395934,159.0213411053,252.0710752692
2019-03-29,110.1067291727,58.2864188381,89.0375,82.656806611,113.7698949717,85.9304709579,57.8254795599,116.3888076585,40.0876494904,160.6519432778,253.6604942541
2019-04-01,111.1149983563,59.3804437615,90.7095,85.4411562163,113.1106660217,85.5918693904,58.4910451044,120.4777494583,39.5008087701,161.097824771,256.6687166264
2019-04-02,111.2737073944,59.70533301,90.699,85.8494186217,112.077060137,85.6827137134,58.2405634479,120.4262081751,39.2913709158,160.2481260764,256.7944333823
2019-04-03,112.0019018048,59.9663339763,91.035,86.020888832,111.6375741703,85.6331622645,57.8970457475,119.6273182857,39.2561189997,161.2913205133,257.1985229547
2019-04-04,111.4324164326,60.3942368889,90.943,86.8455788911,110.3353935282,85.4184393193,58.7200569046,120.374666892,39.0674175667,161.3333848051,257.8809853437
2019-04-05,111.9272151986,59.9980304883,91.864,86.6399006538,110.831849898,85.6001279652,59.0349481299,120.5722418109,39.4157894431,162.5280106925,259.129173134
2019-04-08,111.9645585017,59.8410337021,92.493,86.9196230565,110.799295382,86.6902598409,59.3999356866,120.1083702621,39.1171849776,162.3934049587,259.3267280361
2019-04-09,111.3577298264,59.5641844798,91.792,86.2779069563,110.3353935282,86.4342440216,58.6341774795,117.1275660509,39.3390646846,161.7624405816,257.9977223312
2019-04-10,112.2072899718,59.750401488,92.3665,86.6645820423,110.3435321573,86.4259854468,58.3693825855,118.141211287,39.1130376934,162.4018178171,258.8777396223
2019-04-11,112.3379915326,59.9059125002,92.2035,87.3967965669,110.0424028838,86.508571195,58.648490717,119.292299945,39.4074948746,162.8308735935,258.8059014761
2019-04-12,112.9168127306,60.5566815131,92.153,91.4939070526,110.6690773178,86.7645870143,57.911358985,121.2938197755,39.5754598864,163.3440579536,260.5569562898
2019-04-15,113.0101709883,60.7448795533,92.2435,90.4490616075,111.1085632845,87.3179115269,57.7181302786,120.4777494583,39.6397427922,163.1505622113,260.3863406926
2019-04-16,112.7487678666,61.0113283577,93.152,91.4034086282,112.3293576364,87.8877531892,58.1117443102,122.0068075263,39.2996654843,165.817438312,260.5569562898
2019-04-17,113.682350444,61.4189256922,93.241,94.0360900649,112.7362890871,88.0330215202,58.2763465416,122.6167127108,39.3266228319,166.3642741055,259.9193927423
2019-04-18,115.1760825678,61.4847950063,93.0845,93.3450111878,111.9224261858,88.1993569411,58.0616479789,123.8880643628,39.2664872103,166.6587241482,260.431239534
2019-04-22,115.5401797729,62.0934670891,94.3655,93.4601910006,112.1747236852,88.1660898569,59.328369499,123.0411732978,39.4779987067,165.4136211106,260.6557337409
2019-04-23,117.1085985029,62.9269863042,96.1885,93.5753708135,113.8594198908,85.7958101089,59.6718871993,122.7387122032,39.3556538216,165.4556854024,262.9994532609
2019-04-24,116.7071579946,62.4049843715,95.0875,93.4190553532,113.2897158599,86.2365989743,58.5125149606,119.0227616119,39.4116421588,167.7692214519,262.4157683229
2019-04-25,120.5721898648,62.766027454,95.1125,93.4684181301,113.6559541655,85.8956113614,58.8417194235,117.6400823222,39.4987351279,167.9206529024,262.254132494
2019-04-26,121.2630409721,63.2652475186,97.5315,94.1759512662,114.2582127125,88.0413382913,57.6036243784,120.1461885349,39.7537931089,170.4192718359,263.4753809795
2019-04-29,121.1510110628,64.1953420438,96.9215,95.533427632,113.8105881168,87.1431270183,57.2314802031,120.1375467893,39.7662349616,171.2605576721,263.8884503202
2019-04-30,121.925884602,59.3794532455,96.326,95.4758377255,114.9174416625,88.5569780961,57.4533353845,120.4832166117,40.319897408,173.1282122284,264.0231468443
2019-05-01,119.3865399916,58.1096117319,95.576,94.743623201,115.5278388385,87.267878584,56.3011197646,119.3857149255,40.0772812798,170.0659317847,262.0386180553
2019-05-02,117.8274570874,57.7723410334,95.041,94.9493014382,114.9825506946,87.7918351599,55.3135063761,116.8104747483,39.755866751,174.6930038837,261.472892654
2019-05-03,120.3387942205,58.9134154669,98.123,95.533427632,115.5766706126,88.2243072543,55.4423255137,120.1721137716,39.8989480574,176.3166855476,264.0321266126
2019-05-06,119.6386072875,59.1070613452,97.5275,94.6860332945,115.6417796447,87.8916364124,55.199000476,118.1845122925,39.585828097,173.2964693957,262.9455746512
2019-05-07,117.1832851091,58.3839846642,96.05,93.1393329505,113.9163902939,87.0765928499,54.9055791069,115.5142129142,39.3473592531,169.2414716653,258.5544679643
2019-05-08,117.1739492833,57.9838161997,95.8885,92.6457051812,113.7698949717,87.3843133786,54.991458532,114.0278326777,38.9595881764,172.7243950271,258.1952772333
2019-05-09,117.1646134575,57.8446487015,94.9935,92.5716610157,112.9072002963,86.6940213818,54.9413622007,113.3797017606,39.1109640512,171.9924763496,257.4140373933
2019-05-10,118.6863530586,57.8283051875,94.499,92.5634338863,113.1676364247,88.1660898569,55.4136990387,113.5006861984,39.7641613195,175.2314268189,258.707124025
2019-05-13,115.1574109162,56.2905290955,91.134,90.0459322625,111.6619900574,88.2492575674,54.7984738012,108.2810718796,40.4215058719,172.0850177916,252.2057717934
2019-05-14,116.445754873,55.7095914607,92.006,90.7616925281,111.3527221549,87.8251022441,54.8708532409,110.1563306663,40.4152849456,173.1113865117,254.4866329354
2019-05-15,118.0795243833,57.9848067157,93.5575,90.4161530895,111.425969816,88.7399470591,55.2761781032,110.0094209918,40.4069903771,172.4804221346,255.9772744692
2019-05-16,120.8061663128,58.6633101766,95.3785,91.5761783475,112.4839915877,89.9126117766,55.2689401593,109.4131405481,40.8735598544,176.1904926721,258.347933294
2019-05-17,120.0003546086,57.8847645996,93.45,91.1319133551,112.8095367482,89.3637048875,54.9432326806,106.0860685071,41.2613309311,176.6027227319,256.6776963947
2019-05-20,118.2669224541,56.690202302,92.9485,91.6090868655,112.6549027969,89.263903635,54.9359947366,105.8008909036,41.3380556896,172.8085236107,254.9805201906
2019-05-21,118.9040758946,57.1745646267,92.876,91.9217177861,112.4107439265,88.4654936146,55.1893227756,107.978610785,41.2447417941,174.1293423735,257.2793408692
2019-05-22,119.6255584671,57.2443960047,92.984,91.1730490025,112.9316161834,88.7565806012,54.6899046416,106.777408152,41.8730553569,173.5236165714,256.4891212609
2019-05-23,118.2294428399,56.7238798461,90.774,89.3795347738,113.7698949717,88.7898476854,53.4087885588,105.653981229,42.2048380963,171.7989806073,253.3551821327
2019-05-24,118.2856622612,56.3905712116,91.164,90.2598376292,113.7780336007,88.7316302881,53.6331648219,106.2070529449,42.1716598224,172.0345406414,253.9298873023
2019-05-28,118.2107030328,56.4376207217,91.8215,89.28080922,112.3194459175,86.8769903448,52.5547111703,105.0749842764,41.7154585557,170.14164751,251.5682082458
2019-05-29,117.0675748012,55.4659245244,90.9595,89.0339953353,107.6159103549,86.6524375266,52.2290036916,104.9799250753,41.2074162359,170.7641990288,249.8800118099
2019-05-30,117.8077971807,55.5387274505,90.816,88.0796483145,108.2550667554,87.6005494258,52.0914827562,105.2910279155,41.2530363626,171.8242191823,250.5624741989
2019-05-31,115.8869669555,54.8002977716,88.7535,87.1746640706,107.468412724,85.5878908327,51.2229294797,103.5367535666,41.3608657529,171.2773833888,247.1860813272
2019-06-03,112.288923997,51.4444295592,84.6345,87.5860205451,107.706047796,86.3280834558,52.0263412605,104.2626601937,41.6467463144,175.7950883291,246.5574975479
2019-06-04,115.3997319715,52.2244609102,86.478,90.2845190177,109.5825454334,87.0599593079,53.2640296794,105.4984298089,41.6050119258,179.7407189008,251.9094394403
2019-06-05,117.9014962161,51.7366317796,86.925,90.6053770678,110.1151757671,88.7648973722,52.8225150972,106.3971713473,42.7047130636,182.7945864862,254.0915231313
2019-06-06,119.7661070201,51.8911522758,87.718,90.8028281755,111.9998677173,89.3054874902,53.7851616453,106.6304984774,42.9363389199,186.3363998565,255.743800494
2019-06-07,123.1205324867,52.9118790151,90.2015,89.8073455073,113.5322042159,90.4615186656,53.9805861325,107.5551652525,42.6504583585,187.6572186193,258.3030344526
2019-06-10,124.2449209112,53.624555278,93.0315,90.778146787,113.9173369188,90.4199348104,54.2194382835,108.6613086843,42.4480465741,186.2017941227,259.488363865
2019-06-11,123.7764257343,53.5393709019,93.185,91.0578691897,114.5401046936,90.9688416994,54.1687726757,109.9921375007,42.1454722573,184.2836624162,259.4255054871
2019-06-12,123.2048616185,53.4432908498,92.766,89.8978439317,116.0970241307,91.2183448308,53.5824992141,109.8365860806,42.6838458693,185.0408196688,258.967537305
2019-06-13,123.9825636121,54.0331431286,93.515,90.1199764279,115.3021757865,92.2413076694,54.0529655722,109.8970782995,42.7297536967,185.2343154111,260.0361297298
2019-06-14,124.1043723581,53.7998766102,93.4835,90.3503360536,114.7941283912,92.4824940297,53.8141134212,109.9489287729,43.1867452511,184.4519195835,259.748777145
2019-06-17,124.4791684996,54.1757774327,94.3015,89.8567082842,114.2614980575,92.3078418378,54.349721275,110.0267044829,43.063628805,182.4496592934,259.8475545961
2019-06-18,126.6436162169,54.7378952635,95.0685,91.0825505781,114.9088487708,91.1518106624,54.8201876331,112.6278698968,42.8653904594,184.1742952575,262.5684243836
2019-06-19,127.1402211044,54.7017414294,95.4395,90.424380219,115.089123653,91.8337858882,54.5161939863,112.8698387725,43.0365014524,185.4109854367,263.1610890898
2019-06-20,128.3208289501,55.132120632,95.9095,90.6547398447,116.5313227105,92.9315996662,55.4498887585,115.4796459319,43.0657155244,186.8075199248,265.675424207
2019-06-21,128.3395687572,55.7348496188,95.565,90.037705133,116.4329909566,92.4824940297,56.2315867074,115.7043313165,43.3098616973,186.88323565,265.2907309341
2019-06-24,129.0985309438,55.3054609322,95.695,89.3959890328,117.2278393008,93.4222891579,55.6959788535,116.1191351034,43.44549846,188.1451644043,264.9658851411
2019-06-25,125.0226229048,53.8632696343,93.9135,88.6555473787,118.1947682144,92.9149661241,55.2037986635,115.5487798964,43.0323280136,189.0369273907,262.3671187973
2019-06-26,125.4911180817,53.5037123259,94.8915,89.247900702,116.2363274488,91.259928686,55.4426508146,116.7931912572,42.3750113942,188.3891372968,262.105437464
2019-06-27,125.6972559595,53.3209621236,95.214,89.5440773636,115.2857871609,91.3015125412,54.8780911849,117.0956523518,42.6838458693,188.0273843873,263.0348573717
2019-06-28,125.5192277923,53.62653631,94.6815,91.9793076925,114.1303890523,91.1933945176,55.4643646465,117.7783502511,42.7485341716,191.4177663071,264.3883815092
2019-07-01,127.1308512008,54.4783800711,96.1095,93.5260080365,114.1959435549,91.8920032855,55.4136990387,118.0462443635,42.5732497397,193.4894786694,266.7886309795
2019-07-02,127.9741425192,55.102405152,96.7155,93.6247335904,114.7449625143,92.715363619,54.8057117451,117.3981134465,43.332815611,194.7155941491,267.4834400367
2019-07-03,128.7986940306,55.6169782146,96.95,93.4766452596,116.4739625207,94.8777240909,55.326843711,117.1734280619,43.5560945896,195.6711186264,269.6220081738
2019-07-05,128.423897889,56.0963879592,97.1455,94.0317715876,115.1874554069,94.1042643837,55.1024674479,117.0870106063,43.4267179852,194.9777291827,269.3152093694
2019-07-08,128.3301988537,55.3099182542,97.616,93.5180725975,115.51522792,94.8527737778,55.3557954869,116.5252971448,43.6395633667,193.0582242593,267.8353563124
2019-07-09,127.8617036768,55.6813617547,99.415,93.9157750414,115.8757776844,93.9046618786,55.3196057671,116.0500011389,43.4371515823,191.1471753047,268.1692255997
2019-07-10,129.1641202685,56.5044805518,100.8705,93.6423546112,115.7118914278,94.6032706464,56.1013037159,114.6241131214,43.7125985466,191.32475065,269.4505617831
2019-07-11,129.6794649631,56.661477338,100.0535,94.5371851101,114.8105170169,95.1272272223,56.1447313797,115.7648235354,43.9045767338,192.5931459739,270.0822063806
2019-07-12,130.14796014,56.7238798461,100.55,95.5314412199,110.0496212645,95.6345502561,56.1881590435,119.5671915823,43.5560945896,192.0857878443,271.29135461
2019-07-15,130.14796014,56.9799282324,101.0495,94.3714757584,110.3855880904,96.0420720374,55.7900721251,120.6733350141,43.5811352227,192.5085862856,271.3815895525
2019-07-16,128.4426376961,57.1260293426,100.495,95.3823028034,108.5746449557,96.3830596502,54.9577085685,120.1980390082,43.3787234384,192.0350520314,270.5063106103
2019-07-17,127.6836755096,56.7932159662,99.6015,94.4460449667,108.0502089348,96.4246435055,54.6320010899,117.2944124997,43.802327482,191.46850212,268.6655177834
2019-07-18,127.8242240626,56.8179788662,98.895,95.0094567623,108.2222895041,96.6291529055,54.1687726757,116.5685058726,44.3135737414,190.7159208946,269.6490786566
2019-07-19,128.0116221334,56.0409190632,98.226,94.0731989255,106.7800904466,96.2692210296,54.2773418353,118.6165995706,43.7647665323,189.8618680432,268.1511786112
2019-07-22,129.7075746737,56.4202866917,99.2815,94.678038059,105.4116402045,96.5119657831,54.3352453871,117.7545982964,43.6875579135,191.1133514294,268.8098936914
2019-07-23,130.513386378,56.8580947642,99.7245,96.4097007836,105.575526461,95.2982420157,54.5523837062,120.2448241995,43.2576937116,193.5233025447,270.7318979665
2019-07-24,131.8532825839,56.4460401077,100.0405,96.79911776,106.3457918668,94.2519284231,54.5451457622,114.8551394653,43.8336282733,190.1409150144,272.0042106557
2019-07-25,131.3566776964,56.2583373255,98.691,95.8711453908,107.4438297856,94.3942270717,54.2339141715,117.2931228669,43.3265554527,192.5001303168,270.7048274838
2019-07-26,132.4342166032,61.6705167565,97.1525,96.2937042375,107.1242515853,96.0348467849,54.1470588438,115.7345549066,43.6479102444,194.9523612762,272.5185498279
2019-07-29,132.1437495936,61.5031195523,95.6225,95.9871419369,109.0007492227,97.097901395,54.5306698743,117.0754457774,44.1090752376,195.4935432811,272.0222576442
2019-07-30,131.506596153,60.8176824794,94.9265,95.7717197798,108.2304838169,100.7892957497,54.5379078182,115.7606761573,43.6938180718,196.0178133483,271.3545190697
2019-07-31,127.6836755096,60.3323296388,93.339,96.1114239507,106.7063416311,98.8054851781,53.8213513652,114.6461694594,43.2305663591,193.024400384,268.3857894617
2019-08-01,129.3608882428,60.0143740024,92.766,93.5760708706,106.7637018209,97.7089485331,52.4461420107,110.3971126738,43.8753626619,191.4177663071,266.0487044511
2019-08-02,128.2739794324,59.2487051334,91.162,93.567785403,107.4028582214,97.4662037796,51.9322479888,108.438018869,44.1153353959,188.4328093116,264.0454887277
2019-08-05,123.8794946732,57.1899176247,88.2565,90.7838682955,106.6571757542,94.6537128426,50.8682702252,105.9216717152,43.4141976686,186.0820499781,256.1048137882
2019-08-06,126.2032307506,57.9986739397,89.3915,91.4964185075,107.1570288366,95.6581738915,51.3604504152,106.296076309,44.1132486765,187.2320617384,259.6961644994
2019-08-07,126.7560550593,58.237883554,89.67,89.5079062878,106.6981473183,96.6961169754,51.0275049925,105.164155444,44.4199964322,188.9655353476,259.8495639017
2019-08-08,130.1385902365,59.73752478,91.6445,91.0241468553,107.9027113039,98.3032546537,52.388238459,106.2438338075,44.9103754974,192.779177288,264.9478381526
2019-08-09,129.032941619,58.8812236969,90.379,90.9247212443,108.1977065656,97.7508010768,51.2735950875,103.9451637432,45.1733021452,194.3773553961,263.1431393027
2019-08-12,127.2339201397,58.168052176,89.246,89.2179149225,108.1075691245,97.1230129212,51.0275049925,101.6290795117,44.9583700442,192.0604199378,259.9397988442
2019-08-13,129.8668630339,59.2690107114,91.217,90.5933025411,109.3285217357,98.1442149876,51.6577456114,103.6230016508,44.9938442745,194.2082360196,263.9823242679
2019-08-14,125.9689831621,57.6604127253,88.148,86.8317002589,106.7391188825,96.9221207114,49.5764858932,100.3143098915,44.8561207923,188.221410091,256.1770017421
2019-08-15,125.6869209517,57.9115085316,88.806,87.1631189621,106.9685596416,98.26140211,49.2833507216,100.3491382259,45.3131123467,191.3923984006,256.8537638109
2019-08-16,127.9904290033,58.4013186943,89.6285,89.2510567928,107.6404932934,99.7597231746,50.052830547,101.3765740879,45.392407685,193.4387428564,260.6436313956
2019-08-19,130.1341018023,59.4527514296,90.806,90.0547471482,108.369787135,100.6469971011,50.8955941653,102.1863328606,45.6908085629,193.2780794487,263.7838073944
2019-08-20,129.0528633291,58.6152701505,90.069,88.9113526219,107.0177255186,99.5253489299,50.5878022351,101.5855440938,45.7262827932,190.8765843022,261.7625446826
2019-08-21,130.4913806021,59.0139528411,91.177,89.1599166494,107.7797966115,99.7764641921,51.0934604061,102.4649595351,46.170754031,193.3372712305,263.8920893254
2019-08-22,129.5417711605,59.0109812931,90.233,90.079603551,107.566744478,99.9606153844,50.9835347168,102.6478082902,46.2458759304,190.4960657051,263.8108778772
2019-08-23,125.414260815,57.1319724386,87.481,87.8425273039,104.6659577373,98.2028085488,49.4592318246,99.3129952802,46.3043040743,186.57249617,257.0342336958
2019-08-26,127.3510879931,58.0036265197,88.4435,88.5467920483,105.5017776456,99.876910297,49.723053479,99.626450289,46.6632198157,188.3905294675,259.8766343844
2019-08-27,127.6237481298,57.9857972317,88.0915,87.6105342116,107.0207390765,100.9064828721,49.2393804459,98.7209135969,46.7446018733,190.7159208946,258.8569795342
2019-08-28,127.4545108036,58.1309078259,88.2125,88.4887937753,106.2282374604,101.6179761151,49.5984710311,100.0095619663,46.4169869234,190.9273201152,260.6797253726
2019-08-29,129.8614416656,59.1456914692,89.32,90.4938769301,105.865007553,101.4338249228,50.1480994778,102.5433232873,46.4022973394,189.7857643237,264.0093947507
2019-08-30,129.6169877499,58.961950751,88.8145,91.0241468553,105.964070255,100.6386265924,50.1847413742,103.6142945673,45.9742008914,191.0372477099,263.8920893254
2019-09-03,127.9058103402,57.9228994656,89.492,89.9470360697,106.2777688114,101.5844940801,50.2433684085,101.8989991026,47.3340366673,190.7328328322,262.3490718088
2019-09-04,129.4007400553,58.5528676425,90.031,91.0324323229,106.3768315134,103.1330381972,50.7783400967,103.701365403,47.0318509393,192.3056430338,265.3268249111
2019-09-05,131.6760418858,60.0346795804,92.036,93.1037992184,106.1456852087,102.7563653039,51.496521267,107.0884209145,46.1273922674,189.8956919185,268.7377057374
2019-09-06,130.7828448862,59.743963134,91.6755,93.3026504404,105.8402418775,102.8484409,51.9801943001,106.8359154908,46.1966431634,190.7582007387,268.9452461051
2019-09-09,129.2973172448,59.6919610439,91.5675,95.6142958957,104.8000835063,102.2625052881,52.3905835404,110.7976385184,46.1441803634,182.9533415126,269.0805985189
2019-09-10,127.9434186349,59.713257138,91.0275,96.8322596303,106.94644205,100.3456587865,52.8156295391,113.4445919258,45.7727437394,180.7717015555,269.0174340591
2019-09-11,127.9810269296,60.4214760789,91.1495,97.0973945929,108.2837885272,101.5091595015,52.7130322291,115.8825753274,46.1798550674,182.9364295749,270.93041484
2019-09-12,129.2973172448,61.1628773059,92.1775,97.6939482588,107.6729018648,102.7647358126,52.7496741255,114.715826128,46.3225538834,186.5978640764,271.868858242
2019-09-13,129.1092757712,61.4134778542,91.967,99.6161767378,107.9618347456,102.2206527444,53.2333471586,116.4833640942,45.8503886834,187.9254511821,271.688388357
2019-09-16,128.1784704769,60.9974611336,90.392,98.7296317065,106.9381868248,100.2368421728,54.0321405012,115.9348178288,45.8126154674,182.0062730041,270.8492033918
2019-09-17,129.175090287,60.9107909835,91.1275,98.2407891192,107.045504752,101.4170839053,53.621751261,115.0815236383,46.6331336594,187.3589012708,271.5349889547
2019-09-18,130.2375246128,61.0479774497,90.873,99.2267597615,107.6563914144,101.6263466238,53.3652579859,114.1237444448,46.9856836753,187.4011811149,271.6974118512
2019-09-19,132.6350534011,61.3500848301,91.075,98.9119119934,107.4087346594,102.0365015521,53.0061674007,113.296571505,47.1955348753,187.9592750574,271.6793648627
2019-09-20,131.1025153913,60.9088099515,89.708,98.5142095494,108.6800393352,102.3210988493,52.8229579184,111.5899831239,47.3676128593,187.3419893331,270.4012942819
2019-09-23,130.8204531809,61.1490100818,89.265,98.4976386143,108.7543363618,103.1414087059,52.8595998149,111.8163672969,47.2752783313,186.4202887311,270.3378368238
2019-09-24,129.1656882133,60.3387679928,87.0805,97.2133911391,108.5974870836,103.4678585468,52.1340902652,109.7005459876,47.9530977072,186.378008887,268.2165446533
2019-09-25,131.0272988019,61.7061753326,88.4165,97.768517467,108.1351944742,102.9739985311,52.2879862303,110.2403851694,48.1335697392,186.5640402011,269.8029811056
2019-09-26,131.1965361281,61.5254061623,86.992,96.9648271116,106.3685762882,104.0537941587,52.0095078173,110.0488293307,48.6267200592,188.8133279088,269.2409293339
2019-09-27,129.4947607921,60.7161545893,86.2725,97.5365243747,106.162195659,104.271427386,52.3832551611,110.2229710023,48.5301885072,186.9276468606,267.7904731489
2019-09-30,130.7170303704,60.477935491,86.7955,97.511667972,106.8061032221,104.1123877199,51.7456861629,109.9791726621,48.8932310831,188.5850167505,269.0324262573
2019-10-01,128.8742239292,59.728114878,86.7825,95.7385779095,107.3096719574,103.6687507566,50.5291752008,106.5485817327,48.6917739311,184.0119193462,265.8323572992
2019-10-02,126.5989220987,58.3374304122,85.6615,93.8329203656,108.9689722161,101.3501198354,49.2100669287,104.4501745907,48.0790084272,178.9033105358,261.1365054004
2019-10-03,128.1314601085,58.9074723709,86.221,93.7003528843,108.3002989775,101.9025734123,49.8183224098,104.5198312593,48.3014506992,179.2093170536,263.2759282732
2019-10-04,129.8614416656,59.9737628463,86.9825,95.7298729619,110.339339594,103.7943083877,50.5438319594,105.390539617,49.0191418031,181.8018722735,266.8386112775
2019-10-07,128.9212342976,59.8395479281,86.633,95.5210746,109.9265783356,102.8233293738,49.8476359269,104.7026800144,48.8008965551,181.8698737219,265.6873116807
2019-10-08,127.557933614,58.942140431,85.2755,93.3913313087,108.8368886134,101.2245622043,48.8802898607,102.7174649588,48.2594804592,176.5997614716,261.5625769047
2019-10-09,129.9742665497,59.5498219978,86.0995,94.0678380012,106.6740196194,102.1034656221,49.4225899281,103.9974062447,48.9708760271,179.982833529,264.0464831215
2019-10-10,130.7828448862,59.8999694042,86.013,95.3874436484,106.5419360168,102.0699835871,50.0161886506,106.8272084072,48.6854783951,182.4733865763,265.8323572992
2019-10-11,131.3281651596,60.2090103966,86.596,96.9993670023,108.4158721299,101.3584903441,50.5511603387,111.7989531297,48.1692444432,184.7004340111,268.5882240507
2019-10-14,131.2059382018,60.3110335448,86.8215,97.258276971,107.9123033946,100.4879574351,50.6977279245,111.7815389626,48.0349396752,181.7848719114,268.2890674625
2019-10-15,133.1051570851,61.5229298723,88.369,100.189805972,109.6624111302,98.1023624439,50.8736090274,114.0889161105,47.7495420432,182.940896534,270.9452153512
2019-10-16,132.0145165383,61.5605694804,88.8715,99.9559518067,111.5858785943,98.3785892323,50.001531892,113.35752109,48.2468893872,182.0823782481,270.5100784957
2019-10-17,131.3375672333,62.045922321,89.374,100.5155314166,112.4114011111,98.2495996926,49.9355764784,114.9944528025,48.4945138032,182.2183811449,271.3078293975
2019-10-18,129.1938944343,61.6304008585,87.8755,100.6909220406,105.4192253939,98.9572192051,49.547172376,114.7071190445,48.7862069711,182.6518903784,270.120268396
2019-10-21,130.1529059497,61.6239625045,89.283,103.1881504488,105.6833925993,100.3134899374,50.3752792358,116.0410247973,48.8533593551,181.4788653936,271.9514693295
2019-10-22,128.2160787716,61.4714230403,88.2865,104.2237903238,106.6575091691,102.9249429002,50.6317725109,117.3222763756,49.5752474831,175.9282471687,271.0630649163
2019-10-23,129.0340591818,62.2851319353,88.1085,104.4994041615,107.2353749309,103.615714329,51.115445544,118.770266173,49.5248831951,178.5548031128,271.8517504668
2019-10-24,131.5726190753,62.3584301194,89.039,104.4242367513,105.2541208906,105.123617814,50.6317725109,117.4626875075,49.850152555,179.7533286407,272.2959526735
2019-10-25,132.315382896,62.6154690218,88.0665,105.2594301988,105.9558150298,103.8263153744,50.7490265795,122.6227966038,49.709552251,181.2748610484,273.4109908657
2019-10-28,135.5685003892,63.8377657674,88.854,105.6603230537,106.6409987188,104.0200683362,50.3019954429,122.9123945633,48.9435953711,179.7618288217,274.9521005622
2019-10-29,134.2898183688,62.4351951095,88.1355,105.5935075779,106.5914673678,104.121156838,50.1554278571,124.0269079225,48.8113891151,185.1509436067,274.8705124018
2019-10-30,135.9633874838,62.4371761415,88.9995,105.0088721646,109.6624111302,105.2499784412,49.6277845482,123.1581140441,49.4115635471,184.2244238724,275.7135900593
2019-10-31,134.7975303475,62.3430771214,88.833,104.332365472,109.0019931168,104.8877446432,49.5178588589,120.9290873256,50.015935003,181.2748610484,274.9792966157
2019-11-01,135.1266029263,63.0091991323,89.572,106.7377226011,108.3085542027,104.348605967,51.0055198546,126.800027777,49.4640263471,181.5298664799,277.5266602905
2019-11-04,135.9069750417,63.8689670214,90.233,107.5896199176,107.5077973614,100.3050658956,52.5224943676,128.9325218423,48.1818355152,182.2608820501,278.6416984827
2019-11-05,135.8223563786,63.9595992355,90.0855,107.8234740829,107.6646466396,100.1618571847,53.5631242267,128.4498585765,47.6593060272,184.0969211567,278.3334765434
2019-11-06,135.4462734314,63.9383031415,89.7885,107.9905127724,108.1104287987,101.3580711225,52.3905835404,127.6775973512,47.7390494832,186.0264622548,278.3969340015
2019-11-07,135.634314905,64.7272491365,89.41,108.5751481858,108.4984243815,100.7683881954,53.5044971924,129.011503104,46.8157042033,193.4471203104,279.3759919263
2019-11-08,137.2326674306,64.8292722847,89.294,108.8925216958,109.7944947329,100.83578053,52.5005092297,130.0207081144,46.6037544914,198.7937341902,280.0649586142
2019-11-11,137.3736985358,64.298355708,88.5825,108.5083327099,108.9524617658,100.5240909828,52.1815150377,129.8802969825,46.6331336594,199.7797551919,279.530102896
2019-11-12,138.276297609,64.2453631019,88.9,107.8735856898,108.4323825802,100.4735467319,51.4619234883,128.4235314893,46.8429848593,201.4627910395,280.1193507211
2019-11-13,138.5019473773,64.1943515278,87.6555,107.3056541454,108.3663407789,101.6360645024,51.0390707221,126.800027777,47.8271869872,201.896300273,280.2100042327
2019-11-14,139.2071029033,64.8367011547,87.73,107.4058773591,108.1104287987,101.5097038752,50.8165166346,125.8785797241,48.2384953392,202.4573122223,280.6179450347
2019-11-15,141.0028989762,66.0446354182,86.9745,108.1826072654,111.3960084155,101.5434000425,51.3283910358,127.5196348279,48.5637646992,204.7863618296,282.6485836937
2019-11-18,141.3507757023,65.3661319574,87.6265,109.0929681233,111.3052009386,102.6806456875,50.8313535738,126.0102151602,48.7190545871,205.015866718,282.8570867702
2019-11-19,141.3977860707,65.0070699069,87.6395,109.0595603853,111.2969457135,102.2847157222,50.3120607031,125.6504116348,48.8239801871,205.1178688906,282.7754986098
2019-11-20,141.153332155,64.4756580722,87.2765,108.2661266101,112.2215309323,103.0176073601,50.4678485643,124.1936461416,49.3611992591,202.2193071529,281.7239178757
2019-11-21,141.0212544482,64.3904736961,86.7355,108.5166846444,112.6342921907,101.3749192061,51.6844775757,125.8083741582,49.3444111631,201.9983024456,281.2706503179
2019-11-22,141.1250297893,64.0700417697,87.286,109.2349510093,113.979893893,101.3327989971,51.4619234883,126.2647103368,48.9750730511,201.9643017214,281.8961595477
2019-11-25,142.672225784,64.6628655964,88.692,109.8195864227,114.029425244,101.518127917,51.1206738875,128.4937370552,48.8029950671,199.5332499414,284.0809091763
2019-11-26,143.4269555376,65.0273754849,89.847,109.9699212432,114.0211128497,102.9923352347,50.9945599046,128.2041390957,49.2982438991,199.2442437858,284.7245491084
2019-11-27,143.7005450732,64.9842880389,90.9255,110.2956466878,114.5032317201,102.5711331439,50.9648860263,127.8531112661,49.1723331791,200.6382734778,285.9936982702
2019-11-29,142.8137376128,64.5861006063,90.04,110.0450886535,114.2871094679,102.8238543984,50.5420332601,127.0106444748,49.3305656839,200.8847787282,284.933052185
2019-12-02,141.0872933016,63.8318226713,89.08,109.8028825537,114.1790483417,103.3798411582,50.757168878,125.4573463285,48.7883556342,196.328681686,282.5126034263
2019-12-03,140.8608743755,64.1230343757,88.498,108.3914056273,114.0128004554,103.57359412,50.3565715206,122.9123945633,48.9951127738,195.2406585118,280.6179450347
2019-12-04,141.3703169592,65.3215587373,88.0345,110.5295008531,115.8581519938,104.9045927268,50.9277936784,122.9650487377,49.42339542,194.586144571,282.3494271055
2019-12-05,141.4457899345,65.7187556538,87.024,111.1308401354,116.0077750915,104.9804091031,50.7497504084,123.7811884417,49.4866884219,195.8951724525,282.8570867702
2019-12-06,143.1628001238,66.3343613486,87.58,112.7845231616,116.6893914256,104.6181753051,51.5657820624,125.2467296307,49.4508223875,197.2297008772,285.4407118497
2019-12-09,142.794869369,66.5126542288,87.4755,112.2583512896,116.7891401574,105.1910101485,51.6770591061,125.3432622838,49.4255051867,196.2011789703,284.5432420853
2019-12-10,142.5778845648,66.5077016488,86.9605,112.3335186999,116.3652080472,104.6855676396,51.2319509312,125.3783650668,49.4634809879,195.0791550718,284.2259547948
2019-12-11,143.1156295142,66.5750567369,87.436,112.0662567966,117.1881350846,105.0141052704,51.1577662354,126.3700186857,49.744079963,195.0791550718,285.0327710477
2019-12-12,144.5684842898,66.7850461292,88.0165,115.2733996354,117.48738128,104.938288894,52.1815150377,128.8096621019,49.3474438177,197.544207576,287.489481211
2019-12-13,145.7854860174,66.7048143331,88.047,114.2628155638,117.5206308573,105.6964526574,51.3580649141,127.7127001342,49.9909226704,196.1331775219,287.6617228829
2019-12-16,146.7288982093,67.389756148,88.4605,114.705468091,117.8614390243,105.7722690338,51.9292870719,127.5635133066,50.5225838864,199.27824451,289.6379694349
2019-12-17,145.9364319681,67.1020112496,89.533,115.407030587,119.3327328184,105.5616679884,51.6918960453,128.4498585765,50.5964257219,200.2727656927,289.701426893
2019-12-18,145.6345400667,66.9544243654,89.2015,115.2901035043,119.0251742287,104.4665425524,51.8328469673,129.1080357572,50.6955847583,198.1477204305,289.7195575953
2019-12-19,146.8987124038,67.1787762397,89.614,114.7138200255,120.8206514012,105.2331303576,51.4767604274,127.2651396513,50.7715363605,198.1052195252,290.9071185968
2019-12-20,148.5025131301,66.9202515634,89.325,114.6219487463,121.4108313977,105.6037881975,51.8847762544,129.5029420656,51.2061483069,199.7542546487,292.1762677586
2019-12-23,148.5025131301,66.8910313413,89.65,114.5885410083,121.7267023818,105.216282274,52.1444226898,130.3190817696,50.377009982,199.8732571834,292.622644372
2019-12-24,148.4742107643,66.5839713809,89.4605,114.9059145184,121.3027702716,105.485851612,51.9441240111,129.4239608039,50.7419996263,199.796755554,292.6317540988
2019-12-26,149.6912124919,67.4774168141,93.4385,116.1252969519,121.2196463285,105.485851612,52.0257271765,130.0733622888,51.0479158022,200.672274202,294.1895173821
2019-12-27,149.9648020276,67.0896297996,93.49,116.2088162967,121.1531471739,106.21874325,51.8476839065,130.1260164633,51.1639529723,200.1707635201,294.1166395677
2019-12-30,148.6723273246,66.3502096046,92.3445,115.7828676384,120.7790894296,104.8540484759,51.5435266537,129.4590635869,50.9065614313,200.0347606233,292.4951081967
2019-12-31,148.7761026658,66.3343613486,92.392,116.425966593,121.2528959057,105.216282274,51.7660807411,129.5994747187,51.0901111368,200.7317754693,293.2056668874
2020-01-02,151.5308662662,67.7849720325,94.9005,117.8374435194,121.3360198489,103.9611000435,52.5969493343,132.1005480052,50.3432537143,197.443051117,295.9476946552
2020-01-03,149.6440418823,67.430367304,93.7485,116.2923356414,119.9312252093,103.2619045728,52.1740965681,130.2664275951,50.7019140584,193.0523905531,293.7067018616
2020-01-06,150.030840881,69.2276585884,95.144,116.1998666742,119.7816021116,103.4051132836,52.5746939255,130.1786706377,50.9550860661,192.9669691413,294.8271982584
2020-01-07,148.6628932027,69.0939389282,95.343,114.2243932843,120.5130928115,102.7648861057,52.1444226898,128.4586342723,50.9107809647,193.7870146941,293.9982131193
2020-01-08,151.0308578044,69.5857301229,94.5985,115.1154578772,120.4964680229,103.2029362801,51.3580649141,129.5994747187,50.8875735307,194.8376980586,295.5650861294
2020-01-09,152.9176821883,70.3162356738,95.0525,115.5357713644,120.8539009785,104.3317578833,51.7512438019,129.2747739763,51.2863194427,199.4589964343,297.5692260261
2020-01-10,152.2101230443,70.7703872604,94.158,114.3841124095,120.579591966,104.4328463851,51.2912986879,128.2392418787,51.3833687123,198.177675258,296.7129117066
2020-01-13,154.0403426967,71.3186378671,94.565,115.3340208906,121.1115852023,105.1994341903,51.7809176803,128.8447648849,51.9846522304,202.329155869,298.7534905105
2020-01-14,152.955418676,70.8511143145,93.472,116.6790240496,121.7932015363,105.0393773958,51.3358095054,128.7219051445,52.2652512055,200.3302948341,298.2980041704
2020-01-15,153.9460014775,71.2775314531,93.101,114.9305199429,122.2005088579,106.1092307064,51.25420634,127.7478029172,53.0775113966,201.1332561045,298.9721239538
2020-01-16,156.7668039313,71.8203342218,93.897,115.3760522393,123.1896837816,106.2018951664,51.0539076613,129.7662129378,53.2230853009,201.398062481,301.4590793711
2020-01-17,157.6441772698,73.2744117117,93.236,116.174647865,123.9959860304,106.4883125881,50.8610274521,130.5911283376,53.4614889414,202.4487458455,302.3973812318
2020-01-21,157.0781299546,73.4096171459,94.6,115.0313951798,124.0791099736,106.21874325,50.1340174331,128.8856142106,54.1977975303,202.6025043866,301.8052489896
2020-01-22,156.3234002011,73.489848942,94.373,114.8968948639,123.2312457532,106.4040721699,49.8446971194,126.0401450453,54.832837316,203.3371285277,301.8416878968
2020-01-23,157.2856806369,73.530460098,94.229,114.7792070875,123.4639927941,105.9204479293,49.533121397,126.1461873744,54.8708131172,202.6964679396,302.1878575153
2020-01-24,155.7007481544,72.6132422808,93.082,111.9294816442,123.2894325134,106.047562636,49.1992902658,124.0518513739,55.6387682069,208.3855339621,299.5004881084
2020-01-27,153.0969305047,70.9075737266,91.417,110.9879794328,123.6468654691,106.5136498939,48.0271720719,119.9427111196,56.2759177594,199.4333700107,294.6996620831
2020-01-28,156.0969812751,71.8371729938,92.6625,113.0054841714,124.2702950429,106.8017765624,47.9604058457,120.8352340566,56.0797094535,201.9789280809,297.7878594694
2020-01-29,158.5309847302,72.1442329542,92.9,112.8373587765,125.1347840519,105.9797681258,47.5598084883,119.9868954235,56.0691606199,202.6793836572,297.5418968457
2020-01-30,163.0027585199,72.022894744,93.534,114.2327995541,124.9851609542,106.7339820521,48.0642644198,119.6245841322,56.9489333464,206.2158301036,298.5075278868
2020-01-31,160.5970574305,70.9595758167,100.436,111.2653863344,123.7466142009,105.6068983195,46.0835330415,116.072166106,56.583943702,203.9094519864,293.087240439
2020-02-03,164.512218027,73.4269511759,100.21,112.1144195785,124.8272254621,106.0221396947,45.0523657697,114.6759421056,56.2906861266,207.5825726916,295.2644651449
2020-02-04,169.9274040086,71.5850866715,102.4835,113.7284233694,126.0158978495,106.4882269525,44.4885620815,117.9809280305,55.8117690788,211.067766291,299.7646701857
2020-02-05,169.7198533264,71.6167831835,101.9935,115.6618654106,128.0025600913,107.4627730372,46.536059686,121.4538143099,56.2695884592,213.7927093258,303.2263663709
2020-02-06,173.2387808022,73.0985951214,102.5115,115.6786779501,127.6201899527,107.7424253919,45.9054897716,121.2859139554,56.6113706695,214.4589963374,304.2466557729
2020-02-07,173.4840679721,73.2541061337,103.964,115.3088020813,126.2569572847,106.8441481313,45.6013325187,117.8572119799,56.8666524439,213.4851922435,302.6251244019
2020-02-10,178.0218806153,74.7175935256,106.6955,115.7879594568,126.2320201018,106.9204169553,45.1265504655,118.6967137522,57.3308011245,215.0142355138,304.8843366491
2020-02-11,174.0029446777,74.7869296457,107.54,116.0065224701,126.3400812279,105.2170798856,45.5555386871,120.3492067147,57.4173015604,215.612185396,305.4127008037
2020-02-12,174.2576659695,75.2113657522,108.0,116.0065224701,125.5919657393,104.6154036073,46.1124707642,123.3537393737,57.0185556484,217.0558072546,307.3804017932
2020-02-13,173.3142537776,74.9518505599,107.4935,115.9056472332,124.7607263076,105.895024988,45.8565830531,123.4686185636,58.1177441148,217.7220942662,307.0524516282
2020-02-14,174.8614497723,75.2163183322,106.7435,115.5525839039,124.7939758849,106.8949940139,45.6458519969,121.9398416518,58.7612229675,218.687356219,307.5443768756
2020-02-18,176.6350646931,75.2514816503,107.7835,114.0226428105,123.9710488475,105.8187561639,45.0663415923,120.6938442844,59.5038608565,218.4567184073,306.7518306437
2020-02-19,177.1633755206,75.5204067446,108.511,115.5778027132,123.8048009611,106.3017920494,45.4125426132,120.9412763857,57.9489627764,218.5250555367,308.218496659
2020-02-20,174.4578690384,75.1301434401,107.655,115.5778027132,123.330994485,107.2678638202,45.051289374,121.0031344111,58.4468677247,218.1662856073,306.9522446334
2020-02-21,168.9427981324,73.4695433639,104.7985,114.1655493961,124.6277279985,107.3695555856,44.501883406,121.2505665124,58.5650146616,217.7989735368,303.7911694327
2020-02-24,161.6587422187,70.3197024798,100.4645,111.0972609395,122.0758229431,104.4882889006,42.4171511714,116.7967886884,57.7949498051,209.7351922677,293.7158115884
2020-02-25,158.991074988,68.6586071457,98.637,106.1375617904,121.0216420309,102.9035922238,40.7915115949,113.995503827,57.0333240156,201.1588825281,284.8156085017
2020-02-26,160.9776356917,68.8641392159,98.9795,106.4570000407,120.2100900587,101.8273543738,39.895904606,113.3327392698,56.8518840768,201.1845089516,283.7679899193
2020-02-27,149.6353200547,65.123950795,94.215,102.0268958855,116.3949591382,96.1834613967,37.495075787,108.9319826105,54.2737491325,191.4208415887,271.0234821216
2020-02-28,153.2584283858,66.3274277366,94.1875,97.605198,112.5128960962,95.9546549247,38.7143054694,109.7891581044,53.6182639466,187.5939623423,269.8847662712
2020-03-02,163.4561066649,68.6586071457,97.6975,102.1529899317,117.1479455041,101.3188955471,40.5506761021,112.7583433203,56.9253882342,197.0244861994,281.5725457597
2020-03-03,155.6233816045,66.2516532625,95.4495,98.3197309283,113.4415792808,100.1409659317,38.6089399413,109.912874155,56.2465686242,194.2141217529,273.5104375389
2020-03-04,161.337108581,68.4248453693,98.7915,100.7491428844,120.0427597552,105.5052065541,39.4518641661,112.5816061051,59.8676469814,202.619588669,285.0069127645
2020-03-05,157.2883086705,65.114540893,96.2015,95.8062562748,118.8128820242,103.0730784994,37.7133329524,107.7831907114,58.5821323449,199.886103493,275.5327968892
2020-03-06,152.8421966193,64.1725601758,95.0545,90.8549633954,118.8296150546,103.0985014407,35.892014538,107.2883265088,57.6614832488,196.221524929,270.9779334876
2020-03-09,142.4837015213,60.2129724606,90.0305,78.5481844899,114.1527330708,98.3528857243,31.5042929034,91.9652099478,55.4256211583,175.2420262034,249.8160381238
2020-03-10,152.2273087825,63.1538144685,94.591,84.6511363242,118.5033209627,102.1578526112,32.6708398217,94.1037302522,54.2482933972,183.2972653313,262.7427404575
2020-03-11,145.3311051967,59.9707912983,91.043,80.6665644654,110.2706700288,94.5648674648,31.5946062132,88.9783510104,51.1787559731,177.5056936147,249.9344645723
2020-03-12,131.548157838,55.0504030619,83.8305,74.0172050978,104.9244668309,86.3024115299,27.982073821,81.5288773882,44.3120713555,160.3616162767,226.0214317139
2020-03-13,150.2502078916,60.1376932445,89.25,87.3495489121,112.3539323078,96.6664972821,28.6895280811,88.0504806304,46.9997727489,176.2756252855,245.3431622634
2020-03-16,128.1047859515,53.1411834694,84.4575,74.2777994598,106.3635074413,91.946304507,25.9575504595,82.5451163758,42.7168452719,154.0575160896,218.4967973745
2020-03-17,138.652477307,55.3728160203,90.392,78.8171851217,114.2782307985,100.2002861282,27.7036077824,88.545344833,47.0421989745,175.1993154975,230.2938935846
2020-03-18,132.8157727632,54.0420577726,91.5,70.5201968842,112.9144888246,99.5308153396,24.926473506,88.4746499469,44.6833008297,172.1839396628,218.6334432765
2020-03-19,135.0009895373,55.0563461579,94.0465,71.7054809181,106.2965753199,93.9208196176,25.9123938046,91.0285027071,43.9323566361,163.1890650056,219.0980393435
2020-03-20,129.9305298364,52.9039548871,92.3045,70.1923523642,100.3061504534,86.8023960429,24.6404813582,84.392020275,40.6761438193,161.5746003235,209.7109751065
2020-03-23,128.6345354725,52.2066316222,95.1415,66.4347497885,92.9854496738,82.7940456252,23.6696132778,81.166566097,38.5357407364,150.9652609843,204.3490467657
2020-03-24,140.3268641859,55.9646493311,97.005,74.3366433481,99.7121278758,87.5142384003,26.6725308288,89.5527469599,43.8114418931,166.0763087227,222.863739498
2020-03-25,138.9835707576,54.5586118672,94.292,77.1107123636,99.8961912097,85.5227746622,28.0648610216,92.4954215936,44.6048123123,163.2830285585,226.2000504656
2020-03-26,147.6771387896,57.5945434112,97.7745,82.4823187302,105.8949825914,90.9971813637,29.2163557216,97.6473114177,49.0235037113,171.9874704157,239.407808994
2020-03-27,141.6133987368,54.9865147798,95.005,76.606336179,103.0420009162,93.3615149082,27.8089733105,93.1758598722,49.2038151702,165.0085410758,232.2769025852
2020-03-30,151.5745816941,56.7719198721,98.1975,78.5986221084,111.2830183652,97.4546084636,28.2229093138,98.7165715698,52.1863788317,176.4208416855,239.8202650202
2020-03-31,149.1907088496,57.5465033851,97.486,75.6816465071,109.710113512,93.2174515739,28.5766364439,102.5429322797,51.0429920511,171.6543269099,236.2456461263
2020-04-01,143.8932136397,54.5823842513,95.385,70.9152915622,107.769081991,92.6496725507,28.2454876413,98.3984445824,46.2933760922,162.7710585517,225.6134463395
2020-04-02,146.8730546953,55.3218044462,95.9415,73.5632665316,111.4001495777,96.9461496369,30.4054809674,103.161512533,48.0370939655,167.2599899002,230.8195579592
2020-04-03,145.5203014542,54.1168417307,95.3295,71.4112614771,112.2535341257,97.5224029739,29.5098739785,101.3322823553,47.0167432392,160.4663964801,227.4832469916
2020-04-06,156.342327383,58.5984313785,99.8795,76.0077507643,116.9304161095,99.8358906357,30.4581637315,106.4223141541,49.7468708582,166.7096228383,242.7624513405
2020-04-07,154.6584806913,58.5672301245,100.58,77.0103121985,115.0228506492,95.5648364908,31.037674136,107.7390064076,48.4698414669,173.7354023627,243.0099249562
2020-04-08,156.2098900028,59.7776406781,102.15,80.1199519011,119.8586964213,97.5393516014,33.0019886243,112.5816061051,49.5326184188,185.5424957371,251.1673885858
2020-04-09,156.2193498157,59.756344584,102.138,87.3078076072,118.1602938404,97.1664817951,32.4601087654,110.4872701045,52.0315231082,188.6039125188,254.9894810954
2020-04-13,156.569362892,59.9465236563,108.4435,83.4250061206,116.9387826246,98.2596682727,32.1816427269,100.863928735,50.107493776,185.9122736068,252.6613959697
2020-04-14,164.3169496365,62.6615280158,114.166,81.139505902,122.1762211252,102.5052994762,31.9332811249,102.9317541532,51.4163428366,189.8680368641,260.1131015099
2020-04-15,162.5952636933,62.2687884213,115.384,77.1377564486,123.539963099,102.7256316344,30.4656898406,98.5575080761,50.3217462155,183.8741955808,254.5861907587
2020-04-16,167.4765271368,62.2752267753,120.4095,74.1980424128,125.2216326496,102.9629124203,29.4647173236,100.0509375449,50.3769003088,183.0658439586,255.8143931478
2020-04-17,168.9522579452,63.3434982827,118.75,80.8676248351,127.1877637161,105.6662185159,32.5278437478,103.682887318,52.2394116138,190.4786003234,262.7253230093
2020-04-20,165.6034841875,62.4594627516,119.6805,77.9194145159,126.8949356849,102.2002241801,30.9925174811,102.1673163082,50.4044773554,184.3471672746,258.0966498262
2020-04-21,158.7545796661,60.0331938064,116.406,75.6594031473,125.2299991647,101.4205873124,30.8269430798,97.9326326043,49.9399101848,178.3447265059,250.2599853281
2020-04-22,164.1466730048,62.3237620594,118.1745,75.9057953642,127.9993156882,101.1833065266,31.7074978504,98.6369273677,52.4324509404,184.407363672,255.8143931478
2020-04-23,162.1601123011,62.9557112682,119.9725,75.9482767809,130.1076775128,101.8533705171,32.7009442583,100.6606604219,51.1533002377,181.6813268186,255.7960617689
2020-04-24,165.1210337309,63.2246363626,120.511,77.0697861819,129.5638540263,101.3244836685,32.9116753145,101.6680693873,50.8478314132,186.419643242,259.3615149733
2020-04-27,164.6480430872,62.9403582702,118.8,80.391832968,129.0869626612,100.189936074,33.0697236066,102.7022237234,51.6751428129,191.1321612093,263.1011162776
2020-04-28,160.6370824282,61.0450059017,115.704,80.9610839518,126.66067326,99.7122318237,33.8449128491,102.9340169367,50.762978962,192.3016912158,261.8912452674
2020-04-29,167.8454598389,66.4725383308,118.6355,83.1446287703,125.6985240146,99.8743100515,35.7189140275,107.0349737867,49.8783921577,198.3643283819,268.747180992
2020-04-30,169.5293065306,66.6963949471,123.7,81.3604092688,125.5311937111,100.5482142618,34.9738292217,103.7542083067,49.0277463338,193.9871903429,266.2449477663
2020-05-01,165.1399533567,65.2413269412,114.302,79.2278421504,124.0670535552,99.6525187924,32.4676348746,98.8508903338,48.1643726423,191.123561724,259.1965325628
2020-05-04,169.1792934542,65.5176809056,115.7995,78.2847546996,124.0503205248,98.756823323,33.7771778668,96.0337112802,48.8092512719,192.0695051116,259.9114563416
2020-05-05,170.9955775262,66.8112948032,115.89,78.1658067328,125.0794018916,98.961553716,33.739547321,97.0946109871,48.8113725832,192.8864562191,262.3128669831
2020-05-06,172.6794242179,66.633497181,117.563,76.6959497149,123.8913567365,96.4791977009,33.1073541524,95.9891356623,47.2331169898,192.0953035676,260.5347232256
2020-05-07,173.6821643827,67.8146875125,118.3805,77.4946003489,123.4813974928,95.685867428,33.2955068811,95.650360966,47.619195643,195.0363275546,263.6785547143
2020-05-08,174.7038241732,68.5605460615,118.9805,78.7605465666,124.4100806774,98.9103711178,34.7555720563,99.947450535,48.7328840657,200.780783763,268.0414229027
2020-05-11,176.6525456254,69.5139177128,120.45,76.4410612147,124.7531077997,98.3644234031,34.4244232537,96.8271572795,48.2343759146,200.0842254503,268.0964170396
2020-05-12,172.6510447793,68.1068897329,117.8475,73.9431539125,123.1049043099,97.7161104919,33.8599650674,93.6087976645,48.3510480351,198.0117494829,262.7528200777
2020-05-13,170.0401364258,66.7771220012,118.396,71.3942689104,123.0965377947,97.1786932103,32.1792460398,93.145211238,48.8156152057,194.2107769618,258.1058155157
2020-05-14,170.7780018301,67.1995770757,119.4425,74.3594717962,123.5232300687,97.0848584469,32.4632031358,94.6696973714,49.2632118861,194.0215882842,261.1946528676
2020-05-15,173.2659326162,68.0018950368,120.489,72.9830738951,125.8658543182,97.7672930902,32.2329676526,96.212013752,48.3340775449,196.102663737,262.3953581883
2020-05-18,174.9213998693,68.6021477336,121.313,76.848882815,125.9327864396,99.1321623768,34.7962560326,102.5417514988,49.9462741187,205.484702245,270.3878394074
2020-05-19,173.7105438213,68.0682596089,122.4665,75.3365443804,124.6778091631,95.9161891202,33.7218237775,99.9207051642,48.8962250344,202.9736525252,267.6106354976
2020-05-20,176.1133362915,69.7897764191,124.897,77.596555749,123.5566961294,96.6327454956,34.8192795809,103.1390647792,49.3820053178,206.2156584991,272.1568174754
2020-05-21,173.9980032099,69.670419241,122.337,76.6109868815,122.7451441573,95.2166936107,34.1976437762,101.6858996345,48.5568152294,202.5522777434,270.2778511338
2020-05-22,174.0738895985,69.9918416834,121.844,76.0162470476,121.6323976388,96.0526760488,34.2283418406,100.2683949841,49.6068643136,201.5289389877,270.7911297442
2020-05-26,172.2336446755,70.3944864379,121.093,81.4113869689,121.792473524,95.5664413654,35.2337034507,104.6724660361,49.7044446326,204.4957614307,274.1274407118
2020-05-27,172.4613038412,70.3405033158,120.5195,86.1268242229,122.0705000615,97.1531019112,35.4869624823,109.1389429533,51.1511789264,202.2254973004,278.2061725266
2020-05-28,172.0723860998,70.2394706837,120.055,84.8438854384,123.8229097525,99.0042058812,34.5660205493,107.6412021906,53.3212803672,206.9724132092,277.6928939162
2020-05-29,173.8272588356,70.9962249087,122.1185,82.6773331866,125.3225680458,98.8847798186,34.896024742,107.0973796518,54.2122311054,207.8065632873,278.9302619948
2020-06-01,173.4288552956,71.0630847388,123.552,83.7733537375,124.0082607775,100.0193274132,35.5176605467,107.4272392245,54.5283064863,208.6235143948,280.0576417998
2020-06-02,175.4019013986,71.4315566913,123.6205,84.0537310878,124.9013157162,100.7102924896,36.3081357058,109.9413040761,54.7309346544,210.9453754371,282.3765612361
2020-06-03,175.8287623343,71.2800077431,123.92,88.5907463916,125.2383175798,101.1112228425,37.7893173146,113.3023056684,55.3665472236,213.6628128052,286.1344939194
2020-06-04,173.5142274827,70.0443390315,123.03,90.4344398765,123.6207086343,98.9956754482,37.6818740891,114.9694337792,53.7263255264,209.8016438866,285.3829073827
2020-06-05,177.5741492716,71.3181426091,124.15,94.5041595966,124.10093629,100.9406141817,40.7363315,120.4611499089,54.2574246195,213.7660066293,292.6971275809
2020-06-08,178.674501906,71.7153395256,126.203,96.3903344982,123.6544088207,101.5548053607,42.0103011738,122.7790820415,55.5585107512,214.6259551635,296.2350837169
2020-06-09,180.0404569004,71.9154237579,130.043,93.9179160461,122.9719800468,100.9491446147,41.0740102087,119.6320434153,55.1724507679,215.7352887726,294.0261525543
2020-06-10,186.7184590952,72.5404393547,132.3725,90.1115811096,124.5221886196,101.7083531554,38.8714240858,118.0718967875,54.771460288,213.1468436846,292.3854941389
2020-06-11,176.6919700044,69.4302191107,127.898,82.5923703532,118.6836313318,99.1748145421,35.4409153856,108.3633272012,52.9670031283,200.4368043493,275.5297912009
2020-06-12,178.0863823945,69.9759934274,127.251,84.8523817218,119.7620372955,98.6288668274,36.2006924803,109.7897469751,52.6641273402,202.1223034763,278.8294394106
2020-06-15,179.2246782232,70.3632851839,128.634,86.0248688228,119.0037831023,99.5416231628,36.177668932,110.1998426601,53.0181934023,203.8164020887,281.4324952205
2020-06-16,183.6166029621,71.6375840195,130.7635,86.7130677734,121.7082230581,100.7700055208,36.9911676394,115.9946729918,52.9328762789,204.7021490789,286.8494176981
2020-06-17,184.2521514665,71.9382056259,132.049,84.5210266715,121.3375210081,100.59939686,35.7862686105,114.3186297574,53.10990931,204.1947794437,285.6578780668
2020-06-18,186.2251975695,71.0259403887,132.699,84.0622273711,120.823593166,101.7510053206,36.0088295776,113.7480618478,53.0949788134,204.7623454763,285.7678663405
2020-06-19,185.1153591365,70.5564358041,133.7505,83.1021473536,121.1774451228,101.4439097311,35.2874250635,113.6321652412,51.6616511404,202.5264792874,284.142094838
2020-06-22,190.2566619627,71.8450971218,135.691,82.2015413195,120.8067430728,100.4458490653,35.6251037722,112.1433396021,52.6918554053,203.3520298802,285.9649348709
2020-06-23,191.5277589713,72.5047807787,138.2205,83.2041027537,120.3602156035,100.4287881992,35.8399902232,112.5534352871,51.8749439489,205.6050950398,287.2814304503
2020-06-24,187.6670389525,70.9556137527,136.72,80.4258181014,117.7990014397,99.3113014707,34.1515966795,108.8179985041,51.5464730238,200.4884012614,279.9532452672
2020-06-25,190.0384885955,71.3716304732,137.729,83.2295916037,117.6726257408,100.5652751278,34.6657892587,111.1805062547,51.0111080746,204.0657871636,282.9544869377
2020-06-26,186.2346833681,67.4808836201,134.6435,78.6670874499,116.1055670749,98.2961799388,33.476239262,109.1121975825,50.3840272177,202.9650530398,276.2339150989
2020-06-29,188.2361868668,69.1959620764,134.019,79.0154350668,117.1418478056,100.3690751679,34.0134553896,111.6619229284,50.8148786908,205.1923197434,280.2938769905
2020-06-30,193.0454867429,70.2300607817,137.941,79.9160411009,118.4814302136,101.9983878788,34.3204360339,112.7763133768,51.2265338111,208.7955041016,283.8843194798
2020-07-01,194.174296773,71.4162036933,143.935,79.2363384337,118.2708040488,102.3481356335,33.545309907,112.384047939,52.5254870147,210.7757149208,285.872872243
2020-07-02,195.6540813502,72.7994592891,144.515,79.4912269339,118.7678817977,103.1158746073,33.829267003,113.8639584544,52.5553480079,213.9492405567,287.4471431806
2020-07-06,199.8657759163,74.271366067,152.852,81.498667804,120.4613161626,103.7556570854,34.0671770023,115.3884445878,52.6747919807,215.2376746705,291.8845618467
2020-07-07,197.5417552661,73.7894800324,150.006,79.1995474912,120.3517905569,104.2589526349,33.1846076499,113.4003720279,52.6236017066,229.2634473721,288.8741139135
2020-07-08,201.8862510122,74.4669929772,154.0555,80.0402705907,120.7056425137,104.8304916487,33.1078624889,114.2294785215,54.0206696021,233.2930466809,291.0836169837
2020-07-09,203.2996349994,75.2128515262,159.1315,78.307351549,120.0484888796,104.480743894,31.7417986217,112.0898488606,53.7476548073,234.8581914769,289.426489681
2020-07-10,202.6830580923,76.2207015575,160.0,82.5881763105,119.9473883205,105.6835349528,32.7318111996,114.1224970385,55.3708130798,236.2330976788,292.3817000375
2020-07-13,196.4224310346,74.8944006318,155.2,83.7720516954,122.3401015524,105.8200218815,32.7394857157,116.4047686768,54.6541492433,237.2361739016,289.8499777695
2020-07-14,197.6366132518,75.3218082864,154.2,84.2524648951,124.6232891787,106.7071869178,33.8215924869,122.0302116602,56.0000268648,242.9779205563,293.606132989
2020-07-15,197.3425534961,75.1246956021,150.4435,85.55644358,124.9097407628,106.2038913684,34.2513653889,123.3496499511,55.2428373947,243.8253470204,296.3035679873
2020-07-16,193.4344044844,75.027625034,149.995,85.7966501798,125.7438203753,106.4256826274,33.9827573251,123.5279524228,57.2435239382,248.339190023,295.3277041312
2020-07-17,192.4478814328,75.1232098281,148.0985,84.2095708594,125.8280708412,107.1678303021,33.3994941009,122.9662996369,58.7365735975,254.2279392275,296.183886571
2020-07-20,200.7194977878,77.4504271731,159.842,83.4717934456,126.038697006,106.8351434134,32.616693458,120.9273405413,58.5126161486,251.5213628677,298.5775148971
2020-07-21,198.0160451947,77.0581828366,156.9145,85.2819217516,126.1566476583,106.6901260517,34.2667144211,122.041133175,58.9392017655,251.1062968445,299.2127470298
2020-07-22,200.8617847664,77.5004482312,154.9955,84.6642476377,126.3841239163,107.6028823872,33.4685647459,123.0381572261,59.8115693522,255.5336677589,300.9159056465
2020-07-23,192.1253642814,75.1182572481,149.3275,84.9130330447,126.0471220526,108.2944445939,33.5376353909,122.6968336771,59.9288803969,253.5793985662,297.3254631573
2020-07-24,190.9491252584,74.6953069155,150.4455,84.3125165451,124.7917901105,108.1227666538,33.330423456,123.5770891457,59.7753095748,252.0834314409,295.4105604964
2020-07-27,193.3680038943,75.7462443929,152.7605,83.1286411601,123.9998357309,108.4317869459,33.8215924869,125.6519770358,59.2164824166,254.8418910536,297.5648259899
2020-07-28,191.6321027556,74.4694692672,150.0165,83.4889510599,123.7049591002,109.7708748784,33.4225176493,123.9812880853,59.730518085,250.137809457,295.6775421174
2020-07-29,193.5672056644,75.4530516565,151.6765,85.5135495443,123.4606327491,110.1399824496,33.7908944224,126.22683775,60.0291280168,249.7746266866,299.3140159205
2020-07-30,193.4154328872,76.1890050455,152.594,83.2315868458,123.7133841468,112.8095744176,32.1331989432,122.8136022597,60.2210915445,246.2811543245,298.2460894366
2020-07-31,194.4683565287,73.6919142062,158.234,82.9055921745,122.803479115,112.5520575075,32.2943637814,119.3554557761,59.8712913386,247.8549463292,300.6028927115
2020-08-03,205.4054822825,73.4348753039,155.5945,82.4423365891,124.143061523,112.6979837566,32.4248305553,118.3674139236,59.2079507042,240.7469406814,302.6927143655
2020-08-04,202.3225977465,72.9663612353,156.9415,81.9705021966,124.0335359173,114.8439580074,33.3611215204,118.1338767585,60.7991150554,241.758664113,303.8619097402
2020-08-05,201.9905947965,73.2531156177,160.2515,83.3945841814,125.0276914151,114.5435216123,33.6527531325,121.2327352957,60.5282331887,246.1168573569,305.7491936127
2020-08-06,205.2252521096,74.5338528073,161.25,83.4203206028,124.3115624548,113.9168971311,33.4915882942,120.7117677735,60.3213391645,244.7073623197,307.7929839527
2020-08-07,201.5542480622,74.2079730429,158.373,85.2561853302,125.1961923469,114.6379444793,33.3380979721,121.1878243025,61.3814044226,243.5832251735,308.0139342598
2020-08-10,197.5417552661,74.1312080528,157.408,86.3371150294,124.7159646912,115.1100588145,34.1592711956,127.5651853501,60.4983721955,243.1941007767,308.934560539
2020-08-11,192.9221713615,73.3249280277,154.0335,89.0651756991,123.8229097525,114.3632597752,34.5122989366,128.0232774817,59.2506092659,243.5054002941,306.3844257454
2020-08-12,198.4334203319,74.6472668895,158.112,88.310240671,126.0892472856,116.277468807,34.5046244205,128.0592062763,60.7010003635,246.7913396447,310.6561316813
2020-08-13,197.9686162019,75.1133046681,158.051,87.8212486642,124.6906895514,116.5521535111,33.6594215542,126.3525885312,60.6604747299,249.3076774105,310.0945496509
2020-08-14,198.1583321733,74.5180045513,157.401,87.8555638927,124.8928906696,115.9684485148,33.808114651,125.7148524264,59.8286327769,250.6134059419,310.1037559137
2020-08-17,199.4673723763,75.0929990901,159.1205,85.5392859657,125.5247691639,116.311804395,33.369861313,124.6010597927,60.35973187,250.3885785127,311.0888260326
2020-08-18,200.6151540035,77.0512492246,165.6245,84.3468317736,126.451524289,117.1787779923,33.2055163112,124.2866828397,60.3725294385,247.6128244823,311.7608832164
2020-08-19,199.4009717863,76.4980460379,163.024,84.5441443378,126.7042756867,116.5435696141,32.8376965453,123.9723058866,60.2210915445,248.1316570114,310.4628001627
2020-08-20,204.0412995989,78.0650423519,164.8685,83.5318450956,127.5720554856,117.4706304904,32.3368355875,123.4872671591,60.1720341985,247.3707026354,311.4294577559
2020-08-21,202.5579161178,78.0313648079,164.236,83.4889510599,128.7010117289,117.9770804136,32.0942310611,124.3405760316,60.2360220411,247.6906493617,312.534209291
2020-08-24,203.1950103052,78.5058219725,165.373,85.8395442155,129.0380135925,118.895557393,33.0411713094,127.2597905957,60.2829464589,248.7369616286,315.7011636918
2020-08-25,205.8384757395,79.5310060338,167.3245,86.2170117295,128.96168483,119.3676717282,31.992493679,126.7837340668,60.0013999517,250.2675175892,316.8059152269
2020-08-26,210.2886261828,81.4268536603,172.0925,85.0073999232,129.1652281968,118.7925506289,31.3116358145,127.3945235756,59.5086935642,254.1933503923,319.9820758904
2020-08-27,215.4519417612,80.6537559213,170.0,87.8040910499,129.7419344028,118.6380404829,31.100335098,128.777782169,59.781708359,253.1470381254,320.6817518627
2020-08-28,217.6675081144,81.1940824,170.09,88.1644009497,130.3016786616,119.1187387151,31.8438005822,129.0113193341,59.9253319412,256.6145688611,322.7531609911
2020-08-31,214.453510572,80.7037769794,172.548,85.9510687083,130.1066162683,118.7410472469,31.2568541473,127.8256691112,59.8438737901,252.7233248933,321.5839656164
2020-09-01,216.1080536856,81.969161171,174.956,85.9081746726,128.5037122546,118.6122887919,30.8577305715,131.1850114095,59.4065721369,261.776952525,324.6128260752
2020-09-02,220.2729380748,85.0551137731,176.5725,87.2035745503,130.4628171603,120.6123367936,30.6699077124,134.0772793776,61.7924385096,268.3315368085,329.3080200996
2020-09-03,206.6277118224,80.7027864634,168.4,86.9290527219,126.8329604519,118.6809599679,30.6073000926,131.8227475143,60.1482700389,256.9777516314,317.9751106016
2020-09-04,203.7275069395,78.3106903203,164.731,88.807811485,126.0187869846,118.4234430578,30.5838222352,133.0982197238,59.4473012124,258.0586527336,315.378944494
2020-09-08,192.7067283844,75.4575089785,157.492,85.7194409156,124.8908174935,116.6894958631,29.8794865133,133.4036144782,59.5737757102,254.677594086,306.7618825199
2020-09-09,200.9128818728,76.6278036341,163.4305,86.5344275936,126.9601750562,118.5865371009,29.6994896066,137.1491913189,60.5298371677,262.2439018011,312.8196034376
2020-09-10,195.2836317394,75.5788471887,158.7555,85.6422316513,124.5939834169,117.3418720354,28.9560241224,134.6072290985,59.3594121547,255.2915459121,307.3879083899
2020-09-11,194.0094433646,75.069226706,155.811,86.7060037363,125.3318281216,118.5779532039,28.8777645978,138.173161966,59.6252229635,259.6929752,307.5444148573
2020-09-14,195.3216672132,74.7260129116,155.1485,87.9070367356,125.8152436178,118.998564157,28.6899417386,137.8857316089,60.4333735677,262.8492064184,311.5951704862
2020-09-15,198.5261558872,76.0280461953,157.8065,85.1703972588,126.2732161932,118.998564157,28.3847295924,133.4754720675,63.3873033626,262.9097368801,313.1694414237
2020-09-16,194.9793479484,74.8874670198,153.905,85.5307071585,125.8576484859,118.2002617357,29.5899262721,135.7300039308,60.0968227856,261.5434778869,311.9265959467
2020-09-17,192.9444500961,73.6468457282,150.4365,84.5527231449,124.8144887309,118.0457515896,29.5821003197,138.2090907606,59.9189010345,261.1284118637,309.1831296345
2020-09-18,190.548215242,71.8663932158,147.7455,84.372568195,126.5191644281,117.9169931346,29.1047172193,136.8797253591,59.3615557902,255.7930840235,305.6380040532
2020-09-21,192.5926219628,70.8288277045,148.0235,81.7646108253,123.0589271921,117.3504559324,28.5099448319,130.5382931061,59.2072140303,251.4435379884,302.2363773939
2020-09-22,197.2329497754,72.2987534504,156.4495,80.872414883,122.3041205401,118.4234430578,27.80560911,132.173053262,59.6059302435,253.7523427426,305.3144797786
2020-09-23,190.7383926114,69.8011673531,149.993,79.559857391,122.4991829333,117.0071000522,26.9134505289,129.6849842335,58.5877033549,246.8172812711,298.2339199387
2020-09-24,193.2106984132,70.46827988,150.9895,79.4912269339,122.6942453265,117.5307177694,26.8586688617,130.3676313316,59.4944611946,250.7604084918,299.0288652993
2020-09-25,197.6133045142,71.2705978411,154.7565,80.186110312,123.5338617147,118.1315905597,27.1090993406,131.0592606283,60.4119372122,251.3830075267,303.8632423179
2020-09-28,199.1537412061,72.2413035223,158.7025,82.493809432,124.7636028892,118.4663625428,27.6334381557,132.6491097909,60.909260661,253.0778604548,308.9102210027
2020-09-29,197.0808078799,72.6058134108,157.244,81.7989260538,124.7211980211,117.8225702676,26.8273650518,132.4065904271,60.6906098344,254.1068783041,307.2278947744
2020-09-30,200.0000304998,72.5850125748,157.4365,82.5881763105,126.2647352196,119.3075844491,26.8664948141,133.9694929937,59.4987484657,258.7244878125,309.557269552
2020-10-01,202.0254194836,73.6894379162,161.063,83.1886928101,124.9417033352,119.5221818742,25.9273805183,131.777836521,60.6134389544,255.9536185581,311.5446329536
2020-10-02,196.0633589538,72.0897545741,156.25,83.9779430667,124.0257581845,118.5607854098,25.8099912313,134.6790866877,60.2726009011,257.1436156987,308.586696728
2020-10-05,200.0475748421,73.4383421099,159.96,85.7365985298,125.7134719344,119.6509403293,26.4047636187,137.8677672116,61.7174112652,260.8612709993,314.0588787453
2020-10-06,195.7971106367,71.8629264098,154.998,84.8536085207,124.0427201317,119.8397860633,26.1308552824,136.1072562745,62.2254528918,257.282593467,309.5942437549
2020-10-07,199.5245870764,72.2650759064,159.7845,86.3339153007,125.4166378578,120.7754308367,26.2169407595,139.0174886399,63.6916996114,262.4160847816,314.9832338157
2020-10-08,200.2377522115,73.4680575899,159.5275,88.1085520837,126.2732161932,121.590901052,27.5943083934,140.7151241863,64.532004749,260.2879877053,317.7747861286
2020-10-09,205.2108904206,74.8062447077,164.3325,87.6064597256,128.0372587056,122.6810559714,27.1873588652,142.7630654805,64.9328645978,261.1044820937,320.6125561949
2020-10-12,210.5263478945,77.4875715232,172.1465,88.6798985601,128.7751034104,124.028727801,27.1012733881,146.0595323882,65.524508011,263.0849152913,325.7704574882
2020-10-13,211.9146426909,77.6103955073,172.1815,87.2428756042,125.8237245914,123.7883786849,26.780409337,145.619404654,64.6241810779,261.5387876195,323.6444408261
2020-10-14,210.0128689972,77.4306168531,168.1855,86.7580967756,125.6032192774,123.6424524358,26.7256276697,146.9577522541,64.4462593268,258.7679183651,321.6108596711
2020-10-15,208.871804781,77.0358962266,166.9325,88.0566114949,124.8314506782,123.4621905987,26.9604062437,148.2422066623,63.9789467758,257.0741268146,321.2133869908
2020-10-16,208.871804781,77.6415967614,163.6355,87.8748194342,125.6032192774,123.9428888309,26.6864979074,151.5746023646,65.5095025621,258.9676989069,321.019272426
2020-10-19,203.6989803341,75.7719978089,160.3605,86.3945126543,122.3974112499,121.8140823741,26.1543331398,150.4787741283,64.2126030513,255.5106269218,316.1386776538
2020-10-20,204.1078616782,76.8184779643,160.8505,86.8879482476,122.5924736431,122.3033645033,26.3734598088,151.7901751325,64.5212865712,255.7972685688,317.4050441004
2020-10-21,204.2504947052,78.5474236446,159.247,86.0222717681,122.0666532788,122.9643245725,25.9508583757,150.3620055457,63.8117432025,254.7288769754,316.8042133046
2020-10-22,204.3360745215,79.5711219319,158.82,89.0607962111,123.0419652448,122.097951848,27.2812702948,152.3919824426,64.7956719223,253.8515798134,318.5420008371
2020-10-23,205.6102628963,80.8746409896,160.22,89.8658753371,123.1776608227,122.9007167488,26.7334536222,152.356053648,64.9671627667,255.3716491536,319.6234962695
2020-10-26,199.7623087881,78.4632297845,160.352,87.6410867847,122.1005771733,121.9684736382,26.0995514725,147.485070024,64.8771300733,248.7702051618,313.7168673692
2020-10-27,202.7766200926,79.1858112074,164.3165,85.9876447089,121.4051373366,122.8834529875,25.6847759918,142.7044571537,64.9778809444,246.2512331124,312.6353719367
2020-10-28,192.7257461213,74.8235787377,158.139,83.5724073311,117.3427509738,118.8264690802,24.7065319336,136.6044312796,63.8460413714,237.1134448501,301.949827322
2020-10-29,194.6655552889,77.1057276047,160.5505,84.1177835132,116.3504770605,118.7487821543,25.8021652788,139.7764447341,63.4601869715,240.4054807355,305.018686156
2020-10-30,192.5260598835,80.0391407425,151.8075,84.8709220503,116.2826292716,118.3430837636,25.5282569425,141.927268672,62.7742235939,239.9451168782,301.8389047136
2020-11-02,192.3929357249,80.445747561,150.224,86.78406707,117.6226231032,119.5515470551,26.6004124303,147.5483295516,64.4205357001,249.0221023668,305.2220442715
2020-11-03,196.291571797,81.5026281344,152.4205,89.5196047453,117.4614846044,121.899418593,26.1465071873,151.5427168647,65.1836699577,251.0633383379,310.6110343324
2020-11-04,205.7624047918,86.4646180429,162.058,86.78406707,118.22477223,121.398769515,26.0056400429,140.2825209548,62.8685435583,251.2804911008,317.5529409117
2020-11-05,212.3235240351,87.289222614,166.1,90.333340636,118.5300872803,122.9007167488,25.9586843281,147.3856621949,64.0947030958,263.484476375,323.7461198839
2020-11-06,212.7324053792,87.1520361478,165.5685,89.1300503295,120.6418497111,123.6344266044,25.653472182,145.7589886285,64.9264336911,266.4203817292,323.6721714782
2020-11-09,207.6641784855,87.2357347499,157.187,101.1975804537,123.8900626066,119.1113211418,28.9012424552,154.3713214553,64.7463683045,271.5886174859,327.7393337883
2020-11-10,200.6466335557,86.0619732884,151.751,100.8686233915,125.7558768025,121.0707580502,29.5273186524,155.7088086099,65.1579463311,269.2433676467,327.2586691517
2020-11-11,205.9145466873,86.532963647,156.8695,99.3623463172,125.3487900688,122.6331284485,29.2229133055,153.1422792051,66.4870003752,243.9407277153,329.689722987
2020-11-12,204.8590622872,86.3145548687,155.514,98.1417424811,125.7728387497,122.7021834938,28.2215799274,152.8440557179,65.741015202,230.4511980848,326.4914544432
2020-11-13,205.8765112134,87.7725944226,156.4405,98.7563727815,127.1297945286,124.540774073,28.9024866245,155.1756211631,66.1868913975,229.2003981706,331.0115507378
2020-11-16,206.5611497431,87.8602550887,156.553,101.5438510455,127.9354870222,122.9438761521,30.5687053656,156.5131083177,66.6670657618,231.432728573,335.1434179028
2020-11-17,203.9271931773,87.2476209419,156.783,100.5136960349,126.6633409796,122.4691227161,30.9772493838,155.3563626705,65.6895679487,231.3024369153,333.3409255154
2020-11-18,201.2456922692,86.2065886246,155.273,99.7692142626,124.9841082033,120.5873727336,29.8076919983,156.1064399261,64.9864554867,232.527178498,329.3292245095
2020-11-19,202.5232610945,87.0945862197,155.851,100.0375739712,124.7890458101,120.4406307625,29.9598946717,156.251033132,64.4205357001,234.8376838951,330.7157571153
2020-11-20,200.5878396651,85.9956087163,154.97,99.1805542565,124.1275298679,120.2420975074,29.5914039886,155.6455490823,64.7806664734,234.9419172213,328.4510871926
2020-11-23,200.3208849852,85.5587911597,154.9195,102.0372866389,122.8723457725,119.7759759521,31.5299854085,157.9500033014,63.9403613358,239.0938780477,330.4199634927
2020-11-24,203.8961708769,87.3585587341,155.903,106.7552234521,122.8723457725,119.3875413227,33.628780169,159.8658632797,64.2919175668,246.7029108592,335.7442486987
2020-11-25,203.9057049726,87.3699496681,159.2535,105.6385007936,122.710076045,119.7069209069,32.6915321271,157.8144471709,65.4409062243,241.5781056551,335.2266098592
2020-11-27,205.2023419893,88.5035952316,159.767,104.9373028452,122.9833724282,119.6464977423,32.1948707716,158.2211155625,64.717326374,241.3262084501,336.1602084804
2020-11-30,204.0963868868,86.8880636335,158.402,102.0459434036,123.5641272424,119.8709266393,30.5446733645,156.8745913325,63.3907633151,243.3326999792,334.6719968169
2020-12-01,206.136683369,88.9166404041,161.004,103.6561016555,125.9298490593,120.302520672,30.8410680444,156.5763678453,63.873149882,245.9732775759,338.332442896
2020-12-02,205.3358193292,90.383099344,160.1765,105.6471575584,126.5191443855,119.430700726,31.9946040959,157.1276294428,64.0109746154,237.8951947965,339.0441963003
2020-12-03,204.2584665139,90.2280835898,159.3365,104.9546163748,127.2536284152,118.5502488993,32.2108921056,157.8144471709,63.184026215,232.1363035248,338.9517607932
2020-12-04,204.3728756624,90.3231731259,158.129,105.9068605022,128.338273436,118.6624633478,33.3884601582,164.6645503007,62.4690604105,237.7909614703,341.8727228159
2020-12-07,204.3061369924,89.9898644915,157.9,105.5086493217,127.2280068793,118.8437328415,32.7636281303,161.5015739215,63.1151138483,233.8127228543,341.1702129624
2020-12-08,205.9460014547,89.7075674311,158.8645,105.6125304992,129.4314589687,119.1631124257,33.8370575116,161.6190559013,63.4682897276,232.9875423553,342.1685164385
2020-12-09,201.9321471604,88.049938903,155.21,104.7901378437,130.7552383247,117.7474839985,34.285654865,162.7306161717,63.4596756818,235.0200922159,339.0996576045
2020-12-10,200.7117829094,87.5442804843,155.0745,104.1149101897,130.0292948069,116.9706147396,35.2549455749,161.6280929767,63.1237278941,233.5000228757,338.988734996
2020-12-11,203.3241251342,87.8983899548,155.821,103.5002798892,130.627130645,117.833802805,35.0867215674,162.0257242929,63.5716582777,232.2318507405,338.5912623157
2020-12-14,204.220330131,86.7820784213,157.8485,102.409527525,127.3134119991,117.2640986819,33.8210361775,160.9051269471,63.3563071318,230.5293730794,337.0753200001
2020-12-15,204.153591461,87.2188959779,158.256,104.1581940136,128.5944887952,117.9546491342,34.4779108736,164.2398077583,64.5278173656,234.5336700271,341.6323904976
2020-12-16,209.0636507522,87.0262406156,162.048,104.4611807815,127.8258427175,118.4898257347,35.0066148972,162.2155028757,64.1229572113,233.5695117598,342.1685164385
2020-12-17,209.1971280922,86.2001502706,161.804,103.595504302,131.1993449473,119.3357500388,34.8303802226,161.9172793885,64.6570280532,233.3089284444,344.0819314344
2020-12-18,208.4057981482,85.4924265876,160.0825,103.084755179,131.959450513,120.0176686104,34.2295801958,163.5349158796,64.1832555321,234.1341089433,342.7138859301
2020-12-21,212.2194364326,85.9054717602,160.309,106.9543290424,130.6869142289,118.7056227511,33.6047481679,162.81194985,64.0885010279,229.7389370225,341.4885152994
2020-12-22,213.5065393536,85.1952717872,160.326,105.326857261,130.4306988696,117.8683303276,33.0359908091,159.5766768679,64.3555364489,229.3220037178,340.9129624274
2020-12-23,210.722583406,85.5919734458,159.2635,108.2701572913,129.7645389357,117.6870608339,33.4605561614,161.2394987358,64.028202707,231.2676924733,341.2193050851
2020-12-24,212.371981964,85.8856614401,158.6345,107.7940352275,130.2171860703,118.8782603641,33.324374822,162.2697253279,64.5881156865,233.0917756815,342.546789935
2020-12-28,214.4790171161,87.8567882827,164.198,108.5038899407,130.8321029324,119.7069209069,33.4365241604,161.1943133589,65.0274320241,233.3089284444,345.4895360707
2020-12-29,213.7067553635,87.0544703217,166.1,108.2182167025,131.64345157,119.4824920099,33.0600228102,159.6399363955,64.8896072908,233.4218478811,344.8304352012
2020-12-30,211.3518337229,85.9891703623,164.2925,108.5212034703,133.274689357,118.9214197674,33.324374822,162.7035049456,65.3892219493,235.4804560732,345.3224400756
2020-12-31,212.0573568055,86.8008982253,162.8465,110.0015102503,134.4105774496,120.103987417,33.0199694751,164.4928458687,66.4573636331,238.4858503116,347.0769480241
2021-01-04,207.5477295342,85.4879692656,159.3315,108.9626984749,133.6590123959,118.9645791707,33.2442681518,164.6103278485,63.9334482028,234.1040372358,342.3518446074
2021-01-05,207.7479455441,86.1773684025,160.9255,109.5513584809,135.2304665991,119.7241846682,34.8464015567,165.9568520785,64.4072207239,246.4900785795,344.7097547603
2021-01-06,202.3611814674,85.3270104154,156.919,114.6954334116,136.5030028833,120.9844392437,35.7355855964,175.1927431057,67.5599615002,253.1064417497,346.7706053664
2021-01-07,208.1197752769,87.8756080867,158.108,118.4619425134,136.9641905299,119.853662878,36.0159589423,175.5271148944,68.3007694422,249.0214048583,351.9227318817
2021-01-08,209.3878100064,89.0389691303,159.135,118.5927240794,136.6823536347,119.8018715941,36.4164922935,175.5542261205,69.8857538763,249.4141968671,353.9278838228
2021-01-11,207.35704762,86.9816673956,155.7105,120.3626346064,136.1101393325,118.9904748126,37.5219643429,175.1927431057,68.6453312757,247.1360032161,351.5421243373
2021-01-12,204.9163191179,86.0476108064,156.0415,122.2546079283,135.0511158477,118.2999243603,38.3550737134,178.5183868415,68.6970155507,247.074902237,351.616389224
2021-01-13,206.2606266132,86.533954163,158.2945,122.3679519522,134.8461435603,118.4811938541,38.7876497327,177.0272694056,70.4973511307,253.7174515411,352.5632665295
2021-01-14,203.0953068371,85.7251978479,156.3735,123.0828911799,137.2033248652,117.2209392786,40.3016658004,178.3918677864,71.0917202935,249.8593611437,351.328612788
2021-01-15,202.7425452958,85.5617627077,155.2125,120.8770420994,136.9044069461,116.3404874519,38.3630843804,175.8795608338,70.6696320474,250.4354560899,348.7664741967
2021-01-19,206.3559675703,88.3773044414,156.038,120.3539158353,139.0224539157,115.3219255348,39.1240977478,176.3043033761,71.3329135769,249.3443671766,351.504991894
2021-01-20,213.887903182,93.1119709276,163.169,118.549130224,138.6808334367,113.8804014656,39.6768337725,174.7416763442,72.4010552607,250.1299511942,356.3693419733
2021-01-21,214.4885512118,93.3140361918,165.3495,117.5551903222,138.1257001584,113.7687912487,38.539319055,174.605400731,72.1081777022,246.6821102282,356.6942508526
2021-01-22,215.4228925915,93.7305481704,164.6115,116.648438131,139.6800733377,112.8917095057,37.9945936973,174.3782747089,72.5388799941,247.5462526475,355.4317477786
2021-01-25,218.8360988561,93.8157325465,164.7,115.1924033625,141.7554177474,114.8369205002,37.570028345,170.1991559027,74.8302161867,243.5485028692,356.8334975152
2021-01-26,221.5056456552,94.4927502334,166.3065,114.7215897248,145.5986481358,115.5750586008,36.7449296415,170.0810503712,73.4175126695,242.6494456047,356.2765108649
2021-01-27,222.0490891107,90.0844587696,161.629,111.4782068872,143.3781150225,111.4849051257,36.3283749562,164.1030934702,69.0760335676,235.6577478483,347.5689528985
2021-01-28,227.7981488245,91.7812126798,161.881,113.4399303777,144.4713005552,113.2043327012,36.897132315,167.4736436378,71.0314219726,240.7902300964,350.5581145885
2021-01-29,221.1528841139,90.5014660062,160.31,112.1844273437,139.3213718348,111.3372775055,35.919830938,166.1108875054,69.6617886845,232.8471028077,343.5400827947
2021-02-01,228.4846037157,93.7558063284,167.144,113.0127105953,138.9626703318,111.9972598073,35.9839162742,167.8188751914,70.376754489,234.7586905838,349.2584790711
2021-02-02,228.3511263757,95.0459534201,169.0,116.4915002518,137.7157555836,111.8409482095,36.5526736329,174.8870369984,71.4362821269,239.1230462369,354.1970940371
2021-02-03,231.6785257789,101.9676792371,165.6265,117.8254722253,137.0752171856,111.979891852,37.9865830303,173.9331077056,71.539650677,241.4361547331,354.4755873622
2021-02-04,230.7346503035,101.7076687868,166.55,120.5370100278,138.3477534697,112.0493636732,38.7155537295,174.1148085233,71.4965804478,224.0660192335,358.5044574661
2021-02-05,230.915798122,103.4509769491,167.6075,120.3016032089,140.4487194154,112.5182984665,40.0132817875,175.3412890425,72.013423198,220.9673267198,359.9154903135
2021-02-08,231.1732187062,103.2375207508,166.147,122.1848577598,140.8501234781,112.1709393603,41.7355751978,179.3841322355,71.8411422813,221.3950335738,362.5147613482
2021-02-09,232.4126511486,102.7853501962,165.25,121.6966065799,142.0030925947,111.7367404776,41.2549351763,179.2296865404,72.2115462523,222.0933304783,362.2734004664
2021-02-10,231.5069120561,103.3345913189,164.329,121.7663567485,142.4642802413,111.3459614832,41.6542027694,179.6294283393,72.280458619,221.3426613059,362.1155875822
2021-02-11,233.0991060398,103.4470148851,163.1065,121.4263246768,141.8237418432,111.4414852374,40.6112180365,180.2017859149,72.3149148023,224.9301616528,362.700423565
2021-02-12,233.5758108254,103.7580369095,163.8855,123.1526413484,142.2678484659,110.8249228239,41.1653036758,179.8747244431,71.6085630437,227.4265730864,364.4920639568
2021-02-16,232.3459124787,104.5341061965,163.4475,126.1170235119,140.9782311578,111.0854421536,42.4038480461,183.8630573908,69.9374381513,227.58368989,364.1764381883
2021-02-17,233.356526624,104.926350533,165.432,126.50936821,141.4821213642,111.5543769469,43.0638618224,183.7903770637,69.4981218136,226.9552226759,364.2599861859
2021-02-18,232.9647322919,104.2919250342,166.4115,126.9365879923,141.55044546,112.4835625559,42.3875514097,181.6281373336,69.5411920428,229.2596024608,362.7097066758
2021-02-19,230.2699517633,103.4499864331,162.495,129.0552493621,139.1932641551,110.3907239412,42.6727425476,190.7040931757,67.2756979876,230.3332339515,362.069172028
2021-02-22,224.0968020418,101.7388700408,159.037,130.2671585407,139.1078590354,109.9217891479,44.2453679651,198.1084014954,64.6914842365,231.7298277605,359.2842387765
2021-02-23,222.911863086,102.0290912292,159.725,131.3134110689,137.8789454725,110.7380830474,44.856491832,200.0344301626,64.3555364489,229.8531548296,359.7205449859
2021-02-24,224.1350258791,103.2023574328,157.9765,133.6238854022,139.7266127174,110.8596587345,46.2009643392,202.1149045248,63.5372020943,229.7920538505,363.6844333139
2021-02-25,218.8219124965,99.8415366404,152.858,131.8103810199,139.8727073368,109.9217891479,45.435022426,201.5243768674,64.1272642342,227.2781849942,354.9211766825
2021-02-26,222.0613827064,100.1367104088,154.6465,128.3141538212,136.177372847,107.2731759633,44.3024061927,196.1278625829,63.625052335,223.1233184124,353.0924038473
2021-03-01,226.4189001568,102.5015673618,157.307,131.2175045872,136.916439745,107.9331582651,45.9565147925,199.6528584455,65.7291470161,227.9852106101,361.6514320403
2021-03-02,223.4852206452,102.2450237175,154.7265,130.7902848048,136.6586257108,107.5944831365,45.687620291,196.0733523376,65.4087704598,232.1837207484,358.8293663454
2021-03-03,217.4554103135,99.6166895081,150.25,133.3187284148,134.2523613919,106.9518687901,46.0542946112,195.2466136172,62.7938050535,228.9890124103,354.0764135962
2021-03-04,216.6622656899,100.7320105255,148.8785,131.2698172136,131.5453140332,106.074787047,47.8387763026,193.3024148683,61.7287694741,223.8303440282,349.6947852805
2021-03-05,221.3160178793,103.8590695416,150.023,131.574974201,134.1492357783,109.4007504886,49.6477029487,200.0162600808,61.2178987491,230.2808616836,356.1279810915
2021-03-08,217.2929590051,99.4230436298,147.5975,133.3187284148,135.2664299263,110.5557195166,49.5988130393,201.3063358862,61.3564399626,232.9518473434,354.3549069213
2021-03-09,223.3992170113,101.0504614199,153.1425,132.3771011393,135.5242439605,109.5744300417,48.8328711261,196.9636863441,64.0926289308,233.5017561557,359.4142023282
2021-03-10,222.0996065437,100.8439388337,152.882,135.2542955921,136.7703451256,110.5817714496,50.3321616796,200.8339137603,64.4736172681,237.0892565026,361.6514320403
2021-03-11,226.6004633839,104.0309240678,155.6795,134.5480751355,136.7617513245,110.2083604105,49.9573390413,199.6528584455,64.8199703021,238.0232286123,365.3182608214
2021-03-12,225.2817409976,101.5278901326,154.4745,136.1436102411,137.1570661769,111.276489662,50.4951280441,208.0474362214,65.5213351958,238.5207651568,365.8102656959
2021-03-15,224.3834808214,101.7477846849,154.084,135.4635460977,137.8617578703,111.6412167234,49.2076937645,209.6282333351,65.3914528081,238.2589038176,367.9917967429
2021-03-16,227.1547090246,103.2063194968,154.593,133.8418546789,138.6781689785,111.9712078743,48.1647090316,205.7398358371,65.2702292462,239.6118540701,367.527641201
2021-03-17,226.5144597501,103.1236114107,156.7865,135.2194205078,138.1625409101,111.5196410363,48.3765653055,212.2538101503,63.1747933908,236.2600289285,368.7808611641
2021-03-18,220.475093459,100.1084807027,151.3995,137.4514259015,137.904726876,111.7627924106,46.2905958397,209.5737230898,61.5902282606,234.8285202742,363.4152230996
2021-03-19,220.1215229642,100.3868156991,153.748,135.2630143632,137.535193427,111.1635979524,46.0298496565,204.6768860538,61.3391223109,240.3887093764,362.7447856951
2021-03-22,225.5110840213,100.5715469333,155.5435,131.6272868274,137.9305082794,113.0480211034,45.5572471994,205.3400940383,62.0751225081,243.3739286431,365.6413048578
2021-03-23,227.0304815534,101.098501446,156.875,130.310752396,137.8016012623,115.1495436958,44.9950132419,198.2810172722,64.0926289308,239.7689708736,362.763412828
2021-03-24,225.0046181773,100.6626744054,154.3535,131.32212984,139.14223424,115.1148077851,45.9076248831,200.9883594553,63.0622286548,242.6669030273,360.9193266729
2021-03-25,222.0231588691,100.6592075994,152.313,133.0048526563,139.1937970468,115.9137337293,45.7772517915,203.732041802,63.5990758574,242.0209783906,362.9496841568
2021-03-26,225.9793260281,100.2763731649,152.6015,135.2194205078,141.7375621839,117.6244773272,47.02394448,208.5016882656,64.1272642342,250.7060461404,368.7986038809
2021-03-29,224.7943870722,101.3193865143,153.7865,133.1181966802,142.6914741103,119.4654805899,46.771346615,209.1558112092,64.768017347,247.8692149659,368.6123325521
2021-03-30,221.5549168623,101.3530640583,152.7645,134.6875754726,141.806312593,117.6244773272,46.192816021,211.7541329017,64.2658054477,246.6821102282,367.634408076
2021-03-31,225.3008529163,102.1479531494,154.704,132.7258519821,141.2391217179,117.6071093719,45.4920606536,210.6548429549,65.4693822407,246.8828705883,369.1245787063
2021-04-01,231.5886741496,105.4790584617,158.05,134.0162301003,139.9328639447,116.6084519417,46.7631982968,211.4452415117,65.6079234543,250.0068594249,373.1107851425
2021-04-05,238.0102788135,109.8957693115,161.3365,134.7224505569,140.4484920131,118.4928750927,46.0379979747,212.3264904773,66.482464865,254.0522494633,378.4660858454
2021-04-06,236.8540077356,109.4153690509,161.191,133.7753066524,140.4141168085,118.5362949809,45.9076248831,209.5373829262,67.1578532812,252.7447372817,378.2425602508
2021-04-07,238.8034234371,110.8897521188,163.9695,135.8713010336,140.6031804336,118.7447104446,46.1113328388,209.3284269859,67.0279708934,247.8920242855,378.6802978735
2021-04-08,242.0046698097,111.4543462395,164.965,136.037928202,140.0531771607,119.1962772827,45.6305820635,209.3920222721,67.3310297981,248.436089757,380.4778161964
2021-04-09,244.4892192333,112.4567484328,168.61,137.0552309141,138.5750433648,118.4234032714,45.5246539265,209.637318376,67.4868886634,249.5329959497,383.243945429
2021-04-12,244.5465549892,111.1666013412,168.9695,136.7658258322,138.9102016092,118.9010220424,45.2231661522,209.8008491119,67.2271238879,248.2342590176,383.3836489256
2021-04-13,247.0119924941,111.6524494398,170.0,135.1346335523,137.0539405632,117.329222087,45.3942808349,208.3654126523,68.4393595067,250.1911396652,384.5199040312
2021-04-14,244.2407642909,111.032386423,166.65,132.6089164738,137.4320678133,117.754736992,46.7061600692,211.2998808576,68.5172889394,248.2342590176,383.2066911632
2021-04-15,247.9771443855,113.1788345978,168.9545,133.4508221667,137.8359764668,119.1789093274,46.4291172496,211.2453706123,69.4264656535,251.9812905716,387.3232875296
2021-04-16,249.1620833413,113.0550200976,169.972,134.4418153259,139.4258296775,119.187593305,46.1683710663,212.0085140464,70.084536418,252.2708738065,388.6178732647
2021-04-19,247.2508914771,113.4021959561,168.6005,133.8717750131,139.8125507288,118.6318187351,46.0217013383,211.1272650808,69.0887714454,249.5680969478,386.7085921445
2021-04-20,246.7922054297,112.8697936054,166.7345,130.9075653862,143.0696013604,119.6217921877,45.0520514694,206.8027856205,69.7295245582,249.6909504414,383.8772679469
2021-04-21,249.0091879922,112.8371065773,168.101,132.021336459,143.164133173,118.8402341988,45.6305820635,211.190860367,67.5128651409,253.2800275037,387.5095588584
2021-04-22,245.7506058637,111.5578551617,165.452,129.2412937024,141.9524072124,117.667723536,45.035754833,207.9475007717,67.8159240456,249.8664554322,383.9704036113
2021-04-23,249.5538776735,113.9058733427,167.044,131.7143916752,142.2445964511,117.0646578802,45.2802043798,209.9916349704,67.7466534389,254.7454941771,388.1335678098
2021-04-26,249.9361160464,114.4011313434,170.45,132.0388761609,141.0414642917,114.7223159127,45.3698358802,210.4022917682,67.4782298375,254.6401911826,388.9438480901
2021-04-27,250.3374663378,113.4626174322,170.8715,132.6439958777,140.2336469846,114.652395257,45.9646631107,210.2015262226,66.9154061574,254.2979564505,388.8600259921
2021-04-28,243.2565004808,116.8333433846,172.925,133.5034412725,139.2023908479,114.8446770603,47.3498772091,211.9901647196,66.7508884663,254.1224514596,388.7482631948
2021-04-29,241.29752882,118.5033533627,173.5655,136.0993171587,141.1102147008,115.8148261587,48.0261876218,207.5824484234,66.8634532023,256.5005440853,391.2256718678
2021-04-30,240.9821821624,116.5589704522,173.371,134.8890777253,139.8469259334,116.6101736178,46.6409735234,208.1664936469,67.1145591519,253.1483987606,388.6551275304
2021-05-03,240.6763914641,116.0429116155,169.3245,134.4944344317,141.9781886158,117.9911065688,47.9284078031,208.2212478866,66.4131942582,254.6489664321,389.49334851
2021-05-04,236.7871160204,114.2476013632,165.5935,136.3536428368,144.1782017074,117.5890627982,48.2298955774,213.0031181541,65.5386528475,254.7191684284,387.0904483686
2021-05-05,235.52572939,114.6408362157,163.527,138.1426924341,143.5766356276,116.6451339457,49.6802962216,217.082309012,63.8848171104,256.755026322,387.2115247323
2021-05-06,238.6409721287,115.7591287812,165.3185,140.9227351906,144.1524203039,118.1134677163,50.1528986787,216.343126776,64.0839701049,257.6852027733,390.3036287903
2021-05-07,241.2497490234,116.4812149461,164.5805,141.4050769938,144.8055491905,118.1222077983,50.8699506825,219.92040377,64.5342290491,254.9648754156,393.1442665544
2021-05-10,236.2042025018,113.5007522982,159.5245,141.3875372919,146.3266519921,120.3247084542,50.9921754559,221.398768242,64.768017347,257.5798997788,389.2511957826
2021-05-11,235.2963863663,112.4265376948,161.1955,139.0372172327,145.1321136338,119.7303828804,49.370660129,218.3781593517,64.13592306,263.9068546979,385.7772355006
2021-05-12,228.387427777,108.9691415923,157.597,138.0813034773,144.5477351563,118.463070995,49.6314063122,216.5712694415,61.9452401203,257.2552155458,377.5812970336
2021-05-13,232.2384793835,110.3949893761,158.0735,141.633093119,146.0602441568,120.3684088641,49.019693443,219.0808387612,62.8890521378,263.064430742,382.1170038897
2021-05-14,237.1311305559,112.8385923513,161.145,143.8343257117,146.2836829864,120.6218712412,50.2348527914,221.0519913905,63.3133346044,264.1788874337,387.9845507468
2021-05-17,234.2930106375,113.360594284,163.5195,144.4131358756,146.4297776058,120.3771489461,51.4086801892,223.3881722846,62.2569578509,264.7054024062,386.9973127042
2021-05-18,232.2862591801,112.0506368723,161.614,142.3785304512,146.4813404126,119.1447973886,49.9537955271,218.5332963642,62.594652059,262.9328019989,383.6630559187
2021-05-19,232.8596167393,112.4978548469,161.59,141.2910689313,146.1633697704,119.3895196837,48.755168959,216.1606126437,62.9150286154,261.7393680613,382.6571907433
2021-05-20,236.0778147989,114.2535444592,162.384,141.0455131042,147.0141560832,120.6131311592,48.6394394972,214.4449797996,64.3264172287,260.6775628668,386.7737871096
2021-05-21,234.8231006745,113.6186237024,160.154,142.6503958312,146.9196242707,120.6131311592,48.7055706182,216.4982637885,64.4562996164,261.669166065,386.4571258507
2021-05-24,240.1963420775,116.9323949847,162.2495,143.4221427163,147.4782213447,120.5781708313,49.2759515368,218.1500166862,64.1012877566,262.8801505016,390.3967644547
2021-05-25,241.0966712966,117.0230271988,162.9525,141.9400379028,147.0718023237,120.9889546838,48.1599888699,216.4343838422,63.5298052506,264.1788874337,389.5306027758
2021-05-26,240.876377977,117.8867571519,163.258,141.9224982009,146.1984337892,120.7180121428,48.7221033985,216.9271719995,63.6163935091,260.9759213512,390.3036287903
2021-05-27,238.7883804265,117.0136172968,161.5055,144.1325006446,145.9736062457,117.9736264048,48.4079805737,220.1850492619,63.2094286942,261.7481433108,390.508527252
2021-05-28,239.1427653318,116.7248818824,161.1535,144.036032284,146.354083627,117.8600053392,48.2509191613,220.0025351296,63.3999228629,262.9591277475,391.2070447349
2021-06-01,236.9589880771,117.929844598,160.9325,145.623375309,143.1373203119,116.1382091915,49.9785946975,221.5356538413,62.7808168147,265.4863996153,390.8624427767
2021-06-02,236.863208373,117.4053663753,161.6995,145.63214516,143.7166835971,116.6451339457,50.3753814235,222.1744533045,63.2944147338,268.2242774721,391.4771381617
2021-06-03,235.3403110769,116.2657777158,159.3505,145.7286135206,143.5783281857,118.7340135361,50.5737747865,222.5212301559,62.9984430516,266.8641137933,390.0242217971
2021-06-04,240.205920048,118.5434692608,160.311,145.9653994967,143.5177976932,118.8214143557,50.7969673199,222.685492875,62.9723279032,267.4345050134,393.5913177435
2021-06-07,243.0984671134,118.9758294954,159.9005,145.2813511213,142.5406626002,119.2321982082,50.4663117149,218.7979418561,63.0854935464,264.8458063988,393.2094615195
2021-06-08,241.9107987819,118.7846599071,163.2055,144.7025409575,141.2868166843,117.8512652573,51.3590818484,219.1629701208,62.7982269137,262.9240267493,393.2932836174
2021-06-09,242.8877517643,119.2551550077,164.0575,142.8959516582,143.1892035911,117.8075648474,51.7889341349,214.1347057746,63.0680834474,260.9320451035,392.7065289317
2021-06-10,246.3837109659,120.6017615115,167.4825,140.6684095126,144.4776383598,118.6815730442,51.8715980362,205.994575472,63.9908186918,262.0289512961,394.5319879539
2021-06-11,247.0062790429,120.3575993172,167.3415,140.571941152,142.6444291587,117.8687454212,51.3921474089,201.4043450435,63.9734085928,263.6523724612,395.1839376047
2021-06-14,248.921873126,121.2842270364,169.1935,138.1865416889,142.9989649005,117.9124458311,51.3094835077,199.8621006252,63.8167177023,262.4852642723,396.0687264165
2021-06-15,247.4564436524,120.267957619,169.1565,136.0905473078,142.2380101377,117.6852036999,53.177687676,200.272757423,63.921178296,264.2052131823,395.3422682342
2021-06-16,246.5178025517,119.6270937662,170.7625,137.0464610632,142.1861268585,116.0508083719,52.9875607031,198.173844901,63.8080126528,263.29258723,393.134952988
2021-06-17,249.8892481379,120.5888848035,174.462,133.091258277,142.8692567023,117.10835829,51.2433523867,191.1379250991,64.9222589856,262.4589385236,393.0045630578
2021-06-18,248.4812864869,118.9718674313,174.345,129.7236355056,140.0675596213,115.3953022243,49.9289963567,190.5995084087,63.7906025538,256.8515540669,387.7199290403
2021-06-21,251.5462370198,120.6572304075,172.698,131.9248680984,141.6759412789,116.3042707489,51.7393357942,194.5691907872,64.7046327487,260.2388003898,393.2705324783
2021-06-22,254.3046924994,121.1703176962,175.272,131.7319313771,141.4857025882,116.3479711588,52.7313026092,194.4961851342,64.5131216603,261.5112115732,395.3730337806
2021-06-23,254.0796101947,120.96874769,175.191,132.5299878151,140.6296284801,116.1819096014,53.1198229451,195.098481771,63.8515379002,255.2105824027,394.8964668188
2021-06-24,255.4348930085,121.3382101584,172.454,133.7489970995,141.2695222579,116.2605703391,53.3347490884,200.1632489436,63.4424005748,254.420809944,397.2325793768
2021-06-25,253.8353719491,121.3466295444,170.073,135.0995541485,141.9958881678,117.921185913,53.4504785501,197.3981598385,64.2954954234,253.2010502578,398.6435913619
2021-06-28,257.3792210028,121.3738687345,172.1945,135.3451099756,141.8315911167,118.2707891917,52.0865241794,197.3616570121,65.4184468057,253.6485879844,399.4472140819
2021-06-29,259.9461170741,121.1128677681,172.407,135.1784828072,141.8402383299,117.4667016507,51.7641349646,196.2939493378,64.4870065119,252.9816690193,399.6621364373
2021-06-30,259.4672185533,120.9316033399,172.008,136.4062619426,142.454190468,117.929925995,52.1443889103,198.602753112,63.7906025538,253.7626662285,399.9985366456
2021-07-01,260.1376764824,121.2832365204,171.6485,137.7568189915,143.50915048,118.200868536,52.2931839326,197.7631881032,64.5827620561,254.7506187666,402.2131713507
2021-07-02,265.9323485837,124.069558032,175.549,137.625271227,146.1206088703,118.7777139459,52.2187864214,198.721387298,64.6611075014,256.4883567132,405.2874954771
2021-07-06,265.9419265542,124.9932142032,183.787,135.3143168553,145.2472403358,118.8476346016,50.7308361989,194.8520876923,65.4010367067,252.9158497672,404.5492839088
2021-07-07,268.1161258384,125.2745207476,184.829,135.4730847129,146.4924390384,119.7391229624,49.9372627469,195.9197953665,65.5751376962,256.5059987228,405.9789847943
2021-07-08,265.7120552642,123.8580828657,186.5705,133.1356690316,146.2070810024,119.7216427984,49.7140702135,193.5653630593,65.4010367067,253.4803940747,402.6710494121
2021-07-09,266.2101097258,124.3280827083,185.967,137.3959398771,146.7864442877,119.7653432083,50.6151067371,198.4111132731,65.2791660141,257.2822471456,406.9694965189
2021-07-12,265.61627556,125.7712645222,185.9275,139.362897224,146.5529695309,119.8614841099,50.5655083964,199.4696952407,65.3662165088,256.7353448477,408.4272307552
2021-07-13,269.1218127321,126.1337933787,183.868,137.2900946387,146.3713780535,119.7129027165,50.3257830828,196.3760806974,65.1660003709,254.8035447954,407.0349076706
2021-07-14,270.5872422056,127.0208004579,184.084,136.8226115025,147.3658075729,120.5956509953,49.2098204158,193.1364548483,65.8972245268,254.1684324495,407.6422969357
2021-07-15,269.1697025841,125.8004847443,181.56,137.1225063446,145.5931288643,121.6269806675,48.7303697886,192.9265635961,66.872190068,254.1331484303,406.2499738511
2021-07-16,268.9015194125,125.7658166842,178.6815,133.9912513753,145.3596541076,122.8068917332,47.3829481982,189.7690691065,67.8297455103,251.8749712002,403.0635163218
2021-07-19,265.3193584772,123.3965024091,177.4795,129.633955728,144.3046940956,122.7457111594,45.7544693435,186.3378034184,67.0201759091,248.8405455473,397.1111015238
2021-07-20,267.5318696431,125.0125292652,178.6595,132.050755338,145.66230657,122.0902050118,46.2587191411,190.8154894568,67.1768667997,252.2366323972,402.8018717153
2021-07-21,269.5240874895,126.339325449,179.26,134.829192846,146.5616167441,121.6619409954,47.7466693637,193.3571268188,66.0539154174,252.9158497672,406.0630848464
2021-07-22,274.0640454664,127.2035506601,181.9015,133.1268485951,146.9853301916,121.1985418494,47.2093540055,191.9165597941,66.2628366048,254.4507046032,406.9134298175
2021-07-23,277.4450690231,131.753485912,182.832,132.8710559356,148.5504757831,122.9487965539,47.1514892746,192.2560564815,67.2029819481,256.0649484825,411.0997435216
2021-07-26,276.8512348573,132.7638122334,184.991,133.7619200255,148.6196534888,123.3797637927,48.3418494527,193.6323944031,66.9505355133,255.0328909204,412.1089441467
2021-07-27,274.447164283,130.6490605706,181.3195,133.5855112948,149.3027833326,123.8810930297,47.8045340945,192.5955531688,67.7775152135,254.8388288147,410.23070965
2021-07-28,274.1406692297,134.80328468,181.516,133.8060222081,148.8877170984,122.0428858275,48.1269233094,194.008593435,67.768810164,253.8949813005,410.0625095458
2021-07-29,274.4088524014,134.4897863656,179.996,134.9526789575,148.8877170984,122.676143811,48.7138370083,195.0362590832,68.0386666977,255.5180461846,411.7631994881
2021-07-30,272.8859551053,133.4487540483,166.3795,133.8765857004,148.9050115248,125.0948374981,47.5896079513,189.7052435333,67.8123354114,256.7177028381,409.7634871384
2021-08-02,272.7997533716,133.5755400964,166.574,133.3385390719,148.9655420173,124.7870037561,47.5978743414,188.2463253364,68.6044949136,254.688871733,408.903797717
2021-08-03,275.0026865671,134.3436852554,168.312,134.8556541556,150.7987512184,126.6076204588,48.1103905292,191.3109711086,69.1355029316,256.3825046555,412.2304219998
2021-08-04,274.4184303718,133.8439699328,167.736,133.4002821276,149.9080882575,125.2707424936,46.9861614721,187.6590878232,69.527230158,253.7538452236,410.2026762993
2021-08-05,277.3013994668,134.9592909502,168.7995,135.0849855055,150.1934462935,125.3323092419,47.2837515167,190.1089693237,70.0669432254,254.6800507282,412.8004334639
2021-08-06,277.2439316443,134.4511562416,167.247,138.9218753974,149.6919079272,124.3736270169,47.8293332649,191.1733373164,70.1714038191,256.5324617372,413.4825783309
2021-08-09,276.1616209874,135.6145172851,167.0935,138.7719279763,150.21074072,125.0508612493,47.2837515167,191.6688189682,70.1278785717,243.2392074962,413.1461781225
2021-08-10,274.3513845789,135.5095225889,166.034,140.4742722272,150.2626239992,125.1300184972,48.0938577489,196.421772591,70.1017634233,245.1092605148,413.6601228853
2021-08-11,274.8398610701,134.9865301403,164.6055,142.1501551685,150.2885656389,125.4378522392,48.2343863811,203.3860424745,71.7034925267,245.867866928,414.6880124109
2021-08-12,277.5791606089,135.8928522814,165.175,142.7058426701,151.4991754887,125.7280954817,48.1269233094,202.083109242,72.2519106437,244.8799143899,415.9308242918
2021-08-13,280.4908636152,136.4212925681,164.6985,141.1093436576,152.407132876,126.3349677159,47.640199412,200.5507863559,72.6436378701,246.7587884133,416.6877247606
2021-08-16,282.1670084378,136.9977728809,164.9495,140.1831978216,153.7820397768,127.214492693,46.9436807311,199.7616859475,73.0788903438,248.355390283,417.668892035
2021-08-17,280.7111569347,135.3654025108,162.098,138.4896740073,155.1915355305,127.4255786875,46.6247926604,195.8437106639,73.0875953933,248.2318962158,414.9309681169
2021-08-18,278.9967002303,134.1644018592,160.061,137.228351583,153.219970918,126.0359292237,45.6429530741,192.5129728935,73.4880276691,240.0636457664,410.389565304
2021-08-19,284.7929375275,134.3932110555,159.3875,136.0816948337,154.4132863414,127.522326435,44.2499157124,187.5948587202,73.6011933123,239.3932494012,411.0249879198
2021-08-20,292.0766198263,136.1261187997,159.9975,136.4697940412,155.1655938909,127.6102789327,44.2583075037,188.0444624412,75.1071668715,235.9089525033,414.2955455011
2021-08-23,292.3549159879,138.7133465951,163.2935,138.2162404747,154.4997584735,126.9594304497,46.0793262236,191.8982086218,73.4706175702,238.5993589688,417.9398810917
2021-08-24,290.4068428566,139.9217761167,165.289,139.0718228184,152.5686202279,125.9303862264,46.4569568337,195.0637858416,73.2442862838,238.6258219832,418.6033370582
2021-08-25,289.8214612753,140.7315229478,164.959,141.9384646917,151.5595570004,125.4818284881,46.540874747,197.0548880349,73.5837832134,237.4349863345,419.48171538
2021-08-26,287.0193068204,140.0990784809,165.8,142.670560924,150.7505666542,125.2619472438,45.9114903968,193.8250817121,73.292164056,236.7734109741,417.0054360685
2021-08-27,287.6238812405,142.6382662503,167.4815,143.8172176733,150.42871028,125.1651994963,46.8010202784,195.2839999091,72.9423625332,236.8439790126,420.7338717112
2021-08-30,291.3376955351,143.219203885,171.0785,141.5150837381,151.0637242076,125.7105049821,46.2891210069,194.0177690212,73.4145945889,238.3435498294,422.5840728572
2021-08-31,289.6967078235,143.3251890971,173.5395,141.082882348,150.6026866985,125.2355614945,45.7520463615,193.4855850248,73.4495747412,237.7349004979,421.9579946916
2021-09-01,289.6487257267,143.8382763858,173.95,140.8800123077,151.133314775,126.5108727113,45.1226620113,190.8154894568,74.6301548805,237.5849434162,422.1822614972
2021-09-02,288.9961692098,141.9280662773,173.156,141.5327246112,152.1684744652,126.6076204588,46.2219866763,194.3205633639,75.6270892204,238.1671297333,423.4811400795
2021-09-03,288.9865727904,142.3762747679,173.9025,140.6771422675,152.2641614954,126.6955729565,46.0457590582,193.0268057176,74.9362312129,236.6499169069,423.3783511269
2021-09-07,288.0653165313,142.9121439246,175.4645,140.4301700445,149.8980822035,126.2206294689,45.7772217355,191.0632302827,74.3590587004,235.6090383399,421.8645501893
2021-09-08,288.0941057894,142.3282347418,176.275,139.8039190507,149.5327317245,127.1793116939,45.3576321687,189.7235947056,75.5921090681,236.1647616426,421.3506054265
2021-09-09,285.253565657,142.1796573417,174.208,140.4125291715,146.2010833097,126.6428014579,45.391199334,188.4848905762,75.067406784,235.6266803495,419.5471265317
2021-09-10,283.7757170747,139.5399321982,173.4575,138.7983892859,145.2442130078,126.7659349547,45.2988896293,188.1086915442,74.2716083197,236.4029287723,416.2391911494
2021-09-13,285.0040587535,140.9826187541,172.8585,141.0034984192,144.2264509595,128.1291986692,46.465348625,189.2005862954,73.9655319873,237.7260794931,417.3044584759
2021-09-14,287.691056176,141.1926081464,172.5,138.5425966265,143.3565688668,127.909317425,45.8023971095,185.6496344576,74.0180022157,237.1615351856,415.0524459699
2021-09-15,292.5180551172,143.0597308088,173.7895,139.5040242086,143.8958957642,127.636664682,47.3464867152,188.7693337466,73.9917671015,237.7260794931,418.5192370061
2021-09-16,292.9019118918,142.2480029457,174.412,139.4422811528,143.7219193457,126.7483444551,46.8429792351,186.8149338979,73.4583197793,235.0092100132,417.8557810396
2021-09-17,287.767827531,139.4646529821,173.126,139.080643255,143.3130747622,126.9506351999,46.2891210069,183.2823332323,71.394490795,230.9603688077,413.7985300788
2021-09-20,282.422621944,137.4038844414,167.7865,134.9173972113,142.4953855951,125.675323983,45.0555276806,175.0885348055,71.4382159853,227.7407020539,406.8987630163
2021-09-21,282.9024429123,137.7144112078,167.1815,134.9350380844,143.1217007018,125.868819478,45.0135687239,174.1893273633,71.6393518609,227.0438426743,406.5144009925
2021-09-22,286.5298894327,138.9530514674,169.0025,137.5194259886,142.5997714462,126.2997867168,46.3310799636,175.5748408711,71.6218617848,227.5289979386,410.4798921167
2021-09-23,287.4703385306,139.8767076386,170.8,142.1677960416,143.4087617924,126.8187064533,47.9003449434,180.4103747692,71.0709243864,229.7077861254,415.4672237434
2021-09-24,287.2688137239,140.8662331239,171.276,143.8083972368,142.9738207461,126.2558104679,48.3283263015,180.5938864921,70.5724572165,228.958000717,416.1515756395
2021-09-27,282.2978684923,139.7340733345,170.29,147.2836492308,141.9386610558,124.5935082612,49.7633226199,183.5117228859,68.8759198311,231.0309368461,414.9609908339
2021-09-28,272.0776818674,134.5417884557,165.798,146.4898099428,141.6255035025,123.6524165356,50.2836136827,184.0163801239,67.5729091589,231.3837770383,406.598773144
2021-09-29,272.538309997,133.0792915798,165.056,146.3751442679,142.6780608346,124.9101372529,50.2500465173,181.5573230372,68.5173732703,229.5401870341,407.2831250402
2021-09-30,270.5422547688,132.4082169889,164.252,144.3817256114,140.4859579611,122.9575918037,49.3605166358,176.1437272121,68.6660389175,227.23790478,402.305168097
2021-10-01,277.4324838737,135.2480263646,164.163,147.4159557788,139.5899794057,122.7640963087,51.1311846076,178.3091655421,69.2694465442,228.4090969799,407.0862566865
2021-10-04,271.6842286734,132.3918734749,159.489,147.2571879212,138.5026267899,122.0692715768,51.7941361231,177.2080952048,69.4006221153,227.1314327618,401.8364339216
2021-10-05,277.1062056152,134.7329580439,161.05,149.6475262217,138.8157843432,122.5442150644,51.7102182097,176.6300332777,69.5055625721,228.0453175845,406.0175427665
2021-10-06,281.2806480395,136.2603337179,163.1005,149.9669446341,139.1028454338,124.1801315219,50.7619457888,176.0427957645,70.9922190438,231.3548228159,407.7049857981
2021-10-07,282.9504250092,137.9045902801,165.1215,150.9163271377,140.3467768263,125.1739947461,50.9046062415,179.6120987746,70.764848054,233.6617165429,411.2298667974
2021-10-08,282.9504250092,138.4597744988,164.431,151.0316726756,139.9901251683,124.6550750096,52.1801585245,179.0707391921,70.1439503511,235.5072315246,410.4798921167
2021-10-11,282.3554470085,137.5965398037,162.315,147.8552340187,139.3986053453,125.1739947461,51.6598674617,176.9878811373,68.0626312907,238.4352120243,407.5081174444
2021-10-12,281.0599303941,135.1549178605,162.3665,146.7195241078,137.1717071882,124.9892945009,51.391330139,174.2627320525,68.9721152499,241.6914812466,406.505026309
2021-10-13,284.3515022366,136.2771724899,164.214,142.851012224,138.485229148,125.2795377433,51.2486696863,173.3635246104,70.126460275,247.0328274915,407.9674769363
2021-10-14,290.5315963084,139.8123240986,164.993,145.0425774426,139.2768218523,126.6955729565,52.0291062805,178.3091655421,71.2370801098,255.5062256042,414.8297452648
2021-10-15,291.9326735358,140.0272660708,170.451,147.8286158176,140.3119815426,127.0209971981,52.5242219693,182.6125154438,71.4207259092,259.7029976538,417.9890136072
2021-10-18,294.8883707006,141.4238936327,172.337,147.7753794155,139.2855206733,125.1915852456,52.4990465953,181.8417662077,70.8260633205,259.5610349629,419.2264718304
2021-10-19,295.790434121,141.8785404773,172.2075,149.5676716186,142.5475785207,123.713983284,53.2878749808,184.5577397064,71.7355472797,261.2912052581,422.4607376409
2021-10-20,295.003527733,140.4244629874,170.753,151.5817821636,142.4692891323,124.1977220214,53.5815876775,187.3562934804,73.3883594747,260.5902644719,424.120056622
2021-10-21,298.2183282206,140.5403533595,171.7505,150.3928358507,142.1387339371,123.3092258895,52.6081398826,185.4752983208,73.292164056,260.7588451673,425.226269276
2021-10-22,296.6829011221,136.2618194919,166.7775,152.4158191294,142.4170962068,124.6367493147,52.96898691,185.1266260473,73.8256113782,258.3987154312,424.7856591511
2021-10-25,295.6944699273,136.1434528298,166.0185,151.6705095004,142.7302537601,124.6544496271,54.0011772443,186.5659359732,73.7119258833,260.7854631718,427.0637072438
2021-10-26,297.5945609618,137.9872983662,168.8035,152.0786552496,144.1829568548,126.4244808607,55.2515541533,184.1947651338,74.7438403754,261.1936059082,427.4480692676
2021-10-27,310.1274846539,144.8307734191,169.6245,148.9110893264,142.4344938486,125.5217649316,53.8165578349,180.9563178005,74.3415686242,261.6106213127,425.5543831989
2021-10-28,311.2598621391,144.4657682726,172.3285,151.1558909471,141.6602987862,126.2740282058,53.967610079,188.3004889609,75.574618992,267.4577096438,429.6604945757
2021-10-29,318.2364590183,146.6419319275,168.6215,150.7388724642,141.6863952489,126.548383047,54.1018787403,188.2266781955,74.6214098424,266.0114647304,430.532340142
2021-11-01,316.0772646609,142.1360746376,165.9055,150.6590178611,141.8081787419,126.2386275812,55.0753265353,189.4906875535,74.8487808322,264.3966391214,431.2729401392
2021-11-02,319.6855183426,144.0532183581,165.6375,151.2534910175,144.04377572,127.495349757,54.3955914371,191.0960717016,74.7001151851,264.4764931351,433.0166312719
2021-11-03,320.5204068274,145.2076647576,169.2,151.3067274196,143.5827382109,128.3715152177,53.6487220082,187.8022662942,74.5427044998,268.0699237483,435.6602920213
2021-11-04,322.8619331527,146.8613312218,173.85,149.3192350756,143.1825924483,128.6104694342,54.0515279923,187.8391716769,74.1229426725,267.2536382757,437.7133477098
2021-11-05,322.4972692168,147.4402878245,175.9495,149.1062894673,142.1648303999,129.2476806783,54.5634272638,189.9520048374,74.7963106038,274.4404995022,439.2320464382
2021-11-08,323.3897362179,147.6175901888,174.449,150.0024355688,141.677696428,128.283013656,55.1508526573,197.6744561707,73.9742770253,277.3596073337,439.6070337786
2021-11-09,322.3917086038,147.5061571386,178.8115,148.866725658,141.3645388747,128.6724205274,55.6879273028,193.5779586892,74.2803533578,278.4598181881,438.1539578347
2021-11-10,317.4495526303,144.5098462347,174.1025,148.7247619191,142.8955313577,129.9379928594,54.6053862205,190.680886146,74.5077243475,278.8413429199,434.6290768354
2021-11-11,319.0137689869,144.3840507025,173.625,148.7158891855,141.8429740256,129.5662863004,54.7074682636,192.3969864423,74.6563899947,275.5140923521,434.769697088
2021-11-12,323.130632895,147.2679380403,176.2575,148.0504341596,143.5392441063,129.707888799,54.2906332543,193.0797360226,75.4784235732,275.0527136067,438.0508363161
2021-11-15,322.5068656362,147.044081424,177.284,147.7842521492,142.2431197882,130.4513019172,54.7585092851,191.6404260967,76.3791624943,269.5516593345,438.2008312522
2021-11-16,325.8080338981,146.4735442073,177.035,146.7195241078,141.5037200095,130.2654486376,55.3114536852,189.5368192819,76.0643411238,267.5109456529,439.9351477014
2021-11-17,326.0287515436,146.6429224435,177.45,145.9298508104,142.034348086,130.1857972321,54.7074682636,187.2763645905,76.7639441693,265.7275393486,438.8664337814
2021-11-18,328.0957538313,148.4174318598,184.803,144.6699226281,141.2688518445,130.2034975445,54.1119896788,185.8370546646,76.6065334841,262.8439221898,440.3570084593
2021-11-19,329.864723231,147.5140812666,183.8285,142.7800303545,141.6950940699,129.9379928594,51.6109796229,184.9328727881,77.227431187,264.1748224169,439.5695350445
2021-11-22,326.7113429967,144.9144720212,178.6285,145.8233780063,139.8422452126,130.8053081639,52.3255539246,186.7227838498,76.3966525704,263.9796237169,438.3320768214
2021-11-23,324.644340709,144.3994037006,179.002,149.3103623419,140.709144541,132.2567337754,53.7036615065,189.4445558251,76.3529273801,265.2927786077,438.9133071989
2021-11-24,324.8654618839,144.734198109,179.0205,148.1391614964,140.3150993917,131.5664215943,54.0014007988,191.0499399732,76.6021609651,264.2635490987,440.0851426375
2021-11-26,316.9531694058,140.8345366119,175.228,143.6761764561,139.4044172689,130.5132530103,52.1043761646,183.355167677,75.618392816,260.5370284628,430.2698490038
2021-11-29,323.6348744754,144.1502889262,178.0785,143.0550850986,139.8860280069,131.8850272164,52.39360862,180.7625645412,77.8757893723,258.5051874494,435.5477958192
2021-11-30,317.8280401415,140.5517442935,175.3535,140.9256290157,136.5410225172,127.9555578778,50.9049121582,178.3913937017,76.224464265,255.0359741906,427.0730819273
2021-12-01,317.3377279709,139.7137677564,172.186,140.09159205,138.423682675,129.5662863004,50.8623779736,176.6568407141,77.1555305489,252.8178071454,422.3294920718
2021-12-02,316.7705040873,141.6101106409,171.868,143.0373396312,137.5567833465,130.3273997308,52.1298966754,181.5652566153,77.8406547956,255.0271015225,428.7980236929
2021-12-03,310.5406553317,140.6547579577,169.4895,140.4465013971,139.5620353286,132.6461406468,51.7981300353,182.4971175288,77.3224197885,256.082949036,425.0668996564
2021-12-06,313.5978959247,141.7973181652,171.3685,142.105702595,142.6793702876,134.655126097,52.3851017831,185.7078858251,78.3061879376,259.8715783492,430.1011047006
2021-12-07,321.9908866094,145.8727962525,176.1645,144.2440314115,143.0471457603,134.3011198503,52.9720735309,188.669542788,79.4129271053,262.5688694762,438.9976793505
2021-12-08,322.03895643,146.7810994257,176.158,142.5937029473,143.9052885299,134.9029304697,53.1251965956,188.3927524177,79.3338743076,262.3381801035,440.1601401056
2021-12-09,320.2411451379,146.238296657,174.171,142.3718846053,145.2713117142,135.6905943687,53.2613059864,188.3373943436,78.9737448959,260.1288857265,437.1883654333
2021-12-10,329.3167272757,146.5978539654,172.212,141.8040296499,144.9122928004,137.5845277886,53.6015794634,187.7192291831,79.2987397308,262.0542547217,441.3038514936
2021-12-13,326.2979425392,144.4434816626,169.5675,140.118210251,147.504234227,139.5404123018,52.4276359677,185.6802067881,80.5811517823,264.0151143897,437.3946084705
2021-12-14,315.6648982125,142.5421861981,169.0915,141.1918110261,149.1154410598,140.0537213595,52.3510744354,186.0400342696,79.0791486261,264.5829651532,434.3853350641
2021-12-15,321.7313095779,145.0521537454,173.315,140.1359557183,149.859748564,140.5935808858,52.1213898384,186.8796317263,80.8095265312,270.6873608617,441.1726059245
2021-12-16,312.3576945521,143.0750838068,168.871,142.3275209369,151.4972250734,142.5848660236,52.2064582077,190.2195688621,81.0115503475,268.9749359028,437.2821122684
2021-12-17,311.3001584979,140.3808802833,170.0175,139.0889731443,147.3115899318,139.3545590222,51.0665420598,185.7909229362,79.8784602472,264.6983098396,432.6476727905
2021-12-20,307.5603264517,140.2639993952,167.079,136.5868622469,146.8912751059,139.708565269,50.3264472473,180.33815264,79.0000958284,261.7525840036,428.0471397704
2021-12-21,314.6554319789,142.1118069956,170.417,138.4944999878,146.4184209267,139.6200637073,51.4663633952,182.9676611585,79.448061682,262.4091614489,435.648838503
2021-12-22,320.3372847792,145.0264003294,171.037,139.0357367422,147.0488931656,141.0006880695,51.8831984045,186.5105778992,79.7554892286,263.6602076624,440.0047624054
2021-12-23,321.7697654344,145.523144104,171.0685,139.5326098282,147.3291030495,141.6910002506,51.9087189153,190.2472478991,79.6676527867,265.7186666804,442.7425029143
2021-12-27,329.2302015985,146.5037549453,169.6695,140.3311558593,148.5725344096,143.345979454,52.6488137278,190.4133221214,80.2122387264,268.149777762,449.0082595429
2021-12-28,328.076525903,145.2958206817,170.661,140.7570470758,149.167980413,144.1159430406,52.4786769893,190.6347544176,80.7041228009,269.72024003,448.6413458664
2021-12-29,328.7495033921,145.2641241697,169.201,140.6860652064,150.2187674779,145.3107141233,52.0193077953,191.2898249609,80.800742887,270.9712862435,449.2152364886
2021-12-30,326.2210308261,144.8139346471,168.6445,140.615083337,150.8842659523,144.0539919475,51.713061666,190.136531751,81.4858671337,269.6315133482,447.9733748144
2021-12-31,323.3368415874,143.4782238193,166.717,140.4997377992,149.7984526519,144.7708545971,52.053335143,190.7454705658,82.0041021408,271.290702298,446.8444096561
2022-01-03,321.8274492192,143.6164008015,170.4045,143.4721035815,150.210010919,144.1690439777,54.0524418204,190.9853555534,80.5108826288,263.7563355248,449.4316214772
2022-01-04,316.3090338091,143.0300153288,167.522,148.9110893264,149.8072092108,144.6735028792,56.0855758454,201.2081465657,79.6500854984,266.9751596728,449.2810927895
2022-01-05,304.1665971142,136.4683420782,164.357,146.2049055544,150.8054569224,145.3284144357,56.7831364732,202.7489462941,78.8156393005,271.2728694772,440.6539173714
2022-01-06,301.7631060819,136.4411028882,163.254,147.7581876137,150.2888199488,144.1070928845,58.1187098704,204.8156477261,75.337316202,265.7268622193,440.2399634801
2022-01-07,301.916929508,135.7175309492,162.554,149.2222005891,152.3203416075,144.027441479,58.5950927382,206.8454437755,75.89946943,265.182961186,438.4994755277
2022-01-10,302.1380506829,137.3543586414,161.486,149.3650311233,151.5672775444,142.0627068097,58.2463124243,204.4927256274,74.0373368621,263.1232703876,437.9538090345
2022-01-11,302.8206421361,138.4107439567,165.362,149.5167885658,149.9560707116,140.4165777624,60.6962814587,202.9334732076,74.4765190715,265.2988745209,441.9428192605
2022-01-12,305.9836363345,140.0891733209,165.207,150.3648448626,148.6776131161,140.7263332283,60.5176378832,205.193927899,74.7400283972,267.2694012155,443.1376407197
2022-01-13,293.0336266527,137.2726410712,161.214,150.1773797865,147.7756875521,140.0891219842,60.0837892001,209.4380469113,74.5731391576,262.4010411466,437.0318208219
2022-01-14,298.2251672824,138.1576671184,162.138,140.9469565148,146.9700841357,141.4343457217,61.1386369788,211.227957973,73.0799196456,259.7796164942,437.2105736386
2022-01-18,290.966624365,134.7081951439,158.9175,135.0373431629,146.3220987791,138.708497622,62.1679642467,212.0860081211,71.3671090289,255.5443215625,429.4677542613
2022-01-19,291.6203739258,133.8350552888,156.299,132.9484466005,145.8667577176,143.3725299225,62.1934847574,205.5353026891,72.5441173501,254.6259312931,425.008341886
2022-01-20,289.9571581315,132.0432118424,151.6675,131.8147292354,144.7021353874,144.142316506,62.3295941482,200.8712109606,73.3522126154,255.883145157,420.304320393
2022-01-21,284.6021801116,129.1152465426,142.643,129.5115868717,144.3693861502,144.6939722852,61.3938420865,198.515983726,72.5529009943,251.8618440745,412.0534666944
2022-01-24,284.929054892,129.5634550332,144.544,129.3955370626,142.7056399642,143.5194793359,61.9212659758,198.738524882,71.9556131895,252.1650020275,413.8033626898
2022-01-25,277.3532511583,125.7311486242,139.986,130.8059885877,146.7861963994,141.9534887369,63.7417290778,198.7199797857,65.9651678532,249.1512553182,408.7512436064
2022-01-26,285.2559296724,128.0073543951,138.8725,132.0468288534,147.4429383149,140.7167120705,63.0952094715,198.7014346894,63.8043913829,246.4584993827,407.7257669209
2022-01-27,288.2651004447,127.7815167469,139.6375,129.7169057645,149.378137826,141.5886841087,63.9033589793,196.7356544778,63.6902040084,245.9591804013,405.712445722
2022-01-28,296.3600582414,132.0862992885,143.978,130.8774038548,150.4289248908,142.8076654273,64.0394683701,186.5265789449,63.6814203643,247.5463014494,415.7884597598
2022-01-31,298.9750564845,134.020281781,149.5735,132.6538586237,150.8667528345,142.763177058,64.617933281,186.8974808717,68.617828398,251.5497697111,423.2772619766
2022-02-01,296.8407564478,136.338584482,151.1935,134.9302202623,149.6320780333,142.131442214,68.7607628634,190.4117766273,67.8360840653,253.7877887171,426.1373070443
2022-02-02,301.3593195885,146.5963681914,150.6125,133.8500643475,151.2870676604,144.6761769375,68.582119288,190.0316021524,68.2752662747,253.5381292264,430.276845958
2022-02-03,289.6206693869,141.7329346251,138.8455,132.7431277076,151.2783111016,146.0464187117,67.782476617,185.9980436994,66.5536720138,250.4441348237,420.1631997482
2022-02-04,294.1296185634,141.9340093733,157.6395,136.1889143448,150.2888199488,143.7241258347,69.254159405,183.9766281988,66.7644794743,234.5729243428,422.1388887753
2022-02-07,289.3322504631,137.880817896,157.9355,136.6441866725,149.789696093,142.6475072978,70.0878294237,185.2840574905,66.4746192161,226.8156473101,420.7841305853
2022-02-08,292.8028915136,138.0769400643,161.4135,139.2151362878,150.1837412424,142.3271910389,68.2758731587,186.8418455827,66.281379044,225.41577088,424.2462904041
2022-02-09,299.1961776594,140.2491416551,161.1895,139.7953853329,150.1662281246,142.00687478,67.9526133555,188.7890806979,67.3354163465,231.2560196805,430.4555987748
2022-02-10,290.7070473335,137.3053280993,159.0035,139.2151362878,148.3536204378,139.8447400324,67.2988920119,188.297635645,66.2725953998,225.0323652336,422.7221874404
2022-02-11,283.6503976628,133.0089649437,153.2935,137.4029738853,146.8562488704,139.0617447329,68.9934065474,186.6007593303,65.8421968345,217.9081533379,414.3866613549
2022-02-14,283.6119418063,134.2406715913,155.167,136.1264259861,145.008614948,139.4621400565,67.9354101623,185.3489653276,65.8070622578,217.1056764035,413.031903165
2022-02-15,288.8707801849,135.3129051627,156.5105,138.1171265563,146.5059865154,139.5333214474,67.0838520962,188.6129022827,65.956384209,220.9753985095,419.692797599
2022-02-16,288.5342914404,136.4316929861,158.1005,138.3670799911,146.4184209267,140.5921446365,67.3935095748,188.8261708906,66.0793552276,218.7552123243,420.1631997482
2022-02-17,280.0853908195,131.2820002954,154.6525,135.1801736971,145.5252519216,142.2026236049,67.2902904152,180.5736030212,66.2111098905,214.5377502134,411.1879267397
2022-02-18,277.3879082952,129.1662581167,152.6015,135.8139841925,143.9753410009,142.2738049958,66.5419515087,177.9865620823,65.1307216553,215.7503820254,408.5254505747
2022-02-22,277.1855971059,128.5823489339,150.1975,135.5729576661,142.0187711122,140.5209632457,65.7678078122,177.3003935179,64.8057268203,212.3086476177,404.1413025433
2022-02-23,270.008366818,126.377955573,144.827,132.7342007992,142.0892781352,138.7681214956,66.0344573077,173.0906566497,63.5233147689,209.2414024462,396.9723737881
2022-02-24,283.8040631566,131.4325587276,151.358,129.0384607272,139.3747577491,135.031098475,65.2001024348,171.2546921125,66.2638117556,209.6515573237,402.9464810841
2022-02-25,286.4244747517,133.1842862759,153.7885,132.0914633954,146.3020727605,140.7967911353,66.9548281468,173.4522860282,67.7745985559,214.3326727746,411.8370817058
2022-02-28,287.8502869431,133.7761195867,153.563,126.5835609209,145.0417597241,138.7058377785,67.4537207512,173.934458533,69.1228879388,210.6947773385,410.7833808913
2022-03-01,284.1508823383,132.7900609074,151.142,121.8076649341,144.5393971851,136.4102379231,68.0988404982,169.5299981532,68.3898868274,205.5500085478,404.5270323058
2022-03-02,289.1990282053,133.2952240681,152.0525,124.3339800075,146.337326272,136.8373262683,69.2686576395,178.5985502614,68.487031553,208.0466034549,411.9687943076
2022-03-03,285.0853673557,132.6295973152,147.8985,123.4502160772,148.487790474,137.3444936782,69.7073390675,180.675601051,69.5821175508,206.7358911287,409.9178409367
2022-03-04,279.2472444638,130.6554989246,145.641,119.9776487148,149.3691282617,138.0385122392,72.3308260388,181.4266774526,70.836167645,203.6775623675,406.5873937197
2022-03-07,268.6981610205,125.1799264695,137.453,115.3445832622,151.7751804222,135.9920472517,74.9371098169,182.3910224621,74.3422091055,197.4984899724,394.6015469557
2022-03-08,265.750197976,125.8990410864,136.0145,114.5322345991,148.6993115431,130.6089545674,75.5048151943,194.7235115253,72.3728205773,195.064309938,391.6097892862
2022-03-09,277.9370386663,132.1546448926,139.279,119.1206655097,149.2633677272,132.3706939914,71.2126184773,194.5195154657,70.9333123706,202.4025156828,402.1091652584
2022-03-10,275.1335836142,131.1735387933,146.8175,117.7102139847,149.5277690635,128.9628849036,73.4232288105,196.3832976474,70.7920109515,202.9375003057,400.2934129621
2022-03-11,269.8156894948,128.638808346,145.5245,115.0589221939,149.2545543493,127.432485,73.0447585589,199.2021522904,70.0325158241,195.6082109713,395.2036617068
2022-03-14,266.3185960794,124.7564808789,141.853,116.2015664673,151.3168847726,129.060759316,70.4298731842,199.7677777287,70.0148531467,194.6184894188,392.3153925101
2022-03-15,276.6364667349,127.9726863351,147.3665,118.2636823046,155.2388379279,133.7053450701,66.4215291559,200.7135776418,72.3993145934,198.5060443456,400.9425679281
2022-03-16,283.6113858335,132.0164679104,153.104,123.5484120695,153.8110707118,133.2515637033,66.1720828537,200.3612208114,72.8673755441,200.262577191,409.8331685498
2022-03-17,284.4109967246,132.5696710971,157.239,125.1106210371,155.8205208678,133.6697543747,67.9354101623,205.5723928818,73.0263396405,203.7845592921,414.9605519771
2022-03-18,289.4302409931,134.8344859341,161.2505,125.0659864952,154.0930988039,133.5985729838,67.6687606668,204.8398615765,72.7437368024,206.5664793314,419.4914739463
2022-03-21,288.206739991,134.81071355,161.4915,124.6642756178,154.9656232137,134.1057403938,70.7051242763,207.4361750635,72.240350497,208.8223311582,419.3687935458
2022-03-22,292.9273344085,138.5414920689,164.889,127.3155674086,154.2341128499,135.1378705613,70.3954667977,206.5089202467,73.1676410596,210.9087711877,424.2760095643
2022-03-23,288.5246575742,136.9640953368,163.408,124.7803254268,153.65242991,134.1947171323,71.5050727626,206.0082026457,72.9203635762,209.749637838,418.8120132668
2022-03-24,292.9658698732,140.2293313351,163.6495,125.59267409,154.445633919,134.4260566527,71.7201126783,206.0452928383,73.9183048483,216.1427040822,425.1253354136
2022-03-25,292.5612474945,140.3293734512,164.7735,126.6906838215,155.9262814023,135.9831495779,73.2856032645,207.1116358776,74.1302569769,219.8430143909,427.2014652676
2022-03-28,299.3242215376,140.113936221,168.9905,125.7533584409,156.7282987891,136.917405333,71.2298216705,205.7114811043,74.5629925728,221.4033862079,430.2401644175
2022-03-29,303.8617724982,141.1539780223,169.315,126.0300926009,156.6489783883,138.3232378026,70.8513514189,204.9604047027,74.730788008,224.996699592,435.5626064067
2022-03-30,302.3685232436,140.5923554496,166.301,125.4587704642,158.2794532955,137.3711866998,72.0641765434,206.8520045289,75.5079458128,225.7278452434,432.8730745504
2022-03-31,297.0217275258,137.7485840099,162.9975,121.6916151251,156.1994961165,135.9564565563,71.0405865447,206.6109182766,74.8102700562,224.274470351,426.21058511
2022-04-01,298.0910866694,138.8213128393,163.56,120.789997378,157.0455803927,137.9940238699,71.496471166,203.7827910854,75.6934039253,223.4488430743,427.4185152069
2022-04-04,303.4378823872,141.6155584789,168.3465,121.3256118812,155.5296793979,137.0953588102,71.5308775525,204.7471360948,75.6139218771,226.7334037621,431.0800533129
2022-04-05,299.4976311285,139.2576351378,164.055,119.9240872645,156.5344044758,137.5758331985,71.1610088975,200.3055855224,76.2409469242,225.8629054378,425.6349309232
2022-04-06,288.5342914404,135.2529789446,158.756,118.2602237469,160.6061850551,139.5422191212,71.9523557872,200.4817639376,76.3822483433,224.4449803321,421.3788647226
2022-04-07,290.335824412,134.5997336418,157.7845,117.9004694728,160.1919562949,141.3484469145,73.156579315,200.1943149444,76.9032973261,225.5847049424,423.502179346
2022-04-08,286.0969233023,132.0234015224,154.4605,120.0589951173,160.5092378984,142.4517584729,74.6962651113,201.2421128874,76.0289947956,225.4321433803,422.3697448802
2022-04-11,274.815666031,127.6017380926,151.122,119.6182961316,158.4997877424,141.9090003676,72.1243877198,200.3334031669,74.6954626532,224.2026766748,415.1504751607
2022-04-12,271.7328288603,126.5032558472,150.7875,118.3051930312,158.5526680097,141.4819120224,73.6296671295,200.9361187978,74.0861002835,222.3629637213,413.612251678
2022-04-13,277.0892584443,128.662085472,155.541,114.4917977259,159.2224847284,141.882307346,74.6704603214,202.3919088602,73.785834768,224.2834445606,418.3496025266
2022-04-14,269.584476707,125.5280928439,151.7065,113.4305226174,158.5526680097,141.0904143726,75.5478231774,211.2379198123,73.1323157048,221.5193880255,413.140403984
2022-04-18,270.2492134719,126.4656162391,152.785,115.5350851208,156.5784713652,139.74686562,76.1671381346,213.1944274758,72.1608684487,220.765554425,413.3102691538
2022-04-19,274.8542014956,128.7759948121,158.1155,117.9274510434,161.3553221746,141.8378189767,75.487612001,215.2714782654,72.266844513,223.969347227,419.9821955481
2022-04-20,275.8753913084,126.8256688056,153.998,118.3411684586,162.0692057827,145.6104326927,75.6596439336,217.9790623304,71.9842416749,223.2244878361,419.67077607
2022-04-21,270.5285955905,123.6307594434,148.296,117.4237950597,161.6020967552,145.4976991649,74.8596954472,215.6516527402,67.2771381523,225.3782981232,413.3952017388
2022-04-22,263.9968343352,118.5008770727,144.35,114.0510987402,159.9980619816,144.2808190784,73.2253920881,201.5944697177,65.3077496241,218.0014978899,402.051983173
2022-04-25,270.4418907951,121.9067663432,146.074,114.0151233128,163.9376418926,145.4440132787,70.756733856,201.9672750247,65.3872316723,217.8579105375,404.3829107818
2022-04-26,260.3263313289,117.5247235535,139.391,110.6424269933,162.765462635,142.9744625149,70.7825386459,196.0023901139,64.9721587538,211.459299143,392.6716510147
2022-04-27,272.8503573347,113.2105311098,138.167,109.2034098969,160.4916111427,142.5897136641,72.8039138533,199.4135586723,64.7072185931,213.8105420397,393.7757746188
2022-04-28,279.0256655421,117.3984327633,144.5965,110.9302304125,161.690230534,146.2135109805,75.0059225899,197.996898506,64.9015080443,215.8117907648,403.7223240101
2022-04-29,267.3590536245,113.0272856496,124.2815,107.3506753854,159.0462171708,143.6544837397,73.3286112476,196.2260732981,62.7201673874,210.0593224564,388.8024999232
2022-05-02,274.0545906045,115.4773269788,124.5,108.3310057823,157.4421823972,141.71284419,74.3263964564,197.652053597,61.7045634379,211.2528923238,391.1428644859
2022-05-03,271.4630806079,116.2212044958,124.2535,110.6514208501,157.1337141715,139.7712046402,75.857480656,199.0966741614,62.4905525815,214.5733498497,392.9358857234
2022-05-04,279.3628508577,121.1014768341,125.9285,114.3119205889,158.817069346,140.8001841251,78.8766410722,207.4568331691,64.5217604805,222.1027116449,404.9019432453
2022-05-05,267.1952778998,115.4005619887,116.407,111.4518741099,155.7852673563,138.2053662936,77.681019141,201.2496248088,63.4443371602,211.7733964765,390.5105885758
2022-05-06,264.6712049663,114.6487603437,114.7725,111.2719969729,155.4415456191,139.5833040386,78.8680394756,200.0566478267,64.0007114977,211.629809124,388.179660967
2022-05-09,254.8928308157,111.4439458215,108.789,109.5991395984,156.2876298953,139.2343457785,72.649085114,192.265016912,62.446395888,209.2965146464,375.7511927049
2022-05-10,259.6326929655,113.310077968,108.859,106.9279641134,156.0761088262,138.5006386676,73.1307745252,189.1893731299,61.8105395022,207.0170654259,376.619392462
2022-05-11,251.0103827539,112.5250940369,105.372,106.2534248495,155.23002455,136.5500514701,74.6532571282,191.2584425833,61.9959976147,209.0003657319,370.6363637011
2022-05-12,246.0007723516,111.7737876499,106.9305,106.163486281,156.7635523007,135.995297313,74.9887193967,189.2266536606,60.5035013759,207.6721827215,370.2494485919
2022-05-13,251.5595131249,114.9498772081,113.055,107.1078412504,155.8645877572,137.4537638873,77.2131819883,190.4382709081,61.6427440671,209.7362509133,379.1013113329
2022-05-16,251.9256000389,113.359603768,110.8105,106.3613511317,156.9486332361,138.7959110415,79.0292471509,193.1038288526,61.9253469052,209.0272883605,377.5630878502
2022-05-17,257.0508168351,115.3683702186,115.3685,109.8869430177,157.600823199,138.4022145429,80.0372067628,198.6027071297,63.6033012566,215.0041119071,385.3297008948
2022-05-18,245.3745710513,110.8382452867,107.1125,108.0072269356,154.6747817438,129.7766821651,78.768567941,193.8028388031,62.7025047101,210.4182908375,369.7964748056
2022-05-19,244.4667778492,109.3371182868,107.319,106.406320416,153.2998947949,126.7881678351,79.1943439839,192.7030631477,62.2256124207,210.1939355993,367.531605874
2022-05-20,243.9066501287,107.8751166689,107.591,105.5339163013,155.9791616696,126.8686966643,79.8199740878,184.370864538,62.8967941613,213.2182442107,367.69203409
2022-05-23,251.7194660915,110.4306479522,107.557,112.0634563759,159.1431643275,129.7856298128,81.5839034085,190.27050852,64.0713622073,213.5413157538,374.5715734697
2022-05-24,250.7247565189,104.9649806571,104.1,113.6463751818,160.8814646066,132.0941229181,82.0270580654,191.668528421,65.9436060099,212.527230077,371.7121764436
2022-05-25,253.5253951212,104.8015455168,106.775,114.4378345848,159.302804149,129.9287921759,83.6780263951,195.0796969793,66.0495820742,212.1682616958,374.9962363944
2022-05-26,256.7895876989,106.7701960694,111.0775,116.4164830923,159.1609020854,131.0651434332,83.9734628331,198.509505803,66.2703655415,217.6156068802,382.4891777764
2022-05-27,263.8781005748,111.2512904593,115.1465,118.0623588962,160.6065293584,133.0694165168,84.7989469979,202.3773608623,68.7563873831,224.9385618562,391.8789468886
2022-05-31,262.5550402696,112.6830813391,120.2095,118.925769154,159.2229842383,132.3178141105,83.4173471852,201.1750637475,67.2113000262,220.9091417775,389.6801366342
2022-06-01,263.0861958666,112.8118484193,121.684,116.8391943643,157.6088482648,130.3135410268,85.0161796729,202.7781265672,67.6375310212,218.5309762522,386.5281940378
2022-06-02,265.1721887565,116.5069683621,125.511,118.7189104464,157.1121910422,131.7183217149,84.8684614539,205.0429188068,69.7242869343,226.9128879527,393.8890180654
2022-06-03,260.7684259889,113.4546933041,122.35,117.0640407856,156.464762877,130.5372322192,86.1023430477,207.7457572819,69.875243745,226.3923838,387.4247046565
2022-06-06,259.5419394287,115.7125745291,124.79,116.677304941,156.4470251191,130.0272163006,85.8851103727,208.4261269671,71.2072156045,231.0410243363,388.6043238917
2022-06-07,263.1634548625,116.0384542935,123.0,116.9830960739,158.1675876402,131.4767352271,89.821366443,211.6602130046,70.8431432962,234.0384103191,392.331920675
2022-06-08,261.1450635941,116.0825322556,121.18,115.1213677056,157.2274864689,129.839315699,90.8814618968,214.1766488263,69.6976474971,226.4911001048,388.0664175205
2022-06-09,255.7176191305,113.7464002665,116.15,112.7020202124,154.0612966748,127.495032003,88.9176785152,208.4634074978,68.6764690716,227.6039020865,378.8370766242
2022-06-10,244.3219172318,110.1072444778,109.65,107.5215586656,153.0325067137,127.0118590275,87.2927781065,200.5506148584,67.4066558989,222.7398805215,367.852462306
2022-06-13,233.9595544037,105.3834736676,103.67,104.3197456263,151.4893217721,123.6117529034,83.2870075802,192.8149047397,64.2987215603,217.7950910708,353.8857705612
2022-06-14,236.113148915,105.703410336,102.31,102.5839312539,149.1656754806,119.755316747,83.5042402551,192.637822219,63.4728990074,214.681040364,352.8193947726
2022-06-15,243.1340601695,108.723493624,107.67,103.7981019289,150.7620736961,118.5652796036,82.4528341083,191.9947330645,65.8793281668,214.7438598307,357.8492911915
2022-06-16,236.5767028906,105.0278784231,103.66,102.0173182722,150.8418936069,119.2900390669,79.4115766589,181.546864338,62.9312304513,210.9836660379,346.00591407
2022-06-17,239.164879254,106.1273511846,106.22,101.6575639981,150.2920231104,118.4310648882,74.8323118707,179.5430358133,62.8779515769,211.764422267,346.7484806038
2022-06-21,245.0462203186,110.4861168483,108.68,104.1758439167,153.4404751466,122.0190716138,79.4897804219,183.0194453004,64.582875557,216.2874238698,355.4773755537
2022-06-22,244.4571204747,110.4301526942,108.95,103.5912432213,155.8616791067,123.9249205728,76.3442512884,175.0600519976,66.3233187866,216.2784496603,354.832896882
2022-06-23,249.9907960577,111.1774970172,112.44,102.458017258,159.3382796649,127.3250266968,74.0415849338,166.5228104691,68.552151698,217.2297158704,358.3111861834
2022-06-24,258.5279151072,116.8561252526,116.46,105.5159285876,161.6707948354,129.1592944742,75.5100778166,172.8791409521,69.2802963145,226.2218738189,369.7032944676
2022-06-27,255.8141928754,114.7349352358,113.22,104.6705060435,161.5200238928,128.1750532278,77.3609002072,174.8363688135,69.1648587534,220.9270901966,368.2911279665
2022-06-28,247.692340929,110.9452210149,107.4,104.1668500598,156.9259445837,126.0902513149,79.5071590359,174.6965668234,67.8772859559,217.6335552992,360.7658917122
2022-06-29,251.3428284863,110.6421231185,108.92,103.6991695035,156.9702889786,127.2355502198,76.5701732704,171.0057942848,67.4865742105,218.1899562901,360.472085259
2022-06-30,248.0303490361,107.9295950489,106.21,101.2798220103,157.4314706853,128.6582262033,74.4152251348,166.6066916632,68.7830268203,217.2656127085,357.543498354
2022-07-01,250.686127021,107.7062336906,109.56,102.574937397,159.2141153593,130.7340804685,76.0748827715,166.1686454275,71.5357686631,219.3164815577,361.3250717362
2022-07-05,253.8440884793,112.1888138545,113.5,102.1882015524,157.9902100607,129.4724621435,73.6940126539,161.9466253267,70.2481958657,216.8048448173,362.0074609179
2022-07-06,257.0889663081,113.4853993002,114.33,101.5258202069,158.1321121243,130.6803945823,72.3645486831,160.5952060891,70.6566672359,214.3203120705,363.2300748686
2022-07-07,259.2039313215,117.6564621816,116.33,104.0936821354,158.3094897038,130.6356563438,74.6759043447,168.0233518295,71.37593204,213.0554590358,368.6702330675
2022-07-08,258.4892856092,118.2215515604,115.54,103.7670283212,158.1143743664,129.7587868697,74.7975546427,166.9235761741,71.2604944788,209.7939451391,368.3669489867
2022-07-11,255.4472126447,114.5794242236,111.75,102.4059707619,158.1764565192,130.6714469346,74.4152251348,163.1209620435,71.6423264119,211.4924620714,364.1588823659
2022-07-12,244.9786186972,112.9391297255,109.22,102.5057816496,155.9592367755,129.517200382,73.4246441369,162.6269950118,70.994100107,209.5409745321,360.9364890077
2022-07-13,244.0611681206,110.29742355,110.4,101.543967641,155.5956127375,130.367226913,73.7200805749,162.0491467861,71.2693742912,205.9813167058,359.0409635028
2022-07-14,245.3745710513,109.3207747727,110.63,97.9961442697,155.8084658329,129.9824780621,72.2428983851,158.3863346456,71.1539367301,200.551483321,358.1690217706
2022-07-15,247.9241179167,110.7174023346,113.55,102.4876342154,158.0700299715,129.8035251082,73.4594013649,161.5924602851,69.8930033698,203.4606453009,365.0118688431
2022-07-18,245.5387464176,107.995959621,113.76,101.4350830362,154.5224783815,128.2287391139,74.8149332567,161.6949817445,68.8274258823,201.9789603174,361.9979832904
2022-07-19,250.6378401485,112.7306261072,118.21,103.9485026624,152.2697831219,128.8819173957,76.7005128754,168.4054772691,70.0883592425,207.7972842771,371.7788948955
2022-07-20,253.2839607589,112.8197725473,122.77,103.9303552283,151.4006329823,126.6539531197,77.5433756542,168.8558345541,69.5466906864,209.2699345961,374.1483017765
2022-07-21,255.7659060029,113.2555995879,124.63,104.6381051591,151.9327657208,126.7732252634,76.2486689114,169.8128437848,70.0350803682,211.9441952981,377.9583080413
2022-07-22,251.4394022312,106.8766765396,122.42,104.1299770037,152.6511449178,128.7995075455,75.6664853425,167.58920469,71.2604944788,211.9170913045,374.4515858573
2022-07-25,249.9618239342,106.4903752991,121.14,104.5473679885,152.9526868029,129.6730603515,78.1863843721,170.5822041467,71.9087207838,212.5043444992,374.9065119785
2022-07-26,243.2692634124,104.0239904558,114.81,102.9140989174,154.0346900379,129.9252199244,77.8822586271,170.0380224273,70.9585808574,211.9803339563,370.4709822971
2022-07-27,259.5322820542,111.9877391062,120.97,104.5655154226,153.6089838471,131.1590006917,79.5679841848,173.8097646894,71.37593204,214.9256345943,380.0907742343
2022-07-28,266.9394882883,113.1367376677,122.28,104.175345589,154.4958717446,133.3383798572,80.4977400337,176.2398175398,75.0699339968,220.6536119087,384.858020879
2022-07-29,271.1211314426,115.2168212704,134.95,104.6744000274,154.7796758718,125.0981652436,84.225452736,186.0069411588,75.0255349348,224.2674777222,390.4687763734
2022-08-01,268.4846682067,113.7706679086,135.39,103.6309225653,154.2386742543,128.6914391571,82.0965725214,182.8262928333,75.7536795513,223.3820805979,389.3125058154
2022-08-02,265.4039657443,114.0381072289,134.16,102.0158009282,153.3606552358,127.8358977491,81.7403109345,172.1772195312,76.0733527975,220.5542305988,386.7440687563
2022-08-03,272.7918572294,116.9601294327,139.52,103.0864995415,154.8417580246,130.4745675653,79.0900722999,171.5767431511,76.7748579768,221.9907422597,392.8002727444
2022-08-04,273.9314274193,117.0690861929,142.57,101.9522849088,152.3584719116,130.2674364876,75.7620677195,172.2991912958,78.124589461,232.8504090293,392.5348991737
2022-08-05,273.216781707,116.3559146719,140.8,105.0373487099,151.7553881413,130.3304763808,76.8569204013,173.9411188975,78.124589461,237.2864293154,391.871465247
2022-08-08,270.715521714,116.1875269517,139.41,103.7579546041,150.9483201546,130.8257898275,77.2913857512,174.3351815219,77.7161180908,236.500413501,391.4165391258
2022-08-09,272.6276818631,115.5238812308,137.83,104.6925474615,150.9305823966,130.5195960604,78.716432099,174.5415952775,78.9592918263,233.7809794763,389.8622082118
2022-08-10,279.2526407635,118.5647653548,142.69,107.4237362972,151.3651574664,131.7533768277,79.4637125009,178.94196125,79.7229556923,239.987794011,398.0508783928
2022-08-11,277.1859626226,117.7129215937,140.64,109.011636783,148.2344431882,130.8167841285,81.7403109345,182.0194026976,79.4121622585,239.2469515192,398.0508783928
2022-08-12,281.9084187483,120.5259870374,143.55,110.8173064784,146.6025694568,132.0865876919,82.4507911561,184.684016634,80.3356627477,244.7309928912,404.7894715626
2022-08-15,283.4149691688,120.9221934379,143.18,111.1167391414,147.3032108959,133.7886648088,80.9772025482,183.8489791681,80.8062928047,247.6491895357,406.4575340069
2022-08-16,282.6810087076,120.5457973574,144.78,112.1783640377,148.6158049842,135.0224455761,80.2228655228,185.3220227878,80.388941622,247.1342136572,407.2536547189
2022-08-17,281.9373908718,118.4161879546,142.1,111.2346974632,148.6246738631,134.4010523429,80.8719462191,183.8302142812,80.095907813,242.1290095055,404.362978324
2022-08-18,280.8244291819,119.0303078754,142.3,110.3726943423,147.9062946662,134.8783543916,82.7841028651,185.1625212494,80.1314270626,241.7676229242,405.538204137
2022-08-19,276.9339022311,116.0983805116,138.23,107.6415055067,150.1589899258,134.8423315955,82.5209620422,183.5205936477,79.6607970056,238.244103756,400.0885683105
2022-08-22,268.804442931,113.1565479878,133.22,105.8630569625,149.6357260663,134.4821036342,82.4595625169,179.9177353675,78.6218589552,235.7234323511,391.7577337167
2022-08-23,267.5366343972,112.7801519073,133.62,104.8195795004,148.3321389784,131.8884623132,85.9593354606,185.0311670412,78.124589461,236.0938535969,390.8099709642
2022-08-24,266.9075690943,112.611764187,133.8,105.0736435781,147.8410616508,131.3211032742,86.4680743848,182.1695217926,78.7728157659,237.3587066317,392.0610177975
2022-08-25,269.8690149822,115.5436915509,137.28,107.5689157702,149.2250068468,131.2130348859,86.9154137836,186.5980350954,79.3766430089,240.8551218062,397.5959522716
2022-08-26,259.4555647358,109.2935355827,130.75,104.0483135501,146.6714047432,128.1420915162,85.8453077707,180.0678544625,78.1956279602,236.9160080695,384.1377211871
2022-08-29,256.6876774026,108.3822608615,129.79,103.7942494724,145.5374625503,127.6017495743,87.818863942,179.9365002544,77.6495194978,235.5337043958,381.5977170106
2022-08-30,254.5004657338,107.9068131809,128.73,103.8123969065,145.0285278653,126.2418890206,84.476975492,175.3953976304,76.4716596296,231.151892097,377.4086056449
2022-08-31,253.048776573,107.19364166,126.77,103.1953841463,144.0553018887,124.2246124376,83.8454375172,173.3031127437,75.9005760571,228.0801061555,374.536884505
2022-09-01,252.013238305,108.6992259819,127.82,103.9031340771,147.6267733624,125.7555812729,82.3367634662,171.1732980833,76.9713577555,225.8666133447,375.712110318
2022-09-02,247.8130176666,106.8271507395,127.51,103.1772367122,145.3053169045,123.5221679131,83.8454375172,169.6627246898,75.9451919612,222.7315847515,371.7504620129
2022-09-06,245.0935199722,105.7970140981,126.11,103.2044578633,145.6981787666,122.1442959613,83.2840704284,169.5032231513,77.9618308265,222.4063368283,370.3477731393
2022-09-07,249.7776369975,108.4119763416,129.48,105.1643807487,146.4928311695,123.9904642628,82.5735902068,169.6908720201,80.522783722,229.2817165385,377.0010676614
2022-09-08,250.1937878902,107.3521242202,129.82,107.6142843555,147.6714167558,124.1525668453,83.2489849854,171.8394515674,80.5495532644,229.3268898611,379.4652508177
2022-09-09,255.9424769668,109.6005955431,133.27,108.131486228,147.9571344737,126.0437636419,84.6436313464,177.7879207071,80.2193955741,232.1637745247,385.3603351378
2022-09-12,258.0619431415,109.8086039034,136.45,109.4108803338,147.8946337229,127.0704133315,85.6172523909,180.5182117476,81.0314050287,238.0634104653,389.5020583659
2022-09-13,243.8741010771,103.3306292549,126.82,105.6089928848,144.0463732101,124.4407492143,83.6173821374,172.9278150062,79.2913847688,231.3596893812,372.56553798
2022-09-14,244.0966934151,104.0041801358,128.55,105.3640025241,147.0196232118,124.7379372824,85.6698805555,173.2468180831,79.3092311304,230.5465695732,373.9871821086
2022-09-15,237.4769908421,101.9340016931,126.28,106.9519030099,147.3946277166,123.774327486,83.1788140993,171.2202103005,76.748278235,224.484309671,369.7412049777
2022-09-16,236.8576034669,101.825044933,123.53,106.235079362,149.644654745,124.5308062046,81.757853656,168.3867123822,75.6596501749,223.4814619078,366.9324133891
2022-09-19,236.6446890566,102.0924842533,124.66,107.2150408047,148.4660691587,124.2696409327,81.7490822952,170.8636774498,77.4889022431,225.3064641436,369.7779573149
2022-09-20,234.6413580148,100.1807883708,122.19,105.1008647293,147.2964122511,123.8283616802,81.0824588774,166.9981107534,76.4627364487,221.2498997679,365.5334335995
2022-09-21,231.2540833064,98.3384286084,118.54,102.0702432306,145.7874655534,122.2343529517,79.7755261239,161.3311149168,74.9279493477,218.1510098328,359.1571311571
2022-09-22,233.2187026373,99.1902723695,117.31,100.9088074466,148.3767823718,122.6666265052,79.442214415,160.0175728355,74.5442525724,215.4948184599,356.1402835836
2022-09-23,230.2572567494,97.8035499677,113.78,99.0305480148,148.8589310208,122.0992674662,75.2144185281,154.0972510261,73.6340881287,214.1847921025,350.1732065218
2022-09-26,229.8023941457,97.238955847,115.15,96.8982245052,147.948205795,122.2163415536,73.6618876733,152.5772951891,72.4116123564,209.1524839572,346.7090660903
2022-09-27,228.7958896609,96.5753101261,114.41,96.0452951014,147.269626215,118.8572158149,75.2056471673,152.4084112072,72.3491500906,208.4839187817,345.8239972438
2022-09-28,233.3058039869,99.1011259294,118.01,97.9870705527,148.5374985881,118.8572158149,77.9423117248,157.3998711163,73.5002404164,212.2875125504,352.6285588056
2022-09-29,229.8507837843,96.496068846,114.8,96.3265803303,146.903550389,115.9033465327,77.7844272311,155.6547366368,71.3586770196,209.3873852351,345.2625019541
2022-09-30,225.3989370247,94.7428555237,113.0,94.820343298,145.8588949829,113.69695027,76.5827508068,153.9471319311,69.9666608116,211.7273633493,339.9235382673
2022-10-03,232.9864323716,97.7044983676,115.88,97.7511539091,145.716036124,115.7322382511,80.6263481178,160.6555789893,72.4473050796,216.8219933272,348.8979460333
2022-10-04,240.8642655505,100.6760463715,121.09,102.3243073083,147.8767763655,117.164144397,83.5647539728,168.5368314772,73.9017835533,225.5829373785,359.7091095775
2022-10-05,241.1739592381,100.4680380112,120.95,101.0721343538,147.4214137526,116.3536314842,86.9417278659,167.3640260474,72.9648495672,220.888599756,358.8716250776
2022-10-06,238.8415786532,100.4581328512,120.3,99.0120537097,144.5642365737,113.9040813477,89.5205079297,167.7674711153,70.4128198526,217.058529719,355.1695629132
2022-10-07,226.6957793417,97.7441190076,114.56,97.0343762914,143.0374325188,111.9138218618,88.6170577713,166.5852832421,68.4675664338,210.8358031032,345.2625019541
2022-10-10,221.8664934003,96.9318958866,113.67,96.1279408081,143.2249347711,111.4545312112,86.6961297646,167.6361169071,68.4764896146,211.4635342969,342.6263291533
2022-10-11,218.1501691488,96.2583450057,112.21,93.3536988741,145.2963882258,111.8777990657,85.9593354606,168.6494207985,67.8429437764,210.3445352125,340.456482949
2022-10-12,218.4792186919,96.6347410862,112.9,94.8644246797,145.2606735111,112.0579130463,86.3365039734,168.4148597125,64.9161404673,208.6250975949,339.3334923696
2022-10-13,226.6957793417,98.1205150881,112.53,100.1382311285,147.4571284674,113.7509844642,89.3538520753,171.8300691239,65.2195286152,216.5126765071,348.288866397
2022-10-14,221.1987163863,95.6442250849,106.9,101.8046074716,146.8410496382,112.6432834833,87.0031273912,167.1857596221,64.041668747,211.5454122787,340.3517973865
2022-10-17,229.8798175676,99.0218846493,113.79,106.0804192973,148.7428581979,114.6785714644,88.2574319801,169.6345773594,65.7192267412,215.9395306346,349.0978002889
2022-10-18,230.8185765582,99.8142974503,116.36,108.8088816614,148.2249948342,115.6061584646,88.4153164738,172.2147493049,66.9773952368,220.4974049541,353.1995709646
2022-10-19,228.863635155,98.6851092089,115.07,106.6755537056,147.0464092479,116.6778366494,91.0379533414,173.0216394406,65.7103035603,219.6604300292,350.6966343342
2022-10-20,228.5442635397,99.0218846493,115.25,106.3276289746,147.4214137526,115.1858624908,91.1607523921,169.3906338301,63.0333493143,216.8128957737,347.7559217152
2022-10-21,234.3219863994,100.1708832108,119.32,111.9127364984,150.6357380789,116.6280667696,92.853625019,179.5987322906,63.9345905771,219.5148691727,356.2069016688
2022-10-24,239.2867633292,101.5477004526,119.82,112.050075208,152.6625481402,117.3446336754,93.5027057153,180.6184285942,65.3890690508,221.9075257516,360.565627816
2022-10-25,242.5869366879,103.4891118151,120.6,112.3430644552,152.4214738157,118.6961332826,92.8711677405,183.9607664783,67.6912497024,228.85805665,366.3233337528
2022-10-26,223.8698244421,94.0296840028,115.66,113.6340483254,153.7607756183,119.5306162615,93.9763591965,185.9623925558,67.4592470011,229.2765441125,363.5634416509
2022-10-27,219.4470114657,91.3453856393,110.96,114.0826881101,153.8500624052,119.6213209331,94.3359849877,200.2947906011,67.3432456504,226.583668267,361.6220003102
2022-10-28,228.273281563,95.3767857645,103.41,115.4377633782,156.1358041483,122.6508569652,97.0989636275,207.0927659585,70.5198980225,231.4781520672,370.2252501728
2022-10-31,224.6537365889,93.6136672822,102.44,115.2546450988,155.3322230667,122.1519812713,97.1954485959,204.3735758155,69.154651357,227.8027404403,367.5510098947
2022-11-01,220.8212772045,89.611982637,96.79,117.3330375707,154.5464993425,122.3424610817,98.1602982796,206.2996688335,69.3420381542,229.3675196478,365.9426589801
2022-11-02,213.0111895197,86.1451766325,92.12,116.2526397219,152.1714708126,120.5827904523,96.1428853045,202.5607823869,68.9583413789,223.0447199431,356.7588800892
2022-11-03,207.3496017928,82.6387499879,89.3,116.4632257433,152.4304024944,119.7573779405,97.4498180579,207.017232899,69.7614276527,240.1936083508,353.0853685328
2022-11-04,214.259642198,85.758875392,90.98,119.649483806,153.1089820744,121.9433605266,98.51115271,215.1275951657,70.3146648636,251.1470628033,358.1673767481
2022-11-07,220.5309393724,87.6507609545,90.53,120.2812418702,154.448283877,123.811876762,99.6777436913,215.8451592312,68.9672645597,252.5753787078,361.5934497022
2022-11-08,221.4987321462,88.056872515,89.98,120.354489182,155.2161502438,124.093061244,99.9935126787,216.9781551241,69.8417362801,257.4607649545,363.5444079122
2022-11-09,217.2791556523,86.4918572329,86.14,118.7888278925,153.9750639067,123.7937358276,95.5201186904,212.9465780719,69.7792740144,254.8497670908,356.0546317597
2022-11-10,235.1542881849,93.0490731615,96.63,123.6780859544,155.7786570009,128.0568553938,96.9235364123,219.4707460885,74.2408644245,263.456052732,375.6213150756
2022-11-11,239.1512723408,95.4956476847,100.79,123.8795160618,151.1178867278,127.8663755834,99.9496558749,223.2851655946,74.3390194135,262.4280291829,379.2567591547
2022-11-14,233.7703445184,94.7923813238,98.49,122.6068440195,153.4929152578,127.8754460505,100.23911078,223.2946072271,72.8666945782,268.277756104,376.0305404562
2022-11-15,234.1768174834,97.5063951673,98.94,121.7187203641,153.9214918346,127.4309931596,100.9110850606,221.4912554309,73.9820921807,267.9593417304,379.2377254161
2022-11-16,234.6026463038,97.9125067278,97.12,121.8835268156,154.8768604538,128.5648015549,99.8323895049,219.4424211912,75.2402606764,268.4869998352,376.3445971437
2022-11-17,234.5541205424,97.4271538872,94.85,121.3524838051,156.1268754696,127.7756709118,99.9650160077,217.5729779679,73.4823940548,266.8312450924,375.1930559563
2022-11-18,234.1076835371,96.505974006,94.14,122.5427526217,157.3233184133,129.3176503293,99.0985228563,218.5076995795,74.2408644245,269.7242671156,376.8965755641
2022-11-21,234.9132111771,94.6933297236,92.46,121.8194354178,158.1268994948,130.9594048856,98.117086736,219.2063803802,74.5977916573,269.6605842408,375.5261463824
2022-11-22,237.8053465595,96.1295779255,93.2,123.6414622985,158.8907107386,132.0841428137,100.9552938949,224.0121712926,75.0528738791,281.2599649941,380.5796039898
2022-11-23,240.2801603934,97.5262054873,94.13,124.9599139107,159.0614450166,132.8369915882,100.4513131844,223.6911557896,76.1548867104,280.3411120874,382.9778550577
2022-11-25,240.1928140228,96.5356894861,93.41,125.197967674,159.2681233532,133.0818942016,100.0976425104,222.5392766318,76.5315359382,281.942281509,382.8922032339
2022-11-28,234.6317617607,95.1390619242,93.95,123.0097042343,159.3489974849,132.9730485956,97.0914417814,219.3291216019,75.0877138986,276.9841148341,376.7823731323
2022-11-29,233.2439249833,94.2872181631,92.42,125.0331612225,158.2347316704,131.9571562735,97.7368907614,221.9916619502,73.9757018929,274.9098726288,376.1352260187
2022-11-30,247.6172555246,100.0322109706,96.54,126.5164192862,159.9510604653,135.2950881891,98.4442321094,223.2096325351,75.9575942578,282.1697203473,387.9837283185
2022-12-01,247.1805236716,100.0322109706,95.5,124.7401719753,160.6160255481,135.3767223936,97.9667766995,222.5298349994,76.0741761617,283.8800604113,387.698222239
2022-12-02,247.5007936971,99.4874271699,94.13,123.7513332662,160.741829753,136.6103059276,97.1356506156,222.9452668268,76.4059861956,289.7024946718,387.2509293811
2022-12-05,242.8229102934,98.5365318087,91.01,120.2812418702,160.6519696067,135.231594919,94.4742787937,219.5840456778,76.3611470018,286.5456435962,380.284581041
2022-12-06,237.8926929301,96.0602418054,88.25,120.4826719776,158.2437176851,135.403933795,91.8482740392,215.5430269931,76.3880505181,283.9346457325,374.8028643143
2022-12-07,237.1648065084,94.0395891628,88.46,120.4002687519,159.2052212508,136.2746986426,91.6449134017,216.1944996315,76.4866967444,287.1005943616,374.1652340701
2022-12-08,240.1054676522,92.8212544812,90.35,121.6637848802,159.2321792947,137.2543090961,92.3257294491,218.0261763251,76.9081851659,290.9943472733,377.0964298198
2022-12-09,238.1838474988,91.9496004001,89.09,121.0045590741,157.9202211583,136.8914904096,91.5476539663,214.598863749,75.7872053215,286.0361805984,374.2794365019
2022-12-12,245.0648004724,92.4250480807,90.55,122.8815214387,159.8072842312,138.2974128197,93.8023045131,220.0466856674,77.6166444276,290.6759328997,379.6755014047
2022-12-13,249.3447726322,94.7230452037,92.49,122.762494557,161.0383682359,138.088792075,94.8279494677,222.3410023505,78.1547147529,295.897928627,382.5495959384
2022-12-14,249.6359272009,94.168356243,91.58,122.1490483208,161.5325990407,138.6330201047,94.1294498866,221.387397474,78.0650363653,295.7796604311,380.1037605239
2022-12-15,241.6679971709,89.9982838775,88.45,119.1184407956,159.492773719,137.0638292857,93.2275896679,217.7806938816,76.9530243597,287.7010328947,370.8057792012
2022-12-16,237.4753713817,89.4039742767,87.86,118.3768117637,157.8573190558,136.4561079858,92.5732989209,219.7256701644,75.4553952875,287.8647888583,366.4483854157
2022-12-19,233.3603868107,87.6012351544,84.92,119.0818171397,157.6865847778,136.4198261172,92.9888619629,219.3196799695,74.8993892847,285.4084494047,363.3410270192
2022-12-20,234.6705823699,88.1757344351,85.19,119.65863972,157.8573190558,136.4742489202,94.3328105241,222.0105452151,74.8993892847,284.3349380879,363.8382043626
2022-12-21,237.2230374221,88.7304233959,86.77,121.0045590741,159.663507997,137.7259733885,95.5441325826,228.2325809937,75.9127550641,286.1089610266,369.2784718321
2022-12-22,231.1670223932,86.9276842735,83.79,119.6311719781,159.0794170459,138.0434397392,93.6166274093,224.2765370009,74.7379681871,284.3895234091,364.0103042123
2022-12-23,231.6911006169,88.3837427954,85.25,120.1988386445,159.4837877044,138.4334698272,96.0923221273,226.4764373597,75.4822988038,283.8800604113,366.1041857164
2022-12-27,229.9732886616,86.561193353,83.04,120.6200106872,159.4388576312,139.6398419597,97.4274289217,229.5638511678,75.329845545,284.0256212678,364.6604591999
2022-12-28,227.6149366551,85.2041864313,81.82,121.2792364933,158.7469345045,137.8348189945,95.8270691218,226.01379737,74.5765470895,281.6966475636,360.1284964924
2022-12-29,233.903875339,87.6111403144,84.18,121.9750859553,159.5556758215,138.4062584257,96.5520940035,226.7880112302,75.401588255,283.3069145388,366.6109241625
2022-12-30,232.7489622165,87.3932267941,84.0,122.780806385,158.7379484899,137.472000308,97.524688357,226.183746754,74.9711319947,281.9149888484,365.645252784
2023-01-03,232.5160385615,88.2747860353,85.82,123.7147096103,160.1217947433,137.4810707752,94.1736587208,225.541715748,75.1773922861,280.3694223423,364.1059152399
2023-01-04,222.3450389617,87.2446493939,85.14,124.868354771,161.8650815821,138.0797216079,94.4477534932,227.8832405933,75.769269644,280.3877130702,366.9168794508
2023-01-05,215.7552405569,85.3824793115,83.12,124.840887029,160.6699416359,136.3654033142,96.5609357704,226.8635442897,74.1012516355,276.0253744703,362.7291164427
2023-01-06,218.2979904568,86.511667553,86.08,127.2297891155,161.9729137577,139.6126305582,97.7280489946,234.964464924,75.0159711885,283.6708987251,371.0472758424
2023-01-09,220.4234188083,87.1852184338,87.36,126.7040461853,157.7764449241,137.9073827318,95.9066450234,232.8495392573,75.3926204162,285.0335579523,370.8369315817
2023-01-10,222.1024101545,87.5814248344,89.87,127.8385440874,157.3990323096,137.7713257243,97.3390112532,236.5223342768,75.8141088377,285.9480943464,373.4375515319
2023-01-11,228.8183755391,90.6520244384,95.09,128.7885707858,157.1474238998,136.6556582634,98.47075741,236.7300501905,76.2266294205,286.0395479858,378.1607362945
2023-01-12,231.4775872665,90.2657231979,95.27,128.6594409433,156.3566546121,135.8846685546,100.1064842773,240.8277186698,76.2894042918,283.6983348169,379.5375350917
2023-01-13,232.1763582314,91.2463340391,98.12,131.9061341265,155.8444517781,136.855208541,100.0445919093,244.0284320673,75.9396585803,284.7866331259,381.0099449165
2023-01-17,233.2633352878,90.4242057581,96.05,129.8677273268,154.8829482124,136.4561079858,99.8500730386,241.9512729303,76.8902494884,280.1956604275,380.3119844151
2023-01-18,228.8571961482,90.2558180379,95.46,125.9661613709,152.5465844078,132.8007097195,97.7987831294,238.7033513706,75.1504887698,277.003928412,374.3076118829
2023-01-19,225.0915970597,92.1675139203,93.68,124.2874734183,152.3399060712,130.0099990878,98.4265485757,233.1611131278,74.0653802805,274.2603192297,371.5826975968
2023-01-20,233.1371683081,97.0903784468,97.25,124.5918509042,151.6300109153,130.5120739333,100.2214272463,236.9182565988,73.3748566963,278.3848783671,378.5049359938
2023-01-23,235.4275842485,98.8435917691,97.52,126.6118105835,151.243612286,128.7593762908,99.6997630022,239.755089674,74.1371229905,282.3356755897,383.046459804
2023-01-24,234.9035060248,96.7734133264,96.32,127.7001906847,151.243612286,129.4622810745,100.6281485214,244.4135680686,75.2401671574,286.5608337305,382.6353323854
2023-01-25,233.5156692474,94.3169336432,97.18,128.3181692167,152.321934042,129.370994739,100.0976425104,245.2010501597,68.6846770272,285.3810817821,382.7787489268
2023-01-26,240.6877767896,96.5951204461,99.22,129.1113953921,151.7648011347,128.8506626263,104.1206464272,248.6925370216,68.5142880909,289.5513677392,386.9856341404
2023-01-27,240.8430592263,98.4275750485,102.24,129.4249964382,151.171724169,128.3212018802,102.2196665544,250.9885691427,67.7789253129,287.3016082097,387.8748166969
2023-01-30,235.5537512283,96.0206211654,100.55,128.3273927769,145.5734370527,128.7228617566,100.4071043502,248.1042973873,67.3036298589,287.0729741112,383.008215393
2023-01-31,240.5033788961,97.9026015678,103.13,129.0929482718,146.8494511306,129.9734845536,102.5733372285,239.3660924965,66.9269806312,293.1180596762,388.6397049176
2023-02-01,245.2977241273,99.4775220099,105.15,128.7516765451,148.1973533255,130.7129038715,101.4504328385,236.7569650861,66.5772349197,290.9414630583,392.7701013091
2023-02-02,256.7983295909,106.7181939793,112.91,128.1521451335,148.7544862327,129.7817832489,98.2762385393,232.3546555646,67.7968609905,270.2455044595,398.4876407586
2023-02-03,250.7326094097,103.7862666155,103.39,130.1352105721,147.9187868719,130.1834431253,98.9570545867,235.0681480714,66.9628519862,260.6611630493,394.2520722367
2023-02-06,249.1991953479,101.9240965331,102.18,130.9007660669,146.7955350428,129.0788784652,98.7890610166,238.5406594612,67.7161504417,258.841235625,391.8426743416
2023-02-07,259.6710546687,106.6191423792,102.11,132.496441978,146.8314791013,127.8191270346,101.6095846418,236.8708179186,68.2273172507,260.706889869,396.96742542
2023-02-08,258.8655270286,98.4275750485,100.05,131.5648623999,147.0201854086,126.4954751692,100.7254079568,236.1212867716,67.2856941814,262.6914338442,392.6266847678
2023-02-09,255.8472246664,94.1089252829,98.24,129.51723204,145.0342761747,125.1079228689,101.1056039313,233.6639631378,65.7073545605,262.3713461063,389.2229321858
2023-02-10,255.3425567474,93.6730982423,97.61,130.0890927712,145.7082272722,126.212487529,105.3673355531,234.982758447,67.0256268575,263.2218649528,390.1312369479
2023-02-13,263.3201919297,93.7127188824,99.54,131.5002974786,146.2473881502,127.8647702024,104.960614278,235.4381697769,67.814796668,262.1975841914,394.7110051691
2023-02-14,264.1451298743,93.7820550025,99.7,132.0813817699,145.6093811112,127.1436081516,103.7310247389,231.8423178186,68.1824780569,257.4328495781,394.5293442166
2023-02-15,262.0391118274,96.0206211654,101.16,132.6347953807,143.2101152042,126.8514918778,103.4191723196,235.9599952589,68.9985513837,260.1490226686,395.8105319863
2023-02-16,255.0629480379,94.6041832835,98.15,130.8085304652,142.1946955507,125.1900805708,103.1162299694,233.8916688027,67.8775715393,256.7378019185,390.360703414
2023-02-17,251.0835184843,93.455184722,97.2,131.1959199927,145.1421083503,127.8099984011,99.1512492093,235.0966112795,68.218349412,255.8049747965,389.3854709327
2023-02-21,245.8392335713,90.9194637587,94.58,128.7885707858,142.9793199037,127.7187120655,99.0532384489,228.3792941648,66.0571002719,253.7929947295,381.5740499792
2023-02-22,244.7105934045,90.7807915185,95.79,127.8016498466,142.7802347747,128.2573014453,97.7701884951,225.7037526021,66.0750359494,254.5063331169,381.0481893275
2023-02-23,247.8824614595,90.0279993576,95.82,128.8254650266,142.7349881545,127.8465129353,98.6701054766,225.7606790184,65.3486410102,255.8141201605,383.0751431123
2023-02-24,242.4825020408,88.2846911953,93.5,129.9876336092,141.1423071226,127.1253508845,98.6790155457,224.0718620036,65.393480204,256.9664360171,378.9829911317
2023-02-27,243.3970897622,89.0176730362,93.76,131.1221315113,140.8346301051,127.0158072818,98.5008141633,227.686689434,64.8621357578,261.0269776069,380.2737400041
2023-02-28,242.677095173,89.2058710765,94.23,132.2197351726,138.6899403066,125.5734831801,97.9305697393,227.2787167844,64.1129627453,261.5391179876,378.8682578986
2023-03-01,239.6122533408,89.5030258769,92.17,131.4818503583,138.0655369475,125.6647695157,98.8037565135,235.9315320508,63.0659257639,263.6425516941,377.4149702794
2023-03-02,244.3214071401,91.127472119,92.13,130.1167634517,137.9569450589,127.7369693326,99.2581700388,239.2617274001,65.1780520883,267.072063172,380.3502288262
2023-03-03,248.3884036032,92.7618235211,94.9,132.5056655382,139.3776889339,128.6680899552,100.5144897852,242.2313887799,66.6402933899,269.5870382558,386.4502123859
2023-03-06,249.9256893476,94.227787203,93.75,131.7308864831,140.7712848368,128.1203719419,101.4054966976,240.9695198869,67.1547856997,268.0689078416,386.7179232632
2023-03-07,247.2792227496,92.9698318814,93.55,127.8569912077,139.4410342023,125.5734831801,99.4452814904,233.5311348333,66.5680839429,266.4867598798,380.790039553
2023-03-08,246.8413882022,93.3561331219,93.92,127.100659273,138.4184605852,125.5917404473,97.9929402232,235.978970731,67.0193929866,265.2521357477,381.4115112323
2023-03-09,245.49869559,91.4444372394,92.25,120.2198833791,136.8619768496,124.6697484582,97.2355843477,228.6164875657,66.5771101238,259.8014988388,374.3745396022
2023-03-10,241.8695336743,89.7704651972,90.73,123.2728817985,137.1968018392,125.2357237386,96.032725016,215.3810957931,65.9001465582,257.2316515714,368.9725165438
2023-03-13,247.0554406476,90.2459128778,92.43,121.0592273555,138.5089538257,126.1029439263,94.9278764446,213.1894287683,66.1528796227,256.975581381,368.4466558921
2023-03-14,253.7397147389,93.0787886415,94.88,124.1675671359,139.2871956935,127.6639402642,95.2842792096,214.109739164,67.2901784128,261.4659550761,374.5370783491
2023-03-15,258.2640050626,95.1984928843,96.2,118.3013828618,139.6763166274,129.4714097081,90.5441224357,206.1305531562,68.1657179575,253.3631626243,372.1946081734
2023-03-16,268.7331155753,99.3685652498,100.04,120.5980493465,139.386738258,130.4390448649,90.0184283574,207.5062748817,68.8065767995,255.7501026129,378.7248413573
2023-03-17,271.8757946604,100.6562360514,98.95,116.0416106178,137.8935997906,130.4755593991,88.9581301317,203.9958125477,68.3011106706,251.2597289178,374.3135435911
2023-03-20,264.870441901,100.2600296509,97.71,117.2683441217,139.2600477214,132.4838587812,91.283658173,209.0243126478,68.5718960968,255.3477065995,377.9128045682
2023-03-21,266.3785386756,103.9249388557,100.61,120.4135781429,139.2600477214,131.5253522579,95.3733799008,213.3981589612,68.0212990635,254.9818920418,382.874985702
2023-03-22,264.9288198407,102.3896390537,98.7,117.3052383624,136.6900396927,131.4431945559,93.1904129655,208.6827541504,66.9110788161,251.8267414822,376.3483257968
2023-03-23,270.1536454404,104.5984897366,98.71,116.9916373163,136.7624342851,131.2606218848,92.1390248089,208.1988796125,66.6222410281,244.1263450438,377.3657168997
2023-03-24,272.9849755139,104.4400071764,98.13,115.2114902017,138.1379315398,133.9353115164,92.2459456384,205.8933597553,68.3191630324,244.7939566115,379.8420084519
2023-03-27,268.9082493942,101.4882694925,98.04,118.5135247459,138.7261376027,133.2324067326,94.2685313295,206.832645623,68.0935085105,247.0985883246,380.5522626181
2023-03-28,267.7893388841,100.0718316107,97.24,118.8732435929,137.3868376441,133.6066807084,95.4446604538,208.8819966072,67.9129848931,250.1622852449,379.6980380129
2023-03-29,272.9265975743,100.4284173711,100.25,119.1130561576,138.7351869268,134.0174692184,97.0841131726,211.5765136419,68.6982626291,252.7138417845,385.2169048444
2023-03-30,276.3708960143,99.9331593705,102.0,118.7533373106,138.8437788153,134.6017017659,97.5563468361,213.0376249917,69.131519311,255.8141201605,387.4724417234
2023-03-31,280.5060000737,102.7462248142,103.29,120.1922126986,140.2645226903,135.7336523267,97.7078180112,217.117351488,69.5738021738,264.2644364421,392.9337203794
2023-04-03,279.4649268164,103.370249895,102.41,120.0538592959,141.9386476385,136.4822002782,103.4726327343,218.0945882998,69.203728758,265.9482354696,394.4310129459
2023-04-04,279.4162785333,103.7268356554,103.95,118.4489598247,143.4227367818,137.1394618941,102.4836150616,206.310820141,69.6460116208,262.461023276,392.2426622718
2023-04-05,276.653056056,103.4792066551,101.1,118.6242074681,149.8658555016,138.0797111503,104.238898679,202.5916276142,70.702074783,261.2004742773,391.2156731396
2023-04-06,283.7167867551,107.3917448602,102.06,118.4940657155,149.4495865955,138.9560599715,102.510345269,198.4549747017,71.2797503589,259.4706698119,392.7417597939
2023-04-10,281.5665326442,105.4305231777,102.17,118.8844909732,148.6984926998,137.8058521436,102.0559317436,204.4891748217,70.7923365917,260.7864253361,393.1448770234
2023-04-11,275.1838779079,104.3508607363,99.92,119.4701288598,148.6532460796,137.531993137,102.7776473427,209.2994569929,70.7111009639,262.5346319767,393.2504553454
2023-04-12,275.8260352441,103.6475943753,97.83,119.4515371809,148.336519738,137.9062671127,102.6707265132,209.2045796325,70.9367554857,264.2276320917,391.6475844569
2023-04-13,282.0043671916,106.4111340189,102.4,119.9070333148,150.3183217038,138.5452714616,103.1518702459,210.3146447489,71.1714361884,265.1201375872,396.8497163225
2023-04-14,278.4043942459,107.8374770608,102.51,128.961180958,150.0739899546,137.8423666778,103.4013521813,212.2216796925,70.4222631759,263.3443276839,395.880315366
2023-04-17,280.9924829042,104.9649806571,102.74,129.9837232996,149.9201514458,137.8880098456,102.1984928496,213.7017665144,70.8916245813,263.3351265963,397.3008236983
2023-04-18,280.5741076699,103.5089221352,102.3,131.4431700963,145.7031664411,138.0340679825,104.1943483333,213.6638155702,70.6749962404,264.7888984342,397.5599704886
2023-04-19,280.6519449228,103.1919570147,104.3,131.2758449858,147.0786636958,138.0614538831,103.8646757758,213.1419900881,71.2526718163,267.2915942565,397.4927842837
2023-04-20,278.375205276,104.2914297762,103.81,130.8947155676,148.0288427205,138.564167733,103.0360393473,210.8839089112,71.0811743797,269.0950074226,395.3236296682
2023-04-21,278.0346672947,104.4102916963,106.96,130.6437279019,147.2234528806,143.3590298846,103.3657119048,210.1248900281,71.2978027207,267.3560018696,395.6307666049
2023-04-24,274.1525343072,104.9649806571,106.21,130.8203488518,148.119335961,143.6162255556,105.3170170429,213.1393479774,71.342933625,269.8678987795,396.0434818636
2023-04-25,267.9742023597,102.8650867343,102.57,127.9758219742,149.4767345676,143.6529677943,103.8201254301,208.5604245102,70.2417395584,266.7763333519,389.7567726902
2023-04-26,287.3848672971,102.7264144941,104.98,125.7076371437,147.1601076122,141.9903814927,102.8667480339,206.232805081,66.8569217308,262.856670042,388.1059116554
2023-04-27,296.5891224504,106.5696165792,109.82,127.3994799271,147.5039819259,143.7264522717,104.096337573,204.4584722374,68.4635819263,268.1012899638,395.8323252196
2023-04-28,298.9534290067,106.3219875788,105.45,128.505684824,148.1374346091,143.6437822346,105.4417580107,208.7225947163,69.1676240345,270.8432140632,399.2108315235
2023-05-01,297.299387383,106.1833153386,102.05,131.2572533069,148.0469413686,143.8183078685,102.1717626423,207.2630628611,69.3210691093,272.5178120031,398.807714294
2023-05-02,297.1534425338,104.3211452562,103.63,129.1378019079,149.340994707,143.689710033,98.0998610527,205.2407049964,68.5448175542,269.2514259115,394.3254346239
2023-05-03,296.1707472162,104.4102916963,103.65,126.4048251039,147.3863407134,143.5059988394,96.1663760528,205.708136767,68.0483776062,270.4107629468,391.6187903691
2023-05-04,297.1534425338,103.6971201754,104.0,124.6757989626,146.7166907341,142.8446385427,94.4823729884,200.6903998008,68.1566917766,267.8160562487,388.8449599094
2023-05-05,302.2517825976,104.5687742565,105.655,127.1113089036,147.2144035565,143.3222876459,96.8346312371,205.183468453,68.1566917766,272.9962685574,396.0434818636
2023-05-08,300.3058512755,106.7479094594,105.83,127.4180716061,146.8795785669,142.6517417894,97.2177642094,204.8972857363,68.6531317247,271.9657467482,396.1490601856
2023-05-09,298.7004579348,106.3318927388,106.62,126.8045462011,145.7393637372,141.1912378007,97.2444944168,203.6571606306,68.2198750428,257.57524577,394.4118168873
2023-05-10,303.8669055949,110.6901631445,110.19,126.8696170774,146.2823231799,141.4851757104,95.9970847395,203.3518990661,69.4023047372,258.5045556157,396.2546385076
2023-05-11,301.7263811406,115.4644502708,112.18,126.4698959802,145.685067793,141.8158558588,94.2596212603,200.3565199646,68.6892364482,254.4560770797,395.5635804
2023-05-12,300.6172002871,116.395535312,110.26,124.6572072837,145.495031988,143.2579887281,94.2507111912,199.889088194,70.3681060907,255.7902347791,395.0452868193
2023-05-15,301.093953461,115.4050193107,111.2,125.7076371437,144.3819651306,143.3039165265,94.4289125737,201.5584873748,69.989006494,256.9771750771,396.408206976
2023-05-16,303.3123151681,118.3765673146,113.4,124.861715752,144.1919293256,143.0559064152,92.1371668131,197.6568630037,68.4545557455,253.5727726718,393.7591508968
2023-05-17,306.1728342115,119.6939535963,115.5,128.7008974528,143.8752029841,142.4496594765,94.2042316168,202.3311807099,68.0032467018,254.1340390143,398.5389694744
2023-05-18,310.5801629078,121.6650804389,118.15,129.6769605971,143.4136874578,140.1073417588,95.0580192531,204.8305097691,67.7866183608,253.4439574457,402.3781811833
2023-05-19,310.4046498181,121.5957443188,116.25,129.3794937341,143.8028083917,140.6952175782,95.4983939286,204.8877463124,67.2269951467,256.627533749,401.7927013977
2023-05-22,313.1738563441,123.8640259617,115.01,128.3104721951,143.0336158479,137.0118081475,94.3390401909,204.3916962702,67.3172569554,253.0299085045,401.9558678954
2023-05-23,307.4014258393,121.3976411185,114.99,126.9718713115,142.9789080201,135.5329330395,95.6242152645,202.9130855672,66.9381573587,249.8095278508,397.4447941374
2023-05-24,306.0265733035,119.7533845564,116.75,125.8098913779,142.8421384505,134.4122947588,96.6936966194,200.0417189763,67.0103668057,249.2022560704,394.5653853557
2023-05-25,317.7957010389,122.3089158397,115.0,126.1166540804,140.7905949071,133.5488521492,94.959159632,200.3088228452,66.2431414314,250.3799952809,397.9822837766
2023-05-26,324.5919579002,123.4281989212,120.11,127.297225693,140.7358870793,133.5580377088,94.3390401909,202.0449979932,67.1435029736,251.9533812574,403.1364254959
2023-05-30,322.9538357299,122.49711388,121.66,127.7806093454,140.7541230219,131.5188434605,93.5032270312,200.2325074541,66.0262612439,252.1742073593,403.2899939642
2023-05-31,320.2041306584,121.7047010789,120.58,126.1538374382,141.3832630419,130.8942254024,91.8316007117,196.2736465397,66.7256727332,247.6380711814,401.0536531438
2023-06-01,324.2896853569,122.54663968,122.77,127.892159419,140.9091285341,132.2353171153,92.8920948284,199.4407352712,66.2715094285,251.346109477,404.8640707649
2023-06-02,327.0393904285,123.4876298812,124.25,130.5786570256,143.124795561,134.5868203927,95.0490320148,216.1919636223,67.0799201109,258.587365404,410.718868621
2023-06-05,327.5659296975,124.814921323,125.3,129.2958311789,144.355721687,134.0540579314,94.6266318158,212.223563284,66.8437551924,257.4280283687,409.9318302207
2023-06-06,325.3622653494,126.1025921247,126.61,129.5282271656,144.2280700888,132.7221517782,95.3995343076,216.2396607417,66.6530066045,256.2502891582,410.824446943
2023-06-07,315.3190163291,121.3382101584,121.23,130.783165494,144.5380811131,133.0069041282,97.5384970174,224.7011297323,67.3705846259,259.8571154903,409.4039386107
2023-06-08,317.1521530434,120.981624398,124.25,130.8203488518,146.12460812,134.5133359153,97.232930916,223.6517931044,68.0336630509,260.7404198982,411.8802301629
2023-06-09,318.6440143057,121.0707708381,123.43,131.080632357,145.8966588374,134.6235626314,96.5139518539,224.20507969,67.279751965,256.3330989464,412.6192784169
2023-06-12,323.577882271,122.4673983999,126.57,131.0713365175,145.7963611531,133.5672232685,95.6421897411,226.9428943465,67.1980025701,256.6459359242,416.3625098331
2023-06-13,325.9570597088,122.6555964402,126.66,132.0195121434,146.5622707426,133.2457286798,95.6601642176,234.1356199596,67.5340834157,262.0929797727,419.107546205
2023-06-14,328.9310315061,122.49711388,126.42,131.5268326515,147.3099443896,134.4949647959,94.5097977182,232.1132620949,66.6711731366,265.7642137179,419.6066437272
2023-06-15,339.4228139778,123.9036466018,127.11,133.0141669666,149.2885441626,136.3596334104,95.1658661124,236.2629114871,67.5431666818,267.5308225337,424.8087755927
2023-06-16,333.796644381,122.3584416398,125.49,133.1721962376,149.7444427278,137.3608594153,94.4828360034,233.9734497535,68.6604084114,269.7482846409,423.3675038437
2023-06-20,329.6233331376,121.9325197592,125.78,132.4935999563,149.6532630147,136.0932521798,92.3169115787,230.0432071107,67.9064973255,266.1874637467,421.1709946989
2023-06-21,325.2452566229,119.4067039559,124.83,132.2983873275,149.4253137321,137.2690038185,93.3504439805,230.3580080991,68.8329904672,266.0402463454,419.0130208023
2023-06-22,331.2419538535,121.9820455593,130.15,129.7513273129,151.011840739,137.737467362,92.8381713987,226.4086866086,68.2425781711,265.0005234486,420.5255292924
2023-06-23,326.6688627947,121.1797275982,129.33,129.0727310316,150.8841891408,136.3688189701,92.0293199538,223.6422536805,67.3705846259,263.3903331218,417.3463713197
2023-06-26,320.4088959296,117.2176635931,127.33,129.3887895736,149.1973644495,136.5066023653,93.7279079881,226.0366490769,67.4795838191,263.5099472603,415.6411865888
2023-06-27,326.2300800705,117.207758433,129.18,129.398085413,148.8873534252,137.8017662798,93.9615761833,229.6043936118,67.1344197075,268.1288932265,420.1979796831
2023-06-28,327.4781731527,119.0402130354,129.04,128.8310392054,148.5864603721,137.7742096008,94.7254914368,230.7300456308,66.707506201,268.0460834383,420.4099235479
2023-06-29,326.6981149763,117.970455754,127.9,133.3302255086,149.6259091008,137.2138904604,95.8938324128,232.9908890928,66.135260437,271.2020564789,422.0669392185
2023-06-30,332.0512642114,118.5647653548,130.36,135.1986892419,150.920661026,139.3816825443,96.388130518,234.7175248169,67.3978344242,277.2103666699,427.0476200424
2023-07-03,329.5648287744,118.7628685551,130.22,136.2863024598,148.942061253,140.0797850798,96.5768625218,235.9385710749,67.5613332139,274.933674846,427.5389444564
2023-07-05,329.7208404096,120.5953231575,130.38,135.3846060313,148.4496908026,139.8409605282,96.0825644166,233.5537151023,68.0790793814,266.5117660666,426.9031128618
2023-07-06,332.7630672973,118.9708769153,128.36,134.0461105485,147.3464162748,139.6113215362,92.4966563442,229.499459949,66.326009025,266.3914530841,423.5601800845
2023-07-07,328.8140227797,118.3468518345,129.78,135.1038027831,145.2036930183,136.6811279992,92.7123500628,233.8875949385,65.4449322138,265.4659686028,422.4908269482
2023-07-10,323.5583808166,115.3455883506,127.13,135.8619715531,145.4407602722,136.7362413572,94.0873975192,237.3504058106,65.1361011666,268.4090092532,423.5601800845
2023-07-11,324.1824273577,116.0290443915,128.78,137.9867161306,144.6383787975,136.0197677024,95.2377640186,241.2043330622,65.5720979392,267.1410955139,426.2576474553
2023-07-12,328.7945213252,117.8020680338,130.8,138.6700040344,144.1368903757,136.7270557975,95.705100409,241.919789854,66.7347559993,272.3238086089,429.687284541
2023-07-13,334.1184183787,123.3588628011,134.3,139.3439318299,144.8025022809,136.8189113943,93.952588945,244.0756996531,66.9527543856,276.6735856708,433.0976540026
2023-07-14,336.6341059974,124.2305168822,134.68,140.1863415743,145.7690072392,137.8293229588,90.7171831654,243.8467534798,66.4895078147,276.3774306368,432.8279072655
2023-07-17,337.1118916304,123.4678195612,133.56,143.5653406601,145.0395695348,136.855653633,91.1126216496,245.6020074756,65.9990114456,276.9789955496,434.3307819435
2023-07-18,350.5288922634,122.5862603201,132.83,143.8274236917,145.0304515635,137.112849304,90.6992086889,251.6595416458,65.4449322138,276.0350013787,437.5581089764
2023-07-19,346.2288215663,120.8726676378,135.36,144.3796700797,144.7386764818,138.0497763911,91.3283153682,251.8884878192,65.4903485443,276.3404112575,438.5311239923
2023-07-20,338.2234745317,118.0695073542,129.96,146.1580906512,153.528400819,139.1618721012,92.9370310198,250.2971086002,67.3070017633,278.885493581,435.6217127567
2023-07-21,335.2007490984,118.8817304752,130.0,145.0348776586,155.178753625,141.3524515173,93.368418457,246.9993107007,68.9419896604,280.1811718547,435.6217127567
2023-07-24,336.5073465438,120.3774096372,128.8,147.8897106813,155.9902530711,141.8053561223,94.8333382962,248.6482096505,68.5786590166,279.5888617867,437.5677427885
2023-07-25,342.2310234126,121.0509605181,129.13,146.7852179053,157.1847073119,142.1381023627,94.9771341086,251.2270109149,68.52415942,283.0594285914,438.7623354812
2023-07-26,329.3503127759,128.0440034872,128.15,147.6650680828,157.485600365,142.2859895806,94.4468870503,247.6416143614,67.5522499478,280.4310526647,438.8297721655
2023-07-27,322.4760500969,128.1727705674,128.25,146.0364092436,158.3700435815,140.5945295252,94.7434659134,247.6224411178,66.5530906774,280.3199945269,435.9203609299
2023-07-28,329.9353564081,131.3226114515,132.21,146.8694588798,159.0903633145,144.5689985079,93.6110738905,249.6643915614,66.1715935014,280.8197561468,440.1881396629
2023-07-31,327.5464282431,131.4612836917,133.68,147.8522702482,152.7533732581,144.4673260456,96.3791432797,254.208450295,66.5803404757,282.5781766612,441.0262813103
2023-08-01,327.9559587857,130.3023799701,131.69,147.1221818031,153.9934173555,144.42111129,95.8219345066,276.7178382836,65.553931407,279.8757619759,439.7642519332
2023-08-02,319.3363159372,127.162444246,128.21,145.4560825308,154.9234504285,144.7353716281,94.6266318158,275.6824831291,65.3177664885,277.0160149289,433.6467812888
2023-08-03,318.517254852,127.2317803661,128.91,146.3452928166,155.5890623337,145.1143326241,96.2712964204,269.8154705869,63.6736953253,260.8200365069,432.4040195358
2023-08-04,319.6093362989,126.8950049257,139.57,146.0364092436,154.1301869251,143.5245450311,96.5409135687,265.0125730646,62.8289515785,263.235551003,430.448355692
2023-08-07,321.8812557375,130.2825696501,142.22,146.7290572557,157.8320832745,145.0403890152,96.3431943266,270.0072030229,62.3475384755,265.8916914642,434.205542387
2023-08-08,317.9224604926,130.1538025699,139.94,145.9053677278,157.905027045,145.1975191842,96.8195179553,271.1959441262,62.4111213381,262.4118698147,432.3173152275
2023-08-09,314.1976827006,128.4303047277,137.85,143.9491050992,157.8047293606,145.0126601618,98.46418256,272.7681501016,62.6018699261,264.1332709498,429.4271716159
2023-08-10,314.8802336049,128.4600202077,138.56,143.733822609,156.9841119433,144.2917099742,98.9674679035,272.0874999537,62.0296241621,264.9754618277,429.5813126086
2023-08-11,313.0080939817,128.3312531276,138.41,144.5668722451,158.5159311224,145.1328185264,100.5042856488,273.4296270058,62.6018699261,267.2706633412,429.3308334956
2023-08-14,315.9625643245,130.0844664499,140.57,144.8663957098,158.1420942989,143.9959355383,100.5851707933,272.7777367234,62.2748723467,269.0661032349,431.700751257
2023-08-15,313.836905794,128.5491666479,137.67,141.178513051,157.6861957337,143.0716404261,98.0238078844,265.9041288921,61.1757971492,263.8926449847,426.6719013729
2023-08-16,313.0763490721,127.4794093665,135.07,140.5794661217,157.1847073119,141.6112541487,96.3743688094,263.1623550571,61.3665457372,264.6145228801,423.5409124604
2023-08-17,309.6368086578,128.687838888,133.98,139.1192892314,158.6618186632,140.5945295252,98.2413163338,263.7950720959,61.3211294067,263.3003349167,420.3135854275
2023-08-18,309.2459517926,126.2511695249,133.22,139.4375329126,157.275887025,140.9919764235,99.7276240717,262.4817049092,61.6117939218,263.5964899507,420.5158954803
2023-08-21,314.5225194735,127.152539086,134.68,139.9148984344,152.5892497747,140.280269187,98.5222647477,261.4751096201,60.9305489647,263.9574288984,423.2518980993
2023-08-22,315.0892619282,127.8558054469,134.25,137.0132648704,151.3765595912,140.3357268938,97.969430772,259.0305210609,61.3302126728,263.827861071,422.1054744667
2023-08-23,319.5254873489,131.1146030912,135.52,137.9399155893,150.0179818669,141.6482259532,97.1084598263,261.7435350305,61.6662935183,264.4571905182,426.8067747415
2023-08-24,312.6561779419,128.5491666479,131.84,137.8088740735,150.5285882599,140.9919764235,96.3834316615,258.1677250988,61.05771469,265.2716168617,420.8916141498
2023-08-25,315.597375853,128.648218248,133.26,137.6403921246,152.6713115164,141.9162715357,98.1053735529,261.2929638059,61.729876381,266.8171759454,423.8588282577
2023-08-28,316.3009182105,129.7675013294,133.14,138.1177576464,150.8713971069,142.1381023627,98.9300930904,263.4307804675,61.7843759776,268.2609317362,426.5466618164
2023-08-29,320.9032577989,133.293738294,134.91,139.2409706389,150.8897635805,142.2212889228,99.5191784743,268.4541702912,61.7457720967,271.777772765,432.7123015211
2023-08-30,321.2745718209,134.5913142557,135.07,138.6793641427,150.3571358471,142.3784190919,100.4889036448,270.6590933054,61.3616330909,273.4991739001,434.4945567482
2023-08-31,320.2681153928,134.8785638961,138.01,136.9664643291,148.4745723066,142.6557076255,100.7698520587,269.5086986893,61.0963942536,273.4714093656,433.8587251536
2023-09-01,321.1475433397,134.3734007355,138.12,137.4251096343,147.3725838926,142.8128377946,102.8814965887,274.4170490513,61.1604174212,275.8128851032,434.6679653649
2023-09-05,325.9257685175,134.4823574956,137.27,135.9087720945,147.5562486283,140.8995469123,102.8905594408,269.9880297793,60.5476242453,270.889307663,432.7893720174
2023-09-06,325.2710832682,133.1847815339,135.36,135.6841294959,145.1043244073,140.6222583786,103.7787189427,271.205530748,60.0811697383,271.4908725758,429.8799607817
2023-09-07,322.3689710436,133.9771943349,137.85,134.5234760703,146.9593382374,141.9624862914,103.2711992273,269.7962973433,60.5933550793,270.343271819,428.5601285325
2023-09-08,326.6293108749,135.0865722564,138.23,134.6264372613,147.4460497869,141.3524515173,104.7756326693,270.6111601964,61.123832754,276.266372499,429.205593939
2023-09-11,330.2154226137,135.6214508971,143.1,135.2161240824,149.3745295113,143.0346686216,103.4615191206,270.3906678949,61.7640644303,280.2367009236,432.0283008663
2023-09-12,324.1864554671,134.056435615,141.23,136.9758244373,150.2193872954,140.5205859162,106.4794488567,270.1605889717,61.9469877664,279.625881166,429.6583831049
2023-09-13,328.378395347,135.4134425368,144.85,137.0413451952,150.5959000035,141.5003387352,105.5278493903,264.514068731,62.5872194427,280.5421108024,430.1593413309
2023-09-14,330.9580506577,136.7902597786,144.72,139.6996159442,150.3663190839,143.0531545238,107.4129226189,270.8795856068,63.3646436211,283.2907997118,433.8683589657
2023-09-15,322.6718851142,136.0968985777,140.39,139.2877711803,148.2633578606,141.8515708779,105.7634835439,267.6105475727,62.7792889456,279.5981166315,428.6595196079
2023-09-18,321.5384002049,136.8992165388,139.98,139.5779345367,149.2000480124,142.387662043,106.6153916376,269.326552875,62.4134422734,277.2103666699,428.9108931223
2023-09-19,321.137771918,136.7308288185,137.63,139.4000924795,148.9521006193,141.9717292425,106.3344432237,268.1090519063,61.8189414311,276.9327213255,428.0214176097
2023-09-20,313.4378916725,132.471610013,135.29,138.8104056585,149.6041104309,141.8515708779,105.4915979821,267.0928699954,61.5994334278,272.8513347632,424.0864552875
2023-09-21,312.2262353902,129.2029072087,129.33,137.724633099,148.456205833,140.6222583786,104.0052902442,260.7848728504,61.1970020884,265.6788300335,417.0770015194
2023-09-22,309.763837139,129.0147091685,129.12,136.4048578328,147.3909503662,140.1046531157,104.1684215813,261.7722948959,61.919549266,265.2808717066,416.1391849463
2023-09-25,310.2817224855,129.8665529296,131.27,137.0787856283,147.1705526834,139.2543016124,105.3375294971,262.9322761338,61.7091874295,268.0295606159,417.8891313353
2023-09-26,305.0051548045,127.3456897063,125.98,135.6560491711,146.0318313223,138.015746162,105.5006608342,258.3786307784,59.7610539001,265.3364007754,411.7498166556
2023-09-27,305.6402972105,129.3019588088,125.98,136.4516583742,144.2778330968,136.1856418398,108.935481765,261.4367631329,54.8404161593,264.0037031224,411.9141762612
2023-09-28,306.4708680492,131.0551721311,125.98,138.1458379712,144.0666186508,135.2613467275,108.2738935646,264.8208406286,52.2063201197,265.4937331372,414.3022246484
2023-09-29,308.5326380135,129.6189239293,127.12,135.7402901456,143.0289128943,134.8176850736,106.5610145252,261.7147751651,52.3983896226,263.9018998295,413.2967305907
2023-10-02,314.4443481005,132.8975318935,129.46,134.5702766117,142.4779186873,134.1984073484,104.7937583734,260.4876875746,47.6972598851,259.8791185759,413.1323709851
2023-10-03,306.2265825084,131.1740340513,124.72,133.578105135,142.6524001862,134.4756958821,104.9750154147,257.8513665793,48.2734683938,262.402668853,407.6021536673
2023-10-04,311.6643786463,133.9573840149,127.0,134.1771520643,142.8176984483,134.919357536,101.0508004725,254.0742375898,46.297896364,265.2800748886,410.5702947802
2023-10-05,312.0601212224,133.7889962947,125.96,134.7387585606,144.3053828071,132.9136371424,98.7760246054,250.019096568,45.2277948479,260.60545408,410.4156033867
2023-10-06,319.7795443113,136.2751914579,127.96,136.813113136,144.7645446463,133.1816827249,97.1265855304,255.0424863917,45.9503420254,261.7228933171,415.288382282
2023-10-09,322.2810282489,137.107224899,128.26,136.5019599497,145.5910359568,132.506947293,100.525155053,260.085049459,45.1088946794,264.7120432764,417.9471406078
2023-10-10,320.8837149556,136.7506391386,129.48,137.3317017799,145.4257376947,133.8194463524,100.0992010062,261.9160942229,47.1759283772,268.1016089623,420.122488329
2023-10-11,324.8215978731,139.2170239818,131.83,137.8031460016,143.423792076,132.1742010526,96.5103115903,261.5518025945,48.9685770709,270.8765830677,421.8434300817
2023-10-12,323.5903987475,137.6520086997,132.33,137.4825639308,143.5615406277,132.4699754885,96.4921858862,258.4649103746,48.4746840635,266.1274663101,419.2716856647
2023-10-13,320.238801128,136.0572779377,129.79,139.5474896219,144.0390689404,133.7362597923,99.5735555867,256.8639445338,49.8374629173,265.8201705198,417.1833518524
2023-10-16,325.036569149,137.7758231999,132.55,139.4060563554,144.6635290417,135.0117870472,99.6460584032,259.5961317471,49.7368550825,267.3659614645,421.5727201431
2023-10-17,324.4698266944,138.3948957007,131.47,139.1043320535,143.3411429449,135.1874031185,100.9511090999,261.3792434021,49.5447855796,270.8858950614,421.5533837189
2023-10-18,322.5643994762,136.6515875384,128.13,137.5768527752,140.2555753859,138.6719956917,102.3649140213,248.5044103234,48.6941920668,263.8832758422,415.9361524923
2023-10-19,323.7467414936,136.4435791782,128.4,136.9922619403,139.8790626778,137.896234804,102.4283539857,242.4360787235,47.9167678884,261.3038536032,412.2815683208
2023-10-20,319.203030435,134.3139697754,125.17,134.7859029827,140.503522779,137.710202784,100.670160686,240.144876113,47.5234827158,259.4042069001,407.2154251836
2023-10-23,321.7924571674,135.2054341765,126.56,132.9472705181,139.025021657,137.803218794,99.1929158002,238.3331892467,47.1210513764,255.7725293796,406.5096457007
2023-10-24,322.9747991848,137.4935261395,128.56,133.1075615535,138.8780898684,139.4309989688,98.2322534818,240.4821582424,50.413671426,258.1657117457,409.5744689345
2023-10-25,332.8830207191,124.4187149225,121.39,132.3815374521,139.190319919,140.0821110387,98.413510523,236.039670767,51.6392577778,255.5956015003,403.6961959814
2023-10-26,320.3951438741,121.1202966382,119.57,132.7209772917,136.8302280658,139.3379829588,97.516288169,233.6208760678,52.6544822931,258.5568154787,398.8620899344
2023-10-27,322.2712568273,121.011339878,127.74,127.9405328837,133.7079275596,136.8823602952,95.6584034967,229.8914993801,51.4380421081,257.1507044386,397.0541342729
2023-10-30,329.5998230509,123.279621521,132.71,129.5717298908,135.0211304196,138.8356965049,95.9574776146,233.3606869965,52.3160741213,261.387661546,401.801226411
2023-10-31,330.3815367814,122.9032254405,133.09,131.118066938,136.2241344382,139.5519197818,95.9302890585,217.8360724131,53.3221524698,263.0079484398,404.3246297675
2023-11-01,338.1595884001,125.2507483635,137.0,131.0049203248,136.5455477256,139.1612525398,95.7399691652,223.4060458639,53.4410526383,263.9112118231,408.6366523614
2023-11-02,340.3581582671,126.2808850049,138.07,133.3432836644,137.9689494269,140.8634455226,98.8847788301,230.4311507871,54.7946853253,269.6939598751,416.4679041575
2023-11-03,344.735755158,127.875615767,138.6,134.8330474049,138.979105473,139.5891261857,97.6794195061,232.0019218468,54.3099384847,273.0276535992,420.2675115104
2023-11-06,348.3804954266,129.0147091685,139.74,135.8513669238,139.3097019972,140.3983654726,95.9484147626,229.6216736766,53.9989688133,271.2583748071,421.2343327198
2023-11-07,352.2890640792,129.7278806894,142.71,135.7853647327,138.5750430546,140.0728094377,94.4439813206,226.3837652347,53.4684911387,236.952990228,422.4331910194
2023-11-08,354.8980336548,130.5896296105,142.08,136.4548155276,138.0699650315,139.5333165798,93.2839362568,226.287398912,52.5904591254,242.0466507505,422.7425738064
2023-11-09,352.4454068253,129.0048040084,140.6,136.0493734969,135.3792766541,139.8495710137,93.311124813,225.64174455,50.0478247538,245.8273201693,419.4457134824
2023-11-10,361.2201434503,131.3325166115,143.56,138.0671547658,135.2231616288,140.8355407196,94.0270901258,230.9708021941,50.4319637596,247.1961832348,425.99109307
2023-11-13,358.2984883825,130.8372586108,142.59,137.4542772775,135.5721246266,141.8122088244,95.0149410004,232.8884920154,49.8466090841,246.7957675081,425.585028162
2023-11-14,361.8064287482,132.3527480928,145.8,139.962360537,135.5996743369,141.4959543905,95.3774550828,238.8535673892,52.6361899595,249.9432213593,433.8416812902
2023-11-15,361.9530000727,133.3432640941,143.2,141.1881155134,136.6465633302,140.8448423206,94.8012944087,241.9661996117,52.1331507852,254.7947700471,434.7601614392
2023-11-16,368.3173101343,135.6313560571,142.83,142.8004547516,137.840384112,142.1563680614,93.7038455056,239.1908495185,51.767304113,254.7761460598,435.2919131043
2023-11-17,362.1292425051,134.026720135,145.18,144.092211919,137.5557037717,140.5192862856,95.990197387,243.8742528007,52.471558957,251.4145163548,435.8333329816
2023-11-20,369.5607984078,134.9578051762,146.13,144.5353694874,138.7587077902,139.7751582057,95.5695086408,241.3494551465,52.4441204566,253.4259069816,439.1882025782
2023-11-21,365.2820237972,135.6709766972,143.9,144.2336451855,139.8787000284,139.1612525398,95.5329270107,240.3472453907,53.0294751321,257.3276323179,438.2310495809
2023-11-22,369.962239504,137.1765610191,146.71,144.5730850251,139.6010160024,140.4727782806,95.1213836721,237.0707904196,52.9906039231,255.4000496339,439.9229866973
2023-11-24,369.5510071616,135.3936322168,146.74,144.7710915983,141.156046548,140.8076359166,95.6335264935,238.3717357758,53.0643684666,255.6142254876,440.1936966359
2023-11-27,370.7063742189,135.1162877364,147.73,144.4410806431,140.0267981756,140.6774135026,95.0756566344,238.4006456726,53.0920301704,252.9789312868,439.4009032442
2023-11-28,374.7109939346,135.8987953775,147.03,144.7710915983,140.3507628726,141.6540816074,95.0207841893,238.5066486275,53.6268231107,249.9339093657,439.8359727885
2023-11-29,370.9413641289,133.7097550146,146.32,145.5065445841,140.7950573142,140.5750958916,93.5941006153,240.3857919197,53.8112344694,248.1460065863,439.5265900015
2023-11-30,371.0001116064,131.2730856514,146.09,147.1660282445,143.1553715352,142.7981785303,93.9599169163,241.6096442177,53.9495429884,251.9359879988,441.2571999663
2023-12-01,366.691963257,130.6094399305,147.03,147.8826234615,146.5986534575,141.9982408444,94.1885521045,247.4301701075,54.5581004721,253.8821946701,443.8676172316
2023-12-04,361.4340640215,128.0440034872,144.84,148.9669451714,147.0614601675,141.4401447845,93.676409283,245.4932070217,54.0970720754,251.5635082531,441.537578117
2023-12-05,364.7435052535,129.7476910094,146.88,148.9480874025,146.7560077389,136.5102962552,91.8564731855,245.9172188414,53.6913670862,243.9928574217,441.4505642081
2023-12-06,361.101161649,128.7868904882,144.52,147.3828925865,144.9695738384,136.4079786442,90.6401339846,246.6688761583,55.5078189694,243.3037698922,439.6716131829
2023-12-07,363.2062795925,135.6313560571,146.88,147.8354790393,143.840325466,136.2684546293,90.0091008653,248.0565512049,55.1850990917,243.9835454281,443.0264827794
2023-12-08,366.417808362,133.7097550146,147.42,149.4666760463,142.9332243144,135.0127384944,91.0425319157,250.0706073489,55.0467905727,245.1568566271,444.9311205619
2023-12-11,363.5489732112,132.0258778124,145.89,150.0135513435,143.5256169032,135.6359457614,91.1065497684,251.4390091309,55.0560111406,246.3581038069,446.6617305268
2023-12-12,366.5646770558,131.2631804914,147.48,151.3524529331,143.5348730374,135.7475649733,89.6707207869,251.9304773765,54.8808203498,248.9468380396,448.7017232786
2023-12-13,366.5548858095,131.3127062915,148.84,151.8616126926,144.2013146998,138.203187637,90.4663712416,258.2328348797,57.6377701624,250.7906127808,454.8893790187
2023-12-14,358.2910739757,130.6886812106,147.42,154.6242758317,145.2009771934,134.5569600455,92.8990496434,274.8078423802,57.8867254967,252.1780998335,456.3492790449
2023-12-15,362.990872175,131.3424217715,149.97,155.7934575015,143.6181782452,133.9058479756,92.2771619317,275.3571304195,56.706492801,252.2246598017,455.6010300067
2023-12-18,364.8707914548,134.5120729756,154.07,156.7363459449,143.8773500028,135.9615017963,92.9630674961,275.3282205227,56.2454644042,252.5412675856,458.163804002
2023-12-19,365.4680574759,135.3540115767,153.79,158.8295582892,144.8214756912,135.9615017963,94.1885521045,282.3147789168,56.7710367765,253.7704507464,460.9498499742
2023-12-20,362.8831684663,137.0279836189,152.12,157.0380702468,141.8687688814,133.8593399706,92.6155420101,279.1828734298,55.1758785238,249.7011095246,454.5623299405
2023-12-21,365.7422123709,139.0882569016,153.84,157.933814268,143.3219819508,134.1848960056,93.0362307563,279.5297921915,54.9545848933,253.0441152423,458.8724498417
2023-12-22,366.7605019807,140.148109023,153.42,157.8395254237,143.8958622712,135.1336593074,93.2008480917,279.8092545272,55.0928934123,254.068434543,459.7946601809
2023-12-26,366.8388319507,140.177824503,153.41,158.7729849826,144.5252793968,135.7475649733,93.4111924648,284.8877597323,55.5170395374,255.9587692524,461.7361556319
2023-12-27,366.2611484221,139.0387311016,153.34,159.7253023104,144.719658215,135.8591841853,92.9722129036,287.287281167,55.858200551,256.7223527311,462.5709986758
2023-12-28,367.4458892181,138.9000588614,153.38,160.5739019095,144.9325493016,135.5522313524,91.6278379974,286.0923387658,56.2639055401,255.3628016593,462.7457332664
2023-12-29,368.190023933,138.3651802207,151.94,160.3853242208,145.0806474488,136.3056610332,91.4357844393,284.9263062614,56.0057296379,256.5919848201,461.4061014052
2024-01-02,363.1279496225,136.8595958987,149.93,162.2522433387,148.0703787953,138.3520132529,93.6123914304,282.0738631101,56.7710367765,256.2827249407,458.8239124554
2024-01-03,362.8635859738,137.6024828997,148.47,161.5450770062,148.9959922153,137.5148691631,94.3988964776,273.9694553729,57.1583006298,253.8367604396,455.076826235
2024-01-04,360.2591144717,135.0964774164,144.57,162.6105409472,148.6812836525,138.2682988439,93.5758098003,275.7040491811,56.983109839,253.2650982382,453.6109971695
2024-01-05,360.0730807929,134.4427368555,145.24,163.4263922115,149.1440903625,137.1242019211,93.8593174336,278.4312161129,57.2412857412,253.1713831233,454.2322757138
2024-01-08,366.8682056895,137.5232416196,149.1,163.1892261463,149.5143357305,138.3055052479,92.2954527467,281.6305780258,58.0158134478,255.6923197163,460.7168705201
2024-01-09,367.9452427768,139.6132303823,151.37,161.8990427516,149.6068970725,138.8729029089,91.152276806,281.6691245549,57.1767417657,251.2408517546,460.0179321577
2024-01-10,374.7795326584,140.930616664,153.73,162.2405618855,149.8290442933,139.4682053728,90.2560268685,282.6906075753,57.4256970999,250.1818709553,462.6195360621
2024-01-11,376.6007044606,140.7325134638,155.18,161.5575236177,149.1626026309,139.9983966297,90.2377360535,281.4474820127,55.9872885021,247.9608227303,462.4156790397
2024-01-12,380.3605430201,141.2971075845,154.62,160.3716932917,150.3103632717,140.0821110387,91.4083482167,279.8574376886,56.282346676,247.5297332014,462.7360257891
2024-01-16,382.1229673448,141.1386250243,153.16,159.3661091752,148.5794661763,139.3286813578,89.341486116,276.7929886274,55.6461274885,244.08101697,461.0372172695
2024-01-17,381.3396676449,140.128298703,151.71,158.5123113405,148.4961609685,139.4682053728,88.6921621817,268.5054848771,53.7282493579,243.7905001136,458.4744432742
2024-01-18,385.6478159943,142.1192358656,153.5,158.8253705465,149.2181394361,138.668918799,88.5275448462,271.6566636287,53.156574146,243.6874134871,462.5515837213
2024-01-19,390.3476141937,144.9917322693,155.34,161.5670102603,149.6531777435,138.1353607882,88.6647259591,276.16660753,52.7969719965,244.2590756885,468.3178252107
2024-01-22,388.232705004,144.6054310288,154.78,161.3772774082,150.3844123453,138.406820127,88.5458356613,279.4483125199,52.4189287112,244.5308495219,469.3079878907
2024-01-23,390.5728128574,145.6454728302,156.02,160.314773436,147.9222806481,144.1355482426,89.5426850816,279.603201251,52.9076188117,246.695668678,470.6767421837
2024-01-24,394.1564089844,147.2897293923,156.87,161.7472564699,147.1355092411,142.3944642075,91.0882589534,281.3941022042,52.5664577981,240.9977896871,471.1912384782
2024-01-25,396.4181868678,150.4296651164,157.75,164.0619972663,147.6908772931,145.670697607,93.4020470573,291.1617728085,53.4608528878,247.0799006494,473.7540124735
2024-01-26,395.4978097204,150.7416776568,159.12,163.4358788541,147.6353404879,146.1574522834,94.197697512,289.8645796856,53.9218812846,245.4398861373,473.1521488837
2024-01-29,401.1669412984,152.0541113585,161.26,163.8627777715,147.5057546091,146.1761736172,94.3165878098,293.5625481403,54.9269231895,244.7182797519,476.8992351041
2024-01-30,400.0605304723,150.0235535559,159.0,167.2210492548,146.9596426913,147.421142309,95.8895979042,295.02431054,54.6595267194,242.9845501247,476.5303509684
2024-01-31,389.2803683526,138.7712917812,155.2,165.4091005166,147.0799724359,147.093518969,94.023934769,290.7164677066,54.0601898036,239.6389205199,468.7546616872
2024-02-01,395.3509410267,139.8212387426,159.28,164.8114420323,146.5801411891,149.0030950075,93.6398276529,297.860710428,55.0928934123,243.2469524467,474.8897873123
2024-02-02,402.6356282357,141.0296682642,171.81,165.7601062931,144.9603177042,147.9827823203,93.2557205369,305.0243142408,53.6176025427,241.9443123484,479.8891380986
2024-02-05,397.1819040752,142.3173390658,170.31,165.5419135132,144.210570834,148.0951103226,92.8716134208,311.1327385731,51.6075187329,204.3176936833,478.1417921927
2024-02-06,397.0252441352,142.7333557864,169.15,166.1111120696,146.3024571631,148.7971603367,93.5117919476,312.4105706046,51.8472534992,204.3458082178,479.5299614402
2024-02-07,405.406550924,144.1596988282,170.53,166.4241712757,146.2284080895,148.9469310064,93.484355725,313.2527780799,51.9855620182,201.8436146477,483.5294420692
2024-02-08,405.4652984015,144.5261897487,169.84,165.8265127914,144.765938886,148.4976189973,95.084802042,311.7135713147,51.9025769068,206.0889093564,483.7430065689
2024-02-09,411.7708609856,147.5868841927,174.45,166.0257322862,145.0991597172,147.355617641,93.0728123864,307.0281871993,52.1699733769,206.0233087759,486.5387600183
2024-02-12,406.5912917201,146.1308256708,172.34,166.7656904096,146.1080783449,147.0654369684,94.3531694399,311.3553911241,53.0643684666,208.6004744379,486.3251955187
2024-02-13,397.8379175739,143.7634924277,168.64,165.3142340906,144.8307318254,146.2791409526,93.5483735777,302.8461914599,50.9436378415,203.9334617118,479.6270362128
2024-02-14,401.6760861033,144.5559052288,170.98,166.9933698322,144.1550340288,145.6800582738,93.0868165737,306.5925626431,51.6444010046,203.3711710219,483.9856935002
2024-02-15,398.8019965473,141.4159695047,169.8,170.6362405938,146.1728712843,146.9718302999,95.754616057,312.7493897039,52.8061925644,212.6864534511,487.3250656759
2024-02-16,396.3497017043,139.1873085017,169.51,169.8393626147,146.0062608687,147.4398636427,95.754616057,311.6264464035,52.584898934,212.5927383362,484.8981963622
2024-02-20,395.1039359241,139.7816181025,167.08,170.5034275972,147.2280315601,148.3759303282,94.8499643291,303.7174405723,52.1976350807,213.7548057619,482.2286401171
2024-02-21,394.5055759824,141.1980559844,168.59,171.6133647824,147.992804054,150.1450963639,96.788503746,307.0088261079,52.6494429095,213.7641772734,482.6654765936
2024-02-22,403.7948688477,142.7234506264,174.58,173.6719662284,149.6435934614,150.2948670336,96.7054234853,311.8006962259,52.2529584883,216.9504911828,492.6544706889
2024-02-23,402.5098663499,142.5946835462,174.99,174.5447373483,150.9399761035,150.7348183758,95.8561585979,313.533513905,52.3543847356,218.1594161661,492.9942323928
2024-02-26,399.7632961258,136.2652862979,174.73,173.947078864,149.9606942516,149.9766043605,96.2346353412,314.9855957589,51.3262914109,214.9449877222,491.1886416234
2024-02-27,399.7044410495,137.5628622596,173.54,174.0324586475,150.1378976343,149.1154230098,96.0315502594,317.1637185399,51.7078649281,217.1660359473,492.1011444854
2024-02-28,399.9398613545,135.0865722564,173.16,174.9147164101,150.6695077825,149.817473024,96.2992533217,319.0320638586,51.2239180282,217.8032987291,491.4507435093
2024-02-29,405.7468955427,137.1468455391,176.76,176.5084723682,150.5109573874,148.778439003,96.4838761234,323.2915039635,51.3635180955,219.3308551033,493.2175043697
2024-03-01,407.5714029059,135.8393644174,178.22,175.7780008874,151.2011179306,148.6941930013,97.702386614,325.9439734834,51.3821314378,221.167671357,497.8479710203
2024-03-04,407.0024705023,132.0853087725,177.58,177.0966442099,149.074677338,149.3588003481,96.3361778821,327.8316798936,51.1587713301,223.426205628,497.3140597713
2024-03-05,394.9666074129,131.4117578916,174.12,178.8706463777,149.1959217577,149.1341443435,97.5177638124,322.8752404987,51.5589581897,224.5226724733,492.3438314167
2024-03-06,394.417293368,130.1538025699,173.51,179.8003373533,148.6083526466,149.3681610149,98.5608826415,324.9081550943,51.6799449147,227.8214445207,494.8386530713
2024-03-07,401.3327648253,133.1055402538,176.82,178.2255546803,148.1700074367,150.3510310348,99.1147510463,329.3515255674,52.3500252377,229.7613474008,499.7506365623
2024-03-08,398.4684844487,134.1257717351,175.35,178.5575871716,148.7762295355,150.0982930297,100.0470961945,328.354429361,53.8018659376,226.4250893075,496.7510260905
2024-03-11,396.8009239554,136.3643378981,171.96,178.6239936699,150.37105998,151.2215730523,100.6378891597,324.2692390785,53.8577059646,232.3572560858,496.3238970913
2024-03-12,407.3556009597,137.1864661791,175.39,180.0944232741,151.7793605479,151.5772783928,99.991709354,326.4667229508,53.1876256415,229.4802020559,501.6630095815
2024-03-13,407.179035731,138.4642318208,176.555,181.5553662358,150.2498155602,151.9236230665,101.1086773038,330.6099965075,55.4119200472,231.7481078384,500.8767039238
2024-03-14,417.1059252554,141.7428397851,178.75,178.3204211064,148.4871082268,151.174769718,102.8995184794,330.9972183352,55.4119200472,229.7332328663,499.8865412438
2024-03-15,408.4738474081,139.8410490626,174.42,180.5308088341,147.5264793626,151.0624417158,102.7148956778,335.8858939101,55.9144802895,229.2552857799,496.4645943544
2024-03-18,409.3566735516,146.279403071,174.48,182.7696564897,146.2021172391,150.9033103792,103.6657031061,340.6584029368,55.9982403298,230.1736939067,499.4151616432
2024-03-19,413.3686279147,145.6355676702,175.9,183.8416471044,145.6891600786,151.4836717243,104.3949631725,342.5945120754,57.0219741567,226.6218910489,502.1904477071
2024-03-20,417.1157344348,147.3293500324,178.15,186.2512543269,145.2694678564,151.633442394,104.3026517717,345.0630512271,57.887494574,223.9322672489,506.8354001717
2024-03-21,421.1767346948,146.2001617909,178.15,188.8411077589,145.2601413625,151.5117537249,104.7642087757,352.9139737841,57.1057341971,220.6897242706,508.5103096559
2024-03-22,420.5587563944,149.340097515,178.87,186.5263669625,144.7751636835,151.3245403877,104.7642087757,346.6700218121,57.4966143855,221.8330486734,507.5462629179
2024-03-25,414.7909589237,148.6467363141,179.71,184.818771293,144.7658371897,149.94852236,105.8350210251,344.5790239425,58.2690680913,222.6296271507,506.1440131172
2024-03-26,413.6040482196,149.2410459149,178.3,185.6820557704,145.2787943502,150.2855063668,105.0411429781,345.0049679529,57.1708808952,222.8826579612,505.2091799168
2024-03-27,413.3882462735,149.4391491151,179.83,189.2774933189,147.3212964984,152.213803739,106.1304175077,353.0010986954,59.3672552874,227.8214445207,509.4548807021
2024-03-28,412.6917945381,149.4985800752,180.38,190.0174514423,147.5358058564,151.8768197322,107.3027722979,354.7242358287,59.4789353412,228.7023666015,509.3575022438
2024-04-01,416.4683285963,154.0153330411,180.97,188.7272680476,147.1534196095,150.3135883673,107.995107804,352.1201690373,58.9856817701,229.7879641645,508.4713582725
2024-04-02,413.3980554528,153.0941531599,180.69,188.6513749067,147.1067871404,150.3042277005,110.1090388824,353.1753485178,58.5203482124,226.408451751,505.2383934543
2024-04-03,412.426946695,153.4507389204,182.41,188.1201229207,143.8704937823,146.1668129503,110.1275011626,363.7852265974,58.2132280643,226.1818922596,505.7934506671
2024-04-04,409.9059875964,149.1023736747,180.0,186.6971265294,142.2290308686,145.5115662704,110.515209046,357.9768991816,59.3114152604,223.8313375362,499.6196564058
2024-04-05,417.4002006366,151.0536901972,185.07,188.4147591783,142.1264394365,146.120009616,112.0383471593,367.1830981356,59.7302154623,225.3134142091,504.839141775
2024-04-08,416.487946955,153.3814028003,185.19,189.3976267496,141.3803199303,146.0638456149,111.2813936727,361.5393399966,60.3630691008,224.3222164342,505.1215393043
2024-04-09,418.1456982689,155.1148058025,185.67,188.1284870702,142.0331744982,146.6442069599,111.8629554978,360.0194943228,60.8470160008,226.2385321324,505.7058100545
2024-04-10,415.1833260985,154.6591684419,185.95,186.5253632646,140.0839372883,147.1871256376,112.804531786,360.1840635996,59.5720020527,222.6985400791,500.6421302188
2024-04-11,419.7642128653,157.8981557662,189.05,186.4871936501,138.7689016586,145.8766322778,112.4260550427,360.0969386883,59.5068553547,223.0194993586,504.4204144039
2024-04-12,413.8492777039,156.234088884,186.13,174.4255954936,137.5844369426,145.3992382681,111.1152331512,353.9497921733,58.7064816355,218.5638293608,497.4578546298
2024-04-15,405.7468955427,153.3913079603,183.62,174.5210195296,137.6497223993,145.5115662704,110.4782844857,352.2847383141,58.3993614874,218.2145501449,491.2256332936
2024-04-16,406.6689584037,152.9356705997,183.32,172.5266571762,134.7212033375,145.9795996132,109.5644016177,348.3834783998,57.4221610163,215.0049573499,490.3297514765
2024-04-17,403.9812432557,153.9955227211,181.28,171.8396041167,135.01965114,146.9250269656,109.5090147772,346.8733132717,59.3672552874,216.184954701,487.4278734168
2024-04-18,396.5556944711,154.5304013618,179.22,172.9560653384,135.9243210413,148.1760800909,109.4074722363,346.4957719897,59.5720020527,219.9703862034,486.4248752955
2024-04-19,391.5039670946,152.6286106393,174.63,177.2978589786,137.9481702018,148.9768281872,110.6629072873,344.5887044881,59.8418955162,218.6676691277,482.1791745101
2024-04-22,393.308856099,154.7978406821,177.23,180.74266668,139.0766759549,151.2377639887,111.2906248128,347.4549332093,60.7818693027,221.2353433637,486.6196322122
2024-04-23,399.7927236639,156.7590623647,179.54,183.3477428641,139.4870416834,152.1421383093,111.7244883966,352.9347738829,61.6101630353,220.6217447412,492.3941747941
2024-04-24,401.2542913903,157.6208112858,176.59,184.244728803,138.5264128191,153.1784005517,111.7429506767,353.1971066811,61.9452031968,221.5374226856,492.160466494
2024-04-25,391.4254936596,154.5204962018,173.67,184.5214585075,136.9315823746,153.1312977225,112.001422599,328.4017992359,62.2616300161,221.915021838,490.2908000931
2024-04-26,398.5665762424,170.3192264224,179.62,184.6359673508,136.2973807944,151.9443064267,108.8905283918,333.6290231409,61.4147229411,222.8590197189,494.9357525578
2024-04-29,394.574240238,164.5742336149,180.96,184.4355768751,136.9315823746,152.2928673628,110.4413599254,339.8667141204,62.745576916,224.7847753959,496.6885648086
2024-04-30,381.9007804894,161.2361946905,175.0,182.9660467199,134.8517742511,153.7436345021,109.1766937343,325.0692010957,62.3267767141,223.1044591679,488.8203853716
2024-05-01,387.4037301171,162.3059519719,179.0,183.0805555632,140.9979336834,153.9320458188,107.1089183562,321.6685907486,63.8530707833,224.1900567309,487.2331165
2024-05-02,390.248392135,165.0397761355,184.72,182.8897074911,139.8227954611,154.3465507158,107.3027722979,325.9144956677,64.076430891,230.0428435924,491.7904283522
2024-05-03,398.900088341,165.6538960563,186.21,181.7923310765,139.2165733624,154.9306257978,107.081224936,327.1872955405,65.2769914698,232.1007589727,497.8863198467
2024-05-06,405.648803749,166.5057398174,188.7,183.2141492137,138.5730452883,154.9117846662,107.773560442,332.3853713568,66.3100319678,233.7338753066,503.0279024491
2024-05-07,401.5289484127,169.6258652215,188.76,182.9755891235,138.7036162018,156.155299357,107.2381543174,335.2030199301,66.9614989485,234.7250730816,503.5829596619
2024-05-08,402.7060499374,167.7736002991,188.0,186.6971265294,138.9181255599,155.5052803141,107.2196920372,334.7172184519,67.7990993523,232.4783581251,503.6316488911
2024-05-09,404.4520838656,168.3480995798,189.5,188.4624711964,139.7575100044,156.4190752005,109.3336231157,341.790487974,69.4091534619,236.5753089281,506.5335269508
2024-05-10,406.8259052736,167.0505236181,187.48,189.6743564542,139.8134689673,157.1821410335,108.8905283918,344.7150128725,68.6739264407,236.5186690552,507.1859626219
2024-05-13,405.8253689777,167.5358764588,186.57,189.6361868398,141.0352396587,156.2589255812,108.8443726914,346.5513424599,69.4091534619,236.2449096698,507.2541275428
2024-05-14,408.6111759193,168.7244956603,187.07,192.2889750419,141.18446356,156.155299357,109.4997836371,348.0087468944,70.1909138387,234.6401132723,509.581472698
2024-05-15,415.7424493227,170.8739153831,185.99,192.8615192582,142.3875812637,156.861841795,110.3465993345,349.8159283931,71.7079012367,237.5098668302,515.891596801
2024-05-16,413.6886965595,172.5280771053,183.63,193.205045788,143.8891467699,158.1336181833,109.6858969772,340.7605888403,71.1122742829,242.6452153022,514.8301716047
2024-05-17,412.9222242363,174.3902471877,184.7,195.4188834243,144.2249005477,157.9263657348,111.3330000369,346.1529852478,70.814460806,247.988243308,515.5702478883
2024-05-20,417.9632537462,175.2420909488,183.54,186.6303297042,142.2383573625,157.6154870621,110.4303503375,352.4489724048,70.6097140406,251.3016758699,516.1642564845
2024-05-21,421.5990839969,176.16327083,183.15,190.3900367245,142.2101485258,158.5952259094,109.6672856432,348.8734735255,71.6148345252,249.8384791545,517.4301764434
2024-05-22,423.0534160973,174.7072123081,183.13,189.2354058883,144.3352142205,158.0865153541,107.4618425632,345.8323562722,71.0285142425,249.8290391757,515.9402860302
2024-05-23,419.5944640749,171.9040520245,181.05,187.9090117873,140.7620949108,155.9009440793,105.6286261634,340.7411567811,70.0978471272,248.2714426722,512.1717396909
2024-05-24,422.6996596404,173.3303950663,180.75,191.5255827535,138.1950907752,155.7502150259,105.5448751604,338.9922714598,71.298407706,249.7912792604,515.5605100425
2024-05-28,422.8568847323,174.7270226282,182.15,190.3709519173,135.7597278772,153.6588494095,106.884891209,336.6312762759,72.1546214521,249.8101592181,515.9208103385
2024-05-29,421.7268293841,174.2317646275,182.02,189.0445578162,135.8161455506,152.2834467969,105.7402941675,328.5086755611,71.3635544041,245.6943284574,512.3080695326
2024-05-30,407.4783054284,170.4777089826,179.32,190.208731056,136.6059929769,153.15955942,106.0752981796,329.6163029313,72.7688617482,245.91144797,508.9095613352
2024-05-31,407.9303275677,170.8640102231,176.44,193.3577242457,137.9130024086,155.0059903246,109.11825129,328.9070327732,74.4719825693,251.7642348315,513.5447759541
2024-06-03,406.3482500802,171.527655944,178.34,192.5847895537,138.9191175827,155.1096165488,106.5033588618,321.9503556059,72.8014350973,255.73846591,513.9635033251
2024-06-04,408.8540249828,172.1417758648,179.34,190.0465101948,138.975535256,157.3328700869,104.8469501351,318.2679804015,72.2768075892,255.1626272027,514.5380362295
2024-06-05,416.6563201696,173.7464117869,181.28,188.2334535098,137.25479622,156.4284957663,105.2657051503,320.0945939593,72.1831241056,255.1909471391,520.6534034157
2024-06-06,417.1574751501,175.0538929086,185.0,187.8994693837,137.6779287698,158.7082726995,106.0566868456,318.96753453,71.855231913,254.6151084318,520.6436655699
2024-06-07,416.4990950776,172.8054215856,184.3,190.8003600795,138.2985231762,157.3799729161,104.9213954711,319.5990764516,70.627978278,263.8757276432,520.0107055904
2024-06-10,420.4493755122,173.5483085866,187.06,190.475918357,138.345537904,157.6531693255,105.2284824822,320.2500504324,72.1081773187,266.5000417521,521.6174501537
2024-06-11,425.1759548382,175.144861794,187.23,185.4661564644,137.9976289186,157.7756366814,104.3816667849,318.0153636328,68.1453659629,265.0840449307,522.8736322668
2024-06-12,433.4106190278,176.3050899012,186.89,182.7656562442,136.7282312691,155.6089065383,103.2277640764,319.3950398308,67.6956852416,267.1986001839,527.1680222813
2024-06-13,433.9216005766,173.6970557798,183.83,184.7981882121,136.7658430513,156.7676361366,102.399559713,317.0923408243,68.5575732907,269.3320353947,528.2294474776
2024-06-14,434.8944308329,175.3134419463,183.66,184.9126970553,136.8504695613,157.1256176385,101.5341326816,312.3412023679,68.4451531104,259.7315769461,528.5507963903
2024-06-17,440.5938404151,175.759683526,184.06,186.0577854879,137.2359903289,157.7944778131,100.8362076563,313.2447931173,67.7425269834,257.815261248,532.7575457923
2024-06-18,438.5990470613,173.627640423,182.81,187.9853510161,136.9539019623,158.7930577921,101.7853856907,315.9069852176,65.9906458403,259.3162178786,534.1111063637
2024-06-20,437.9701466936,174.8275344484,186.1,189.5789324181,138.9567293649,157.9546274323,103.9815231037,319.7836810133,67.8830522088,256.8335034518,532.6601673339
2024-06-21,441.9793865377,178.1297221382,189.08,187.3173827638,139.8688150834,158.5104408169,103.0695677373,318.5303131997,68.2109444014,257.6264616718,531.948354174
2024-06-24,439.905980638,177.7231464767,185.57,189.7793228938,140.2167240688,158.6894315678,106.1311321816,320.6289755853,69.1852526307,255.7290259312,530.2191874243
2024-06-25,443.1290950224,182.4929731398,186.34,189.0063882018,138.4019555773,157.1821410335,106.4289135258,318.1028078989,68.3702063235,252.132394005,532.2609718914
2024-06-26,444.3181097801,182.3442259466,193.61,188.3956743711,138.0540465919,157.7473749839,106.4661361938,317.4518339182,68.7355719095,248.9322411888,532.925284541
2024-06-27,444.996142989,183.8614473175,197.85,190.0560525984,137.0949461456,156.9654680192,106.922113877,318.1611040763,69.063464102,248.3375225239,533.7654446567
2024-06-28,439.1984677243,180.6286749846,193.25,193.0046553123,137.4334521855,155.3639718265,107.1268385511,323.6409447499,66.3372747296,243.5986531619,531.6650443675
2024-07-01,448.8088514682,181.4616592667,197.2,196.0486820622,137.6967346609,153.2914473418,106.977947879,319.7351008655,65.4847550289,235.1593121068,532.7592063786
2024-07-02,451.3146263708,183.6928671652,200.0,199.2740144807,137.3112138933,154.4030741108,106.2521058527,318.4525849632,66.0187508854,238.6390690499,536.3445408258
2024-07-03,452.7787850393,184.2680229791,197.59,199.1404208302,136.9915137445,154.3371301499,106.7918345389,321.2216533887,67.2928462622,240.5405755762,538.7380202251
2024-07-05,459.4510248779,189.0081002035,200.0,196.5162598389,137.7343464431,155.6371682358,105.4983468254,319.0258307074,67.5364233195,240.2268269993,541.8446587924
2024-07-08,458.1539178695,187.4512129143,199.29,196.8809074229,136.7940518879,156.8712623608,104.3909724519,319.7156688064,67.5551600163,242.3470067761,542.4698942273
2024-07-09,451.5701171452,187.4016305165,199.34,199.2415207302,138.2703143396,156.0610936986,103.2370697434,316.8008599374,67.5645283646,242.1568561235,542.9974366255
2024-07-10,458.1637444378,189.5832560173,199.79,199.4046525442,140.5082153809,157.1350382043,104.1490251098,319.1521390917,68.2952595366,243.0695792561,548.3705536444
2024-07-11,446.8140581144,184.0201109903,195.05,199.0687929273,140.7620949108,155.9480469085,105.3866788213,321.726886926,69.9815622412,245.2943418919,543.6422106678
2024-07-12,445.6840027662,183.5242870129,194.49,196.6601996747,140.9313479307,156.9560474534,105.4052901553,326.0602361111,71.1994475279,248.4413351929,547.0712362562
2024-07-15,446.0868920643,184.972093027,192.72,201.5637500813,140.3295594154,155.0436725879,107.2105895541,335.9511542065,66.4871683033,247.0437278961,548.5757090215
2024-07-16,441.7238957633,182.3838918647,193.02,204.9895181736,141.9938807781,157.2763466919,107.9829599155,350.3405939896,67.3584247007,254.3550204897,551.8288871439
2024-07-17,435.8279548162,179.5081127955,187.93,208.1082146162,147.2313214505,159.622067586,109.4718666361,347.639537771,66.4215898648,257.1502350833,544.0915986367
2024-07-18,432.7325858189,176.2059251057,183.75,201.4965781579,146.1405797665,158.680011002,110.5513240086,345.9198005383,67.1429526885,253.4613124223,539.9103366656
2024-07-19,429.5291245709,176.1761756671,183.13,201.3046583769,145.4541647412,159.1760037934,108.0108769165,337.7583357052,67.4521081843,249.962540414,536.3250022184
2024-07-22,435.2580138579,180.1526839662,182.55,201.7844578296,145.0310321913,159.4508373318,107.2664235561,339.3614805832,68.2952595366,236.3097235552,541.8544280961
2024-07-23,437.1348883928,180.2716817208,186.41,201.8324377748,143.253875482,157.9060833059,105.5355694934,335.7519785331,67.5551600163,243.3928353656,541.0044986767
2024-07-24,421.4615120415,171.188186454,180.83,200.1627356794,146.9492330839,159.2139118677,107.024476214,327.8208294339,70.6467149747,247.3859990708,528.74402257
2024-07-25,411.1436153839,165.8828698953,179.85,200.2395035919,150.1086227893,158.1714398257,109.276447629,335.8787988754,68.801150348,245.9028239803,525.9890789348
2024-07-26,417.8944677685,165.6052084679,182.5,203.6652716842,151.0489173445,160.2658609283,109.183390959,341.9076428401,69.5693549134,248.1275866161,531.8799690483
2024-07-29,419.3291467323,168.1140777938,183.2,202.3314292057,149.0931046697,161.0429764505,108.0387939175,336.1031733271,69.6443017003,252.6531721487,532.1925867657
2024-07-30,415.5852242308,168.8677302395,181.71,206.4960884551,151.6977205876,153.2433901727,109.9650669873,333.3619028513,69.5880916101,251.2175347213,529.4962589526
2024-07-31,411.0944825427,170.1072901831,186.98,204.2026470712,148.4254955356,152.3525504277,110.3559050015,337.7323269551,71.5648131139,250.8562484813,538.1030154865
2024-08-01,409.8759880803,169.3338047783,184.07,199.558188369,151.1617526911,157.0247205795,108.8297756128,323.4113836862,73.4384827857,273.3130405568,530.4829586234
2024-08-02,401.4054862528,165.2680481632,167.9,191.0945260233,154.3399482877,161.1851317289,108.7646359438,313.0218710286,74.1973190027,267.865224359,520.6061926123
2024-08-05,388.2968442136,157.9199368174,161.02,187.0258266644,151.6224970232,159.2707739791,106.8011402059,309.0514187735,71.8364952163,264.7562611885,505.4442333153
2024-08-06,392.679493651,156.9679547807,161.93,192.2460447098,149.4786254374,159.2992050348,106.2334945187,318.4556349256,72.1081773187,264.8418289822,510.1041911663
2024-08-07,391.519958598,157.6125259514,162.77,192.3036206441,149.4128048185,161.1282696175,107.6479559033,317.831288625,72.6609098719,263.7769853275,506.6947041852
2024-08-08,395.7060766705,160.676718132,165.8,195.8157526379,150.6539936313,161.9338161954,109.7045083112,327.9378943652,72.6421731752,265.4598186033,518.4080992864
2024-08-09,398.9783238962,162.3030207781,166.94,197.4854547333,151.0301114534,161.6210745828,110.5978523436,329.9865306639,72.5672263883,264.5280804054,520.6941163453
2024-08-12,399.7546227876,160.9345466003,166.8,197.8596983064,150.3342934826,158.0861466586,110.7374373487,327.8110740229,72.6796465686,260.4398413738,520.9676568481
2024-08-13,406.8297519242,162.788928276,170.23,199.5389963909,148.9332545954,158.5410435497,109.6765913102,330.513322855,73.18553738,262.9308149233,529.5353361673
2024-08-14,409.6303238742,159.0305825269,170.1,201.7460738734,149.0178811053,159.9720733528,110.6909090136,329.3329181305,73.082485548,262.8737697275,531.205887095
2024-08-15,414.4649954508,159.952815125,177.59,203.0031484394,149.591460784,159.1380957192,111.3702227049,337.1860239422,72.5203846465,260.3923037107,540.3108781161
2024-08-16,411.9449128241,161.5989507301,177.06,205.3253777905,149.8735491505,159.1096646635,110.8449357116,335.0788551778,73.6071130561,262.4459307591,541.5222717713
2024-08-19,414.9571990889,165.2779646428,178.22,206.7455841705,150.0992198438,159.6119466474,111.1826202073,336.2202382585,74.3378442281,260.668022157,546.7000027167
2024-08-20,418.1762108817,165.7837050998,178.88,205.8531571885,150.597575958,161.4978733415,107.4774708796,334.9032577808,73.9912153388,259.9549572096,545.8109960827
2024-08-21,417.5265020795,164.4648133198,180.11,205.9299251009,151.7917500431,161.2609478774,106.7927217633,334.5813292195,74.6095263305,261.9515390622,547.6867023875
2024-08-22,409.0704435779,162.4319350122,176.13,207.8779108789,152.6568210339,161.2514708589,107.6181727528,333.9862491518,73.9350052487,260.9152180054,543.3882087724
2024-08-23,410.2911086002,164.2367342901,177.04,209.49003704,154.3305453421,160.3227230396,109.1096126088,339.8882727742,74.6282630273,262.2747951717,549.1618672418
2024-08-26,407.0425645892,164.7722241858,175.5,210.3152920987,154.7818867286,161.4410112301,111.445263704,342.5710107844,75.5463611664,265.0319796348,547.8527805499
2024-08-27,407.3871071358,163.3045852125,173.12,211.2844869931,154.3869630154,160.3985391881,110.3853095925,342.5319891406,74.5814212855,264.2238393612,548.6050169325
2024-08-28,404.1976275613,161.4898694551,170.8,212.3496417781,155.3059894292,160.2184758354,109.2972151064,339.6834091444,74.3940543183,263.1589957064,545.4202239359
2024-08-29,406.678333897,160.4288061433,172.12,213.2324727711,155.5996989016,161.1377466361,110.8074152121,343.0392705098,74.9748919165,263.453729218,545.4690704542
2024-08-30,410.6356511469,162.0154428712,178.5,215.7178339361,157.1440422567,162.5687764392,110.6291928394,347.3901837918,75.9070425782,265.1175474285,550.6761093107
2024-09-03,403.055715121,156.0457221827,176.25,211.3996388618,158.3757271412,165.3929279711,108.3123019939,331.9181020313,75.3602026243,261.6377904854,539.3437170527
2024-09-04,402.5241351919,155.1433225437,173.33,210.4688279235,158.5652171234,166.7007565329,106.9897043858,328.5134636111,76.4444542572,261.1433987886,538.2397857379
2024-09-05,402.0220874811,155.9267244281,177.89,208.8375097843,156.3197608341,166.2932447347,106.1548732714,325.4014875192,75.737333627,260.0785551338,536.930699046
2024-09-06,395.4364028041,149.6595093531,171.39,203.8763834434,155.7418163883,166.4069689574,105.6577266528,321.3042149219,75.4073439996,255.4769093402,527.8940931506
2024-09-09,399.393720054,147.6662969638,175.4,208.0506386819,157.8546296901,166.8523888299,107.8808162494,325.8697472446,76.5481652829,260.3352585149,533.8045218714
2024-09-10,407.7414937552,147.6166478827,179.55,197.255150996,158.5841661216,168.4919130414,103.9505439246,325.986812176,77.5947038155,261.6758206159,536.129616145
2024-09-11,416.4436540758,150.099101937,184.52,198.8576811681,156.1586943492,164.8243068573,102.9187301877,326.8062666955,78.6600988983,264.0336887085,541.6297341116
2024-09-12,420.3419068891,153.6043270616,187.0,198.2531338577,155.9881533652,164.397841022,104.3351290446,331.2742449088,78.6883837235,266.2299287464,546.1919989259
2024-09-13,423.8759290102,156.3548861537,186.49,196.0652483533,156.821909287,164.9759391543,104.2600880456,336.8640953809,79.8103484567,270.1375246579,549.0446355977
2024-09-16,424.6142344673,156.9506751267,184.89,199.4622284785,158.2146606563,167.9706770204,105.7233875269,339.4492792817,79.8009201816,274.6440951253,549.8554878024
2024-09-17,428.3648261892,158.2018319701,186.88,200.796070957,158.2904566492,166.6818024958,107.1022658844,345.0391297538,80.1120532589,276.7927975,550.0801817868
2024-09-18,424.092498611,158.6883929647,186.43,199.1455608397,157.418802731,164.8243068573,107.4774708796,346.4341535191,79.4615022792,273.1514125021,548.4487080738
2024-09-19,431.8496279465,161.0020401433,189.87,201.9763776107,156.1586943492,162.5687764392,108.8094486126,364.1792460301,77.5852755405,273.5507288726,557.8077009903
2024-09-20,428.4829550623,162.4418634948,191.6,202.561732943,155.5333774079,165.1086174142,108.1246994963,359.7990665153,78.0284044687,273.7979247211,556.8459433288
2024-09-23,426.7503982564,160.714075473,193.88,202.8975925598,154.6427744914,164.6821515789,110.0851455963,362.0915880876,79.9706291329,277.6674905021,558.2374457301
2024-09-24,422.4780706782,161.1509873865,193.96,203.0415323957,154.2258965305,164.179869595,109.794361725,376.4905746441,79.4709305542,281.0331570536,559.8347336977
2024-09-25,425.3722280699,160.3566020892,192.53,201.6980939281,152.1604557243,163.2511217758,107.6556932523,368.9984190375,79.7820636315,281.1567549778,558.6000202994
2024-09-26,424.584702249,161.5878993001,191.16,201.3046583769,152.9089411541,164.1514385393,105.8078086509,381.39754635,78.6883837235,284.712572182,560.8146649663
2024-09-27,421.3460023107,162.7993368786,187.97,201.9955695888,152.9184156532,164.4736571705,108.6406063647,381.5146112814,79.7066374309,285.5682501188,560.0013220134
2024-09-30,423.5904509002,164.6860019598,186.33,202.3410251947,153.5437325945,164.1419615208,109.953823848,381.5536329252,79.6972091559,283.0772765694,562.2453646183
2024-10-01,414.130296977,165.8180010086,185.13,198.675357376,153.4774111007,163.9903292237,112.4958376906,382.7925701153,80.394901511,278.7608567547,557.2085178981
2024-10-02,410.6258070741,164.695931776,184.76,198.9152571024,152.7005021736,162.9289031446,113.9872775466,384.4119683324,80.5457539121,277.3930221969,557.4437014026
2024-10-03,410.0450067812,164.695931776,181.96,196.9384833572,152.0657107332,161.2230398032,114.9815707839,381.5243666923,80.1874794594,273.1651699276,556.4245728833
2024-10-04,409.5724912887,165.8875097221,186.51,203.8859794324,151.8667462519,160.0478895013,117.092098882,387.37761326,79.0560864512,273.0886477146,561.4810182288
2024-10-07,403.1541558486,161.8361447055,180.8,203.606048867,151.1466843194,158.3799342341,117.5986256255,388.5092409298,75.6996205267,299.0966348647,556.404974258
2024-10-08,408.243541466,163.2263189759,182.72,203.4322988608,151.2982763052,159.3655441647,114.4750440404,378.4709230662,75.8976143032,296.8679254105,561.6672051699
2024-10-09,410.9506614752,160.7240052892,185.17,206.0095906186,152.2078282199,160.4174932253,114.5219446648,386.4996262749,75.9730405037,300.320990273,565.5575323058
2024-10-10,409.355921688,160.942461246,186.65,205.4497294877,152.0751852323,160.1142286312,115.5068577772,386.9386197674,76.3124584062,300.9331679772,564.5678017246
2024-10-11,409.8284371805,162.0943199272,188.82,214.5716048103,152.9752626479,162.1423106038,115.9477236466,392.1870308565,77.1798597125,302.8940496858,567.948564601
2024-10-14,412.604465699,163.8022483165,187.54,213.7897297827,153.1079056354,163.4880472399,116.388589516,384.3144142229,78.1698285947,306.4140714847,572.5934388137
2024-10-15,412.2107027886,164.2987391273,187.69,214.6681325915,155.4765304132,164.4926112076,112.8898029356,378.500189299,78.0566892939,309.1784364301,568.1445508547
2024-10-16,409.6315557253,164.0008446408,186.89,215.8747298564,155.6470713972,163.3648459985,113.1805868069,383.9924856617,79.5652133049,312.4975874198,570.6139776513
2024-10-17,410.2222000909,161.7864956244,187.53,216.6276465497,155.8270868803,163.2700758129,112.8898029356,384.841206414,78.9900885257,314.4775996817,570.6629742147
2024-10-18,411.6397465685,162.2730566191,188.99,217.544660471,156.4429293225,163.276235875,112.5708786896,384.2266155244,79.5557850298,317.6628367986,572.8580202562
2024-10-21,412.2500790797,162.9184946732,189.07,215.2569520568,154.2732690261,161.6175445484,112.6365395638,382.304799568,79.2257954024,317.1463118608,571.9172862384
2024-10-22,420.8439545999,163.9809850084,189.7,216.3380632061,154.860687971,161.7700678887,113.2181073064,380.327090863,78.9146623252,316.0080439421,571.6135075452
2024-10-23,417.9793294265,161.6375483812,184.71,215.6527159596,157.1440422567,161.6556753835,112.8147619365,377.6542469201,80.1026249838,312.4210652068,566.3904738841
2024-10-24,418.1073023724,161.5779694839,186.38,217.1682021243,155.0691269514,161.6938062185,112.1769134447,378.9564016616,78.075545844,308.0975601712,567.6153879697
2024-10-25,421.4739752566,164.1100726192,187.83,214.5909103665,152.4257416994,160.3592269902,112.0831121959,377.8892222118,76.7744438846,304.1949273071,567.419401716
2024-10-28,419.9382999059,165.5498959707,188.39,217.6701465865,153.1079056354,161.3887595378,111.5296848279,382.432077851,78.1321154945,304.4244939462,569.1734786866
2024-10-29,425.2147229057,168.4891215709,190.83,215.1604242756,151.6772562696,159.358292569,110.0101045973,379.3969803335,75.0113564467,301.5931720645,570.094614079
2024-10-30,425.7856791258,173.2355737227,192.73,216.6179937716,152.1699302234,158.3954889829,109.4566772293,371.3001234076,74.5682275185,299.1731570777,568.3699350464
2024-10-31,400.0138966379,169.90908529,186.4,214.2144520199,151.4593427901,157.461283523,109.5410983533,368.3237697129,74.7190799196,297.0305351132,557.2281165235
2024-11-01,403.9712138878,170.0878219819,197.93,215.199035388,151.7151542661,157.3850218529,107.8245355002,371.6819582565,72.9277076565,295.7679185983,559.5799515679
2024-11-04,402.0909959904,168.0522096574,195.78,212.1487575024,149.9244739341,157.3659564353,111.2576612064,368.6370701018,73.8893917135,292.7835522906,558.3746361077
2024-11-05,405.0442178187,168.5487004682,199.5,213.7993825608,150.0286934243,158.0141806319,111.5859655772,375.3436565519,74.1533834155,293.0513800361,565.1263625477
2024-11-06,413.6282492662,175.2711860472,207.09,238.4815362114,149.5833919661,153.5242747995,113.4995110528,408.1520816531,70.2595058121,293.3957299947,579.1785769381
2024-11-07,418.7963874656,179.4814281232,210.05,228.1723691802,148.4938245683,155.7739940701,113.640212926,399.6635992411,70.3537885628,299.2209834609,583.6568628351
2024-11-08,415.9514504377,177.0982722311,208.18,228.7515358673,147.3000376803,159.8730588428,113.6026924265,385.1342937054,72.5694332039,299.3835931635,586.1850855079
2024-11-11,411.4920854771,179.0842354745,206.84,230.9813276128,146.8926342185,158.2715637688,113.0023644341,388.237925683,71.5700360466,300.2635986133,586.7436463309
2024-11-12,416.433810003,180.3453221341,208.91,231.2419526221,144.6187544319,158.0904423021,112.8898029356,384.7818307679,70.0143706603,297.5948864342,584.9209741715
2024-11-13,418.5699737921,177.6245524906,214.1,232.7863971211,145.1872243785,158.7958627514,113.9403769222,378.9661922987,69.9955141102,299.2879403973,585.2051542394
2024-11-14,420.2336220887,174.347713139,211.48,233.4717443676,143.8892180003,159.27249819,114.0154179212,379.2501207762,70.9760547173,302.1479581089,581.4422181683
2024-11-15,408.529019576,171.2793999279,202.61,236.7923000406,145.907286311,161.6175445484,112.8332739896,376.0290011527,71.9848801497,303.3149218574,573.9947405277
2024-11-18,409.2771691059,174.0696782849,201.7,236.5220222532,146.6368227425,162.77100231,113.7789891349,376.4108360017,72.0225932499,313.6358553385,576.3465755721
2024-11-19,411.2755158763,176.8698864581,204.61,234.6493832981,144.9598363999,162.7805350187,112.1901876907,374.325430288,72.6731442297,313.7410733814,578.4534277994
2024-11-20,409.0113791413,174.7449057877,202.88,232.4195915526,145.0640558901,162.9044602328,113.7884462863,373.5128074042,72.4845787283,313.597594232,578.6494140531
2024-11-21,407.2492901171,166.4535092464,198.38,236.261397244,147.3284611776,164.6775440647,115.3110476703,381.4334328614,72.9371359316,314.5828177246,581.7557961742
2024-11-22,411.3230653204,163.6036519922,197.12,239.9198001512,147.015802707,168.0425902618,115.17864755,389.1680362126,72.1404466883,317.4045743297,583.5588697083
2024-11-25,413.0886967039,166.4733688789,201.45,241.5993835439,147.5937471527,169.1007209357,113.4574459855,397.1571961298,72.7479451867,319.451543528,585.5383308707
2024-11-26,422.1634501834,167.9330518628,207.86,241.2904946441,147.5747981545,170.9310010202,111.5660156948,399.2915550293,73.5547791299,320.2263309348,588.5957164284
2024-11-27,417.2315189446,168.0422798412,205.74,241.1167446379,148.4152448435,170.9786645641,111.2728439998,395.2480218849,74.5324720259,318.7341477809,586.8122415197
2024-11-29,417.695120481,167.7642449871,207.89,241.0491751911,148.0427741518,170.8833374763,111.5565585434,397.6075654389,74.6748544864,319.7958934866,590.4575858386
2024-12-02,425.1127450643,170.2864183062,210.71,237.6996611838,147.8422130101,171.3027766624,111.4525298774,394.0829360636,73.1561082404,321.0298141715,591.5159116086
2024-12-03,425.3297500388,170.137471063,213.44,236.3193139127,145.5118835544,167.2227773073,111.2823011512,390.9009789888,72.4157194454,316.266306411,591.7902923637
2024-12-04,431.4650724999,173.1462053767,218.16,234.9486194198,143.7068332793,166.9272633353,108.0763268085,391.1457449176,71.8936504233,313.2436789967,595.4650346206
2024-12-05,436.5942809883,171.4283471712,220.55,236.9563972686,142.7995328764,167.8042725425,108.5491843812,386.7105862871,72.3302899691,307.973211575,594.4851033521
2024-12-06,437.5313479237,173.4838191281,227.03,238.771119555,142.5989717347,165.6975439035,107.4048690553,386.7595394729,71.4190422214,306.1940701223,595.6120243109
2024-12-09,439.9479942307,174.3377833228,226.09,235.3443833227,142.8759371209,162.8091331451,106.771239908,390.9009789888,70.9064653634,302.8557885793,592.5448394405
2024-12-10,437.2946152242,184.0801011455,225.04,234.4273694014,142.5225674903,164.2295067523,106.5537254245,380.258556403,70.3749041772,301.5070845748,590.7025686557
2024-12-11,442.8775613866,194.2498880155,230.26,235.0741055353,140.0489800762,162.6566098047,105.8444390655,380.7285069863,70.2230295526,298.780980736,595.2690483669
2024-12-12,443.4398015478,190.8301356369,228.97,233.1435499115,139.666958854,162.8663293977,105.749867551,372.8078815292,69.5016250857,297.3748850718,592.2018634965
2024-12-13,441.1809770404,188.7027315409,227.46,231.6087581906,140.0298790151,163.0665162819,104.8230667086,372.543534326,69.8813116473,298.7235890762,592.0842717443
2024-12-16,445.4421656308,195.5024717355,232.93,231.2612581783,137.3843820511,163.1427779521,102.5817218142,370.9868230186,69.0934620321,293.3861647181,594.612494417
2024-12-17,448.2730941619,194.2697702967,231.15,230.0836192478,139.8293178734,162.3706285415,102.1466928473,367.9321442268,68.5998695021,291.463544116,592.1626662458
2024-12-18,431.4354809125,187.2910895707,220.52,222.3710495306,138.2439298011,161.1790399448,100.6430057662,356.271495377,66.9387407955,282.4721840861,574.5141041
2024-12-19,431.0803818633,187.4004421177,223.29,224.8711190634,137.126517726,161.2838997413,99.782404984,352.825191099,66.2268284927,280.4252148879,574.3377164716
2024-12-20,430.6562357767,190.283372902,224.92,229.3500081107,137.9765149455,160.2067036499,100.1228624363,358.376482365,68.0303396599,282.1660952341,581.2124713226
2024-12-23,429.3246143422,193.4844201865,225.06,230.1125775821,138.74055739,160.2543671937,100.5295199488,357.74009095,68.808697111,280.7886953997,584.692962143
2024-12-24,433.3490702331,194.9557090006,229.05,233.8964666048,139.2944881623,161.0455820219,100.6240914633,359.8744498495,69.2073680006,283.1513187267,591.19184472
2024-12-26,432.1456790109,194.4487108282,227.05,234.6976471887,139.0366238373,162.2085724923,100.7092058264,359.4338711776,68.6947911425,282.2521827237,591.2311722999
2024-12-27,424.6688712528,191.6254268877,223.75,232.7960498992,138.5304457178,161.6080118396,100.6997486749,357.2211871809,68.4479948775,280.0808649293,585.0075827821
2024-12-30,419.0464696405,190.1143735111,221.3,231.0102859472,136.8973049927,159.2820308988,100.0188337703,355.4099193075,68.1157691362,276.1399709587,578.3317260955
2024-12-31,415.7618034354,188.1857922279,219.39,231.3867442938,138.1197729039,159.8158625901,101.7305781834,355.1651533787,68.0493239879,277.4312833035,576.2277005713
2025-01-02,412.8815555919,188.3150270561,220.22,231.6666748593,137.5467410705,158.2239002249,101.4846922456,352.2377528698,67.9733866756,272.667775543,574.8119076952
2025-01-03,417.5866179938,190.6611362461,224.19,234.8327860824,137.70910009,157.4136199792,102.0048355755,356.1735890055,68.3340889091,273.264528061,581.9990229204
2025-01-06,422.0253561087,195.7112356889,227.61,233.6937582643,137.2029219705,153.0953029047,101.8913497581,356.5750051288,67.6221766062,272.6196503399,585.3516991061
2025-01-07,416.619959471,194.3393582812,222.11,235.9448253981,139.6574083234,153.7625925189,102.8465220548,355.4001286703,66.8533113192,275.5937878895,578.7348337894
2025-01-08,418.7801453536,192.8084226233,222.13,235.9060138958,135.8753982232,154.5252092208,101.1253204903,353.5105356997,67.071631092,274.5542835032,579.5803767571
2025-01-10,413.2465185036,190.909664762,218.94,232.7428764578,135.6748370815,151.1506303149,100.7564915837,343.6513640862,63.9582012876,282.0906903037,570.7316712814
2025-01-13,411.5104787075,189.8857272765,218.46,236.9539244581,137.9765149455,151.4175461606,103.3572082333,354.9105968127,63.559530398,290.4259754751,571.616541829
2025-01-14,410.0111716109,188.5436732908,217.76,240.1170618961,138.2439298011,152.2754899502,103.7638657458,363.7907047109,64.5277311299,296.4127507367,572.4030934268
2025-01-15,420.5063212872,194.399005125,223.35,244.8520651775,138.4540414733,152.1896955712,105.456695856,367.0411962458,65.7712046188,295.3924964317,582.8150702031
2025-01-16,418.7998730785,191.7745439973,220.66,246.7150172882,141.1281900291,152.999975817,105.2770099783,372.5826968747,67.7455747387,300.3590173883,581.6942341762
2025-01-17,423.1892918811,194.8463564536,225.94,251.4597234452,140.4214507679,153.6005364697,106.2227251237,377.9381753976,67.1665527324,305.8837907005,587.5343797901
2025-01-21,422.6665071698,196.8842902838,230.71,255.2147362934,141.4911101902,154.1629662874,105.4188672501,391.4003014836,67.2519822088,307.7702986608,592.9124263403
2025-01-22,440.1255437553,197.2024067842,235.01,255.0303816574,138.74055739,157.041844337,103.5841798682,390.6634046413,65.0118314958,305.1041624108,596.2454387361
2025-01-23,440.6286007417,196.8147022994,235.42,258.0479759618,140.0489800762,158.3859562741,104.1705232583,399.2998356334,65.7142516346,311.851315881,599.4997959721
2025-01-24,438.0146771851,199.0315766611,234.85,256.9709567728,140.2208896262,157.4102835311,102.7614076918,400.5083464549,69.1314306883,316.9140872437,597.749718667
2025-01-27,428.6440078313,190.6810185274,235.42,257.950947206,146.0180616739,162.7237917614,104.1894375612,388.0793530475,70.0806470921,314.3730765217,589.2942889903
2025-01-28,441.1119300031,194.1504766091,238.15,259.2026181554,143.6208785043,159.3956557399,102.1750643017,383.4712914601,66.9577251236,314.7388280651,594.3577149013
2025-01-29,436.3082289765,194.2598291561,237.07,258.6592571231,144.3562693571,159.4340204203,102.7708648432,386.359927082,67.2899508649,315.0372043241,591.6932713637
2025-01-30,409.3404289624,199.687691943,234.64,260.2602315933,145.9989606128,160.565778491,103.622008474,368.4287705852,67.6791295905,322.5351109621,594.8689734399
2025-01-31,409.4094759997,202.8191512432,237.68,259.3578641646,145.3113224127,159.2038323381,101.0307489758,364.9506174894,67.9259258554,322.6891116119,591.7031032586
2025-02-03,405.325836934,200.0455730059,237.42,258.8824232614,145.0439075571,161.8605864533,101.2766349136,355.2334044618,67.4418254895,325.3937480243,587.7211857946
2025-02-04,406.7560969932,205.1652604331,242.06,259.9788482015,146.5910935072,161.2563427375,103.9908373807,355.626416111,66.3502266252,323.0837382771,591.6637756787
2025-02-05,407.6635723412,190.2038437769,236.17,262.3948642201,147.737157174,162.1003657055,103.9151801691,352.5805758294,65.6857751425,320.6582280424,594.0627580521
2025-02-06,410.1591295481,190.472254574,238.83,268.6726247182,146.6101945684,161.9756804944,102.5438932083,359.0652680419,65.7522202908,315.8264576544,596.1274559964
2025-02-07,404.1717650241,184.2491005363,229.15,267.6053084048,146.2377238767,161.1028840161,102.9789221752,357.5226973186,64.803003887,298.7997608089,590.6707542865
2025-02-10,406.6081390561,185.3724494281,233.14,262.9867396303,147.307383299,160.6808725321,104.9460096775,356.8742280974,66.1603833444,298.9056362557,594.6821674354
2025-02-11,405.8387577828,184.229218255,232.76,266.8193754831,149.1124335741,162.5031948494,105.6080102792,355.9015242655,66.7583896788,297.8853819506,595.1344346042
2025-02-12,403.4714307882,182.5292832063,228.93,267.2657077596,148.2815374157,162.6470624007,102.4587788453,345.889552501,65.7617124548,298.7131354434,593.2172150845
2025-02-13,404.9510101598,185.0443917871,230.37,268.1098579348,150.1820929964,164.0281908938,103.2032394647,347.5205508453,65.1162453002,303.3427799785,599.4801321822
2025-02-14,402.869735177,184.1397479893,228.68,268.3718355754,149.1315346352,156.2305696099,103.3082275008,347.1471897785,64.6036684422,304.2667838775,599.4506364973
2025-02-18,404.0632625368,182.6883414565,226.65,271.6320017691,149.2079388796,158.666726813,105.1216572149,347.8153095823,65.0213236598,305.1137874515,601.2105456974
2025-02-19,409.1234239879,184.1795125518,226.63,270.9528004788,151.9997514014,159.6833908426,105.2743670855,346.8327804592,65.552884846,305.1619126545,602.6263385735
2025-02-20,411.2836098705,183.4736915667,222.88,258.8727203858,153.7229736131,160.3739550892,106.8969094613,343.0500433352,66.5780385621,302.4957764046,600.1192053554
2025-02-21,403.4558488579,178.6025326554,216.58,256.3887842382,156.2452318225,163.2704884566,105.6465973953,334.0992030236,67.9449101835,298.2703835752,589.8547070037
2025-02-24,399.2948799358,178.1949458893,212.71,253.5749503209,157.6315111436,163.5678147294,106.2001706764,332.9987704057,67.2045213886,297.7891315445,587.1705996761
2025-02-25,393.2659225902,174.387489026,212.8,249.7520173437,159.8938419803,165.5915516186,104.7303381713,336.3786705892,67.6601452624,305.4602889135,584.2505268692
2025-02-26,395.0746097939,171.713322195,214.35,251.1007170489,156.9961331214,164.2967436563,104.4726402646,336.5948269963,67.4038568334,302.0818996582,584.5454837184
2025-02-27,387.9584634188,167.5082197063,208.74,251.3529918139,157.6218842039,164.9393520524,105.1312015818,334.0599018587,65.8566340952,300.6958938098,575.2150153891
2025-02-28,392.3665207567,169.2777427394,212.28,256.7866021368,158.8637594291,166.7329008594,106.2574368779,337.940891895,67.1442461469,304.2956589993,584.1915354993
2025-03-03,383.9655146195,166.0269897516,205.02,252.8763432794,161.0394478082,168.4113556253,102.8500978888,326.2389700387,68.5317216623,299.0018866618,573.9565328326
2025-03-04,384.084117059,169.91397574,203.8,242.8144613064,159.2488370183,166.0998836334,102.6401218167,321.0413909774,67.7949243196,293.9006151366,567.1626934063
2025-03-05,396.3495860194,172.0016152735,208.36,244.0564293802,158.9600288264,167.4714209564,100.6358047643,332.5762828828,67.4408788433,299.8970154389,573.2584682895
2025-03-06,392.2676853904,171.3355588509,200.7,239.2146944674,159.6435415473,167.5193768069,102.716476752,335.052256273,66.9911454004,299.3002629208,563.0824569925
2025-03-07,388.7293792761,172.8366710868,199.25,235.0812694718,160.4714583641,168.7566377486,104.0526881203,344.1799518267,69.6895460579,304.5459100552,566.2384952788
2025-03-10,375.7325286049,165.0925225319,194.54,225.3201766416,161.4437792768,169.0539640214,106.706022123,339.1788785901,72.8759553449,292.322108476,551.1563683904
2025-03-11,376.0191511673,163.2711002359,196.59,222.331690964,159.6724223665,166.0423366129,104.1863092571,333.8339201604,70.8378016568,286.9032106105,546.574705333
2025-03-12,378.8063084975,166.3267103171,198.89,221.1285343925,156.7747135076,161.4865308197,104.1576761563,332.2225723985,69.7756652278,283.60182168,549.4751143501
2025-03-13,374.3587170131,161.9970999415,193.89,218.4990551112,156.9094906639,161.6975365617,103.7186352782,327.486782025,69.5938580913,281.8693143696,542.1503525952
2025-03-14,384.0346993759,164.7143036945,197.95,225.5336399043,156.7362057487,161.1028840161,106.8014657921,333.7061913744,70.3784994172,280.9741855925,553.3488809694
2025-03-17,384.1730688887,163.5199284184,195.74,226.9793683652,156.7650865679,162.8197034624,108.5767180385,336.6537787437,69.0005926985,284.5354506196,557.6159233876
2025-03-18,379.0533969133,159.9168963357,192.82,227.9884674252,158.1224850699,160.8535135937,108.4621856355,330.8273810436,67.6513923698,280.8779351864,551.5889717692
2025-03-19,383.3033176651,163.1218033264,195.54,232.005457914,156.9094906639,161.6783542215,110.1515385797,332.7040116688,67.4600164366,282.9761940401,557.5962595977
2025-03-20,382.3347310752,162.0369124507,194.95,231.9084291582,156.9383714831,160.7000548723,110.6192125586,330.375417647,68.0819882194,281.9366896539,555.9838288221
2025-03-21,386.7032542665,163.2213345994,196.21,234.4505825593,157.5256148066,159.8752142445,110.237437882,329.9136289591,67.8236307096,280.7143094959,556.1662380032
2025-03-24,388.5020579336,166.8940385733,203.26,240.6895315551,157.1982988558,158.877732555,110.5237688894,335.7007254943,67.0485581803,282.4468168064,566.1263057429
2025-03-25,390.5578335531,169.7605392358,205.71,243.6683143571,155.012983537,156.1922049296,111.2777738758,336.6341281612,65.632376275,282.1676906286,567.4871862855
2025-03-26,385.428278041,164.2863192205,201.13,243.5712856014,155.6868693181,159.7697113735,112.8812275177,335.1505091853,66.723219094,284.1889491575,560.7123679319
2025-03-27,386.0311737756,161.4795373218,201.36,240.7477488086,157.0442678201,161.8126306028,112.5185415749,333.3721314725,67.0102829937,284.0541985889,559.2232884975
2025-03-28,374.388367623,153.6066136272,192.72,235.6343333796,157.6026303244,161.1604310366,112.3658317043,323.9300265994,67.4121724533,281.311062014,547.9615089344
2025-03-31,371.0180816314,153.9151605735,190.26,238.0115378959,159.653168487,163.4527206883,113.5111557342,324.0381048029,67.8331995063,283.8616977766,551.6398309809
2025-04-01,377.7388865413,156.3337705075,192.17,236.4202663014,147.5328513666,163.5869970696,113.6161437703,324.7946522277,67.8619058963,284.1696990762,553.1979405877
2025-04-02,377.6894688581,156.3039111256,196.01,238.5160874259,149.5641356497,162.57033304,113.2630021944,328.8131963412,67.4408788433,285.6319456109,556.6987564764
2025-04-03,368.7646352793,150.0135346718,178.41,221.8950615631,153.8577507694,165.3421811962,107.3073172387,300.4181046833,69.0292990885,274.2438533937,529.2641936528
2025-04-04,355.6491821686,144.917533494,171.0,205.3904702071,147.5232244268,157.0554102377,99.5859244035,283.0469897866,64.0248184365,255.1378109239,498.2795076745
2025-04-07,353.6922419154,146.0621431335,175.26,209.453739924,145.0009662175,153.6793183658,98.2497130352,275.1671062192,62.2545910549,250.90601135,497.3919768858
2025-04-08,350.4306748268,144.0217520369,170.66,211.8272364173,144.4040959542,151.914543069,96.1785854144,269.1540279858,61.3455553724,240.7477556222,489.6014288517
2025-04-09,385.9422219459,157.9660833848,191.1,228.891015733,145.3379091081,155.6838729148,100.9794019733,295.7510913485,64.6659278126,261.6549759427,541.0190458763
2025-04-10,376.9086694642,152.1036914048,181.22,221.8291311049,143.1429668496,156.873178006,95.3768585934,284.1081212396,63.8430113,253.7530344043,517.3121123652
2025-04-11,383.9259804729,156.4034423986,184.87,230.7077661353,146.0695565276,160.0862199865,98.4406003735,288.3231711777,62.9722508042,260.5026094684,526.5424325675
2025-04-14,383.2934341285,158.3243959676,182.12,229.2621797937,148.6014416766,162.2154597466,98.6792095464,292.9115821827,64.7711845758,263.9597088915,531.650665329
2025-04-15,381.237658509,155.5773328327,179.59,227.709151224,147.8890481366,161.5824425206,98.4024229059,288.3035205953,64.7424781858,256.9099375189,530.1615858947
2025-04-16,367.2821047845,152.6113008972,174.33,224.2709999252,148.1682293888,159.5874791417,99.4427588997,285.0709997802,62.809581261,253.0558042685,518.3771493116
2025-04-17,363.4967102544,150.451472273,172.61,226.5663566162,151.5954199327,163.6541352603,102.0483710679,289.1091944762,63.4506906371,254.5858370664,519.1167583021
2025-04-21,354.9375675311,146.9778308451,167.32,223.6654164577,151.0659382476,159.9872391111,100.549905462,281.150708579,61.8909767819,249.4340810634,506.760357433
2025-04-22,362.5478907378,150.7600192193,173.18,230.1119501431,151.8649742452,162.0431837223,103.3654937023,287.4996551835,63.7664609268,256.9680400302,519.9451203716
2025-04-23,370.0297279682,154.6218326118,180.6,235.2789445667,149.5833895291,159.9679344669,102.4778675791,292.0416698617,64.3692951162,256.3676474133,528.0019276422
2025-04-24,382.7893737602,158.5334116409,186.54,238.9515152724,149.1501772413,153.9834947535,103.6804578105,302.991874814,63.4889658237,260.3476694382,539.1157854072
2025-04-25,387.2863829278,161.2008497574,188.99,237.8868604668,148.8132343507,155.4216907492,103.623191609,302.587043071,63.2401771106,258.6626966102,543.0110594242
2025-04-28,386.6044189002,159.8571775719,187.7,237.5645337825,149.5545087099,156.222833485,103.6804578105,303.1893537131,63.3358650772,260.9286945513,543.2181499416
2025-04-29,389.4508774503,159.4092868433,187.39,238.9319803218,150.0936173348,156.6185786918,103.4227599038,303.5250678415,64.3501575229,262.3618898304,546.6400742046
2025-04-30,390.6566689194,158.0556615305,184.42,238.9319803218,150.478694924,156.9178006775,100.8171477357,305.3714955476,63.9961120465,262.5168298605,546.8570261752
2025-05-01,420.4456483284,160.5439433556,190.2,241.1491972106,148.6977110739,154.4178492488,100.9603132394,310.0023757304,63.201901924,263.5529913123,550.7325772858
2025-05-02,430.2105825209,163.2611471086,189.98,246.6385183185,150.2957830692,154.9390746432,101.3707210168,319.5998502242,64.1970567764,268.8403198417,558.9077219949
2025-05-05,431.0902172812,163.4403034,186.35,246.6873556949,149.2175658194,153.3078322052,98.5646771435,319.0370353619,63.2497459073,263.6014100717,555.7027497024
2025-05-06,428.2635258044,162.4648969246,185.01,243.4543213769,148.7073380137,153.7132297342,99.9390659794,316.8450195825,63.6707729602,259.1565679563,551.0580052416
2025-05-07,428.3030599509,150.6704410736,188.71,243.5910660308,151.4317619573,153.7518390227,99.8436223102,316.2525828853,64.4554142861,256.2417586388,553.3754467454
2025-05-08,433.0669246076,153.5568479907,192.08,247.5761959454,149.8529438416,153.1340904071,101.23709988,320.1626650865,65.3740187653,261.1126858372,557.2312749496
2025-05-09,433.620402659,152.0340195137,193.06,247.1952644095,148.4666645204,152.1785105174,102.4206013776,321.515395545,67.2782093001,262.5555648681,556.5212503186
2025-05-12,444.0277667326,157.7172552023,208.64,254.0031946803,148.3896490026,155.3058628837,104.1863092571,338.2319843497,66.6849439074,267.4749108259,574.9128605508
2025-05-13,443.909164293,158.7822398234,211.37,256.8943673634,142.9022933563,153.2113089841,104.4726402646,348.0960553573,69.0005926985,264.9861865913,578.7095200358
2025-05-14,447.6649082132,164.5948661669,210.25,259.4632133623,140.8998898924,152.5259941137,103.5372923068,345.252359211,69.0771430718,262.8944961841,579.4491290263
2025-05-15,448.6730289496,163.1914752175,205.17,261.2701962893,144.0286453047,156.7633635236,104.5776283007,345.4004683853,71.335379083,265.7415192384,582.2793660969
2025-05-16,449.801815949,165.4110226055,205.59,261.3385686162,145.6844789384,157.6031155479,104.2020041062,349.1229456324,71.7659749326,270.1088913387,585.9675495966
2025-05-19,454.3565705076,165.759382061,206.16,258.720885241,146.8012039471,159.0413115435,102.5454050946,348.1256771922,70.6751321136,268.559491037,586.6085440551
2025-05-20,453.6634556835,163.2113814721,204.07,259.5022832634,147.9275558955,159.8810635678,101.0814338751,345.0845021468,71.2014159298,266.951988224,584.6362534136
2025-05-21,448.1185370903,167.7699137757,201.12,254.9701747331,147.4654627885,159.6783648033,99.8389846164,338.1924885699,68.455171289,261.1417370928,574.7846616591
2025-05-22,450.3860127293,170.0690861821,203.1,254.6087781477,146.9167272238,159.2922719186,99.1744187338,340.8387058172,64.0535248265,260.7253357618,575.0114750829
2025-05-23,445.7520450479,167.68033563,200.99,254.6478480488,147.2344162349,160.0934146544,99.2322070714,339.0613957257,64.8381661524,261.3063608749,571.0866167063
2025-05-27,456.1586690504,172.0895710241,206.02,259.1213517275,148.7843535315,161.9273558569,99.7041451619,347.0790390272,65.1060924588,265.8770917648,582.9598063683
2025-05-28,452.8614228156,171.5521021498,204.72,257.3632061769,147.9882480183,161.5412629722,98.346119228,345.0845021468,64.3118823363,263.1656412369,579.5871893713
2025-05-29,454.1684393411,171.0544457848,205.7,258.2227440016,149.1047374575,162.6995416264,98.904739825,347.3555094859,66.0151281413,264.5310502527,581.8750465154
2025-05-30,455.831914919,170.9350082572,205.01,257.8613474162,150.6872398801,163.9833004681,98.5291156305,343.6429061837,67.5939795898,270.0895238349,581.2241906037
2025-06-02,457.4260790146,168.2377107588,206.65,258.5060007848,150.8717033527,161.9466605011,99.2514698506,340.3252606796,67.6671808843,269.8861650453,584.4981930686
2025-06-03,458.4162430491,165.4010694782,205.71,260.078564305,149.9202601784,161.0489945441,99.9738240708,344.9956366422,68.4388664824,274.3310071607,587.8313642528
2025-06-04,459.3073906801,167.2623042834,207.23,258.0762318724,148.75522772,160.1802855535,98.5291156305,344.9265190275,67.4067369949,271.34841158,587.6735810015
2025-06-05,463.0799156515,167.4215543202,207.91,255.8590149836,149.1824062881,157.1398040862,98.0764403192,344.5611830643,68.9694003311,267.4845945777,584.8334824777
2025-06-06,465.7533585446,172.8659149535,213.57,259.5511206398,150.5124850114,158.3173873847,100.4264993821,348.8958448985,69.6060409495,270.9320102489,590.8391074811
2025-06-09,468.1000473064,175.4736343062,216.98,260.5376356432,150.7066570877,156.9081483554,101.1006966543,353.5563469161,69.3552431301,271.0675827753,591.3716259544
2025-06-10,466.2880471233,177.9748485836,217.61,262.3543860455,151.8911067537,157.1784133747,103.2677593148,354.0500441637,70.233035498,272.9655981449,594.7245200449
2025-06-11,467.9713259819,176.7292239435,213.2,261.9148496578,150.7357828992,156.4737938601,105.2807197416,358.562437007,70.4163108275,273.2851619571,593.0283500932
2025-06-12,474.1598511975,175.0849994185,213.24,262.0027569353,152.0949874339,157.5065923267,105.6852381049,356.4099170074,71.2265807056,274.3213234088,595.3852374099
2025-06-13,470.2883098226,174.058604715,212.1,258.7892575679,152.522166002,154.7074189124,107.9871402198,352.5492045309,72.1333112833,271.5033516102,588.7287564947
2025-06-16,474.4271954868,176.1512541104,216.1,264.0734616949,150.6969484839,155.2865582395,108.3338702455,357.8712608603,71.1687042857,271.5614541215,594.3300619166
2025-06-17,473.3380150489,175.3341243465,214.82,263.2529937713,147.9397049992,153.0086102196,109.797841465,353.1712630629,69.3166588502,268.2883459842,589.2514135147
2025-06-18,475.5163759247,172.7133301036,212.52,267.589752796,146.337785369,152.5259941137,109.0176989073,355.2645393929,69.0369228209,266.6711594194,589.1626604358
2025-06-20,472.7043100668,166.0567120267,209.69,268.6055702252,145.42517661,153.5491402582,110.4720387372,355.9754634294,68.998338541,261.9454884993,587.7831585111
2025-06-23,481.2197207634,164.6117874442,208.47,271.7995346421,146.9105929944,155.4313430713,107.6211474149,361.6134859974,68.2266529429,264.5407340046,593.5889859669
2025-06-24,485.2892949452,166.1862569893,212.77,274.7200097511,147.7552415267,154.7846374893,104.3464749502,368.3178946201,68.8729396313,272.1134279789,600.1465048822
2025-06-25,487.4280492597,170.0825708637,211.99,277.4549028298,147.842618961,153.4429647149,104.375369119,366.896046547,67.8504562138,273.0818031675,600.4827879034
2025-06-26,492.5570989584,172.9325600403,217.12,282.0358487365,147.5804866579,153.1147857629,105.9356542346,377.0662098481,68.4774507623,274.050178356,605.1808595244
2025-06-27,491.0619512663,177.9050936038,223.3,280.4339827904,147.9688308107,154.3020213834,105.3481394688,379.8605362697,68.3809900625,273.4207344835,608.1876253619
2025-06-30,492.517492397,175.6131442659,219.39,283.1688758691,148.2989233405,153.780795989,103.8263799117,383.3164170031,66.963017776,273.1399056788,611.0954844284
2025-07-01,487.2102131721,175.2245093782,220.46,283.6572496331,151.3765507513,155.6147371915,105.2133000144,385.9922560852,70.4741872474,278.1754566592,610.8976708864
2025-07-02,486.259655699,178.0147085721,219.92,285.2102782028,151.0270410138,155.5954325473,106.9565815324,393.4075887446,70.4356029675,282.8820368801,613.6670604735
2025-07-03,493.9334269663,178.9015933159,223.41,290.4847148545,151.4639281856,155.2382966289,108.0641913366,392.8447738823,71.2651649855,284.3826856462,618.5036015739
2025-07-07,492.8244432477,176.1711841047,223.47,286.5298047164,150.745491503,154.919769999,107.01436987,386.5748188374,72.1043730734,281.6347443992,613.8945460468
2025-07-08,491.7352628097,173.7496898042,219.36,277.511039414,151.2503389016,152.4005139261,109.9808378675,389.3197755342,69.8954230488,284.8796537441,613.5582630255
2025-07-09,498.5574930074,176.0017791536,222.54,277.8839589804,151.7260604888,152.0433780077,109.605213673,397.1103181018,71.043305376,286.7213590479,617.2375949055
2025-07-10,496.5474600174,176.9982788657,222.26,282.8202363984,153.0949736273,152.9796532532,110.693560698,403.1827942476,71.9982663037,286.5849364328,618.9783540745
2025-07-11,498.3693618408,179.5592831259,225.02,281.5150179161,152.3279939256,151.5897188682,111.1751301782,400.803173514,71.7667606242,284.5093637888,616.8024051132
2025-07-14,498.0723126305,180.9244877315,225.69,283.3207337111,152.250325095,148.4141048913,109.7207903482,400.6550643397,72.3841091027,283.3692605055,617.9793956878
2025-07-15,500.8447719271,181.3629476048,226.35,281.2107940593,150.6484054648,147.3716541025,108.7480199984,399.5393085601,72.0561427235,279.325304415,615.3385849029
2025-07-16,500.6467391202,182.3295523256,223.19,280.494395945,159.9783737352,148.3851479249,108.0930855055,407.675439201,72.1236652134,281.6055109817,617.395845739
2025-07-17,506.6669364499,182.9374171499,223.88,284.498374447,158.2308250477,150.2094368053,107.5440962981,412.8000166314,72.5191540824,286.0782238624,621.17408439
2025-07-18,505.033165793,184.4122367239,226.13,285.8428476205,158.9298445227,150.7275734566,103.7974857429,408.4949766321,73.2619014706,287.7640176061,620.7191132436
2025-07-21,505.0430674333,189.4345952729,229.3,285.5484374365,159.5706123748,150.6595468277,104.0671646517,406.3918263572,73.47411501,286.2146464775,621.8961038181
2025-07-22,500.3001817081,190.6702549159,227.47,285.9998663853,163.0365839383,153.8567983858,104.5391027422,413.4479626355,74.7956265968,290.5119588531,621.985119912
2025-07-23,500.8942801288,189.5641402355,228.29,291.2305539872,164.1724905852,153.8179260265,105.8778658969,423.7546785477,70.242681568,290.278091513,627.2766321588
2025-07-24,505.8550019416,191.497349677,232.23,291.0244668584,164.6190863609,154.3329847881,106.7061654027,425.6673671737,69.42276562,289.625211855,627.4843363778
2025-07-25,508.6571661592,192.5038143862,231.44,293.0558971279,163.3958022796,153.8373622062,106.3305412083,429.859425665,69.3070127803,291.5935953014,630.1350378398
2025-07-28,507.4590676775,191.905914559,232.79,292.7222322527,161.3764126852,152.6809095149,107.3322057269,429.0566910603,68.8150632115,288.0076294188,629.9767870062
2025-07-29,507.5283791599,195.0648186464,231.01,291.5053368256,163.2113388071,152.1950050228,108.7191258296,426.1926132731,69.40347348,287.6470839361,628.315153254
2025-07-30,508.191789063,195.8420884218,230.19,294.0470780806,162.3861074824,148.5701575115,107.7752496486,430.2261069041,68.4774507623,282.7163808475,627.5238990862
2025-07-31,528.2525124018,191.2282947547,234.11,290.7202430017,159.9395393199,146.2280978595,107.5248335189,434.0911253712,68.5449732521,280.5238745334,625.1699179372
2025-08-01,518.9548721179,188.4679905522,214.75,283.9782497887,162.4540677091,146.4030234767,105.5985555985,424.8448119615,67.9083326337,274.5505128866,614.9231764648
2025-08-04,530.3714634356,194.3573038508,211.65,288.7771357874,166.0559597261,146.5099224649,103.4122301588,429.8098741461,68.0337315434,280.1340956331,624.2698663214
2025-08-05,522.5590692035,193.9885989573,213.75,285.9409843485,165.7647016115,146.2669702189,103.287022094,430.3351202455,68.6607260918,285.0063318866,621.1048496504
2025-08-06,519.7767082666,195.4036285485,222.31,285.9213570029,165.6190725543,148.5507213319,102.583930653,423.8835124966,68.0433776133,281.6639778167,625.8622653339
2025-08-07,515.7170357251,195.8321234247,223.13,281.5935272985,166.5316813133,149.1629609919,102.0445728353,413.3785905092,70.0111758885,281.1864986639,625.3380594478
2025-08-08,516.9052325665,200.7149720141,222.69,283.3796157479,168.2792300008,149.1823971716,102.8632409515,412.7839722835,69.8471926989,281.361899169,630.2141632566
2025-08-11,516.6378882772,200.296442135,221.3,284.1647095719,168.7549515879,150.6109563785,101.92899616,404.8755498816,69.8857769788,276.6942968381,628.9679379424
2025-08-12,524.0344136149,202.6282514613,221.47,287.3934079228,167.7452567907,150.7178553667,102.2179378481,409.0081465503,69.3166588502,281.8783562119,635.6639263369
2025-08-13,515.4595930762,201.2530818586,224.56,285.1166358334,169.3374678171,151.0288342417,103.6337521196,409.9892666227,69.7410859292,286.6921256304,637.8398752982
2025-08-14,517.3409047417,202.2296515765,230.98,288.6789990595,169.6287259316,149.405913238,103.4218615484,413.7551820521,69.6832095093,284.7042532389,637.8992193608
2025-08-15,515.053625822,203.1862913001,231.03,285.0773811422,171.492777865,150.0084348082,103.5181754444,404.1322770995,72.7410136918,283.0379484402,636.4057271192
2025-08-18,512.0138222361,202.7876914153,231.49,286.0980031133,171.114142316,151.3300950268,103.7417568169,408.9387744239,73.0400418611,280.7772308186,636.2672576398
2025-08-19,504.7559198633,200.8644469709,228.01,285.2442135798,172.618975908,153.9345431046,104.4222218634,412.3578292217,73.8020813892,282.8040811,632.815411333
2025-08-20,500.7457555236,198.6223226186,223.81,286.794773882,173.6286707052,155.0132510771,105.5012450088,416.8174659145,73.48376108,284.8991426891,631.1339962266
2025-08-21,500.1021489012,199.0508174948,221.95,286.0391210765,173.7160481396,154.2552400694,106.1817100553,414.1416838989,73.3873003803,286.0197570274,628.6019828898
2025-08-22,503.0676126193,205.3686256696,228.84,290.7202430017,174.0655578771,154.1969315303,108.1745005489,431.7622039872,73.6188060597,291.6520621365,638.2552837363
2025-08-25,500.1219847789,207.7602249787,227.94,289.4052108466,173.211200741,151.74797289,108.6216632938,428.4224316195,72.6541990621,286.6531477403,635.4463314408
2025-08-26,497.9202023528,206.4149503674,228.71,293.0068287639,172.6092673042,151.5730472729,108.3786400629,427.3917600283,72.1911877032,286.4582582902,638.1069235798
2025-08-27,502.5816336153,206.7537602695,229.12,293.7035995326,172.9026707842,152.5351381673,109.6034771467,428.7891128587,71.2748110554,287.0624155856,639.5608531131
2025-08-28,505.4578358837,210.8991990719,231.6,295.4602469637,171.5921352401,151.2620683979,110.186732901,431.0090209013,70.0849683238,287.4814279034,641.8258181682
2025-08-29,502.532043921,212.1647537063,229.0,295.8037255116,173.2743151923,152.612882886,111.1005002492,415.2813688315,70.0460808397,286.5946809053,637.9981261318
2025-09-02,500.9749275206,210.6102141554,225.34,294.1157737902,174.1447455164,153.536101421,111.4893374187,412.3181880067,70.6293931021,284.7237421839,633.2703824795
2025-09-03,501.2030401143,229.8526235963,225.99,293.929314007,174.0860648204,153.7110270382,108.7869190908,411.3965297569,69.637762256,283.8369951858,636.7024474321
2025-09-04,503.8015400947,231.4868831241,235.68,298.1590069834,174.8293536364,154.7022722021,109.2632446235,416.4507846753,68.898900057,282.5604692874,642.0236317102
2025-09-05,490.9379733978,234.1774323469,232.33,288.894899861,174.5066098084,155.5088736591,106.1817100553,419.2851315512,68.9280656701,282.4532800898,640.164184416
2025-09-08,494.1117138319,233.4300575628,235.84,287.4522899596,174.2132063284,154.527346585,106.784407668,418.9878224383,67.8294942427,281.5275552016,641.7368020744
2025-09-09,494.3199905478,239.005489206,238.24,292.3002443223,173.0689327562,154.9646606279,107.562082007,414.3398899741,68.1211503739,279.8027835679,643.2204036389
2025-09-10,496.2639065637,238.5466880332,230.33,294.9401223053,171.9246591841,152.9141436711,109.3604539158,419.1166563872,69.0641718647,280.1535845781,645.0798509331
2025-09-11,496.8986546505,239.7435606579,229.95,299.8665860505,174.5750706204,154.158059171,109.0105004633,427.5106836734,69.3363842538,286.9942042781,650.4405979196
2025-09-12,505.715702294,240.172440015,228.15,301.1914318784,174.1447455164,153.4486386125,109.0299423218,427.6494279261,69.6474841271,285.3376439519,650.2230030235
2025-09-15,511.1308969096,250.9542675755,231.43,303.1443527654,173.4992578603,152.4088029993,109.2146399773,432.0297821888,69.5113779325,282.1219680246,653.6847400074
2025-09-16,504.8627595523,250.5054403412,234.05,303.4289492766,172.5799269562,153.5944099601,111.4796164895,436.7173558681,67.8878254689,277.6687440888,652.7846883915
2025-09-17,505.8347175603,248.8796883594,231.62,305.9412495131,173.3036555403,155.8101344442,112.0725931729,446.617749326,68.3544752788,283.2036044728,651.9736528696
2025-09-18,504.2776011598,251.3731729941,231.23,307.3936730874,170.3305002759,152.8849894016,110.7505467967,462.7715444577,68.8211250887,284.9770984691,655.0199814154
2025-09-19,513.6798071958,254.0561624611,231.48,308.9147923713,172.3158638242,151.6410739018,109.6715236514,462.3553116997,69.1030593489,282.7358697925,658.2553346475
2025-09-22,510.2283644737,251.8718699211,227.63,306.6183929363,170.3794008559,148.7548012186,108.8938493125,467.8654405912,70.3377369709,280.1438401056,661.3695756462
2025-09-23,505.0512003906,251.0041372682,220.71,306.9128031203,172.6972883482,148.2008700975,110.7699886552,467.0329750752,70.3085713578,269.5126206004,657.7693543643
2025-09-24,505.9636507654,246.4959170486,220.21,307.5801328706,172.8048696242,148.1231253788,111.3629653386,465.5761604222,71.7765738847,265.3224974224,655.6766637569
2025-09-25,502.8692538422,245.1494353459,218.15,307.609573889,173.8220016883,147.860736953,112.36422105,459.5606060389,72.57376731,258.9885902928,652.651684443
2025-09-26,507.2629007556,245.8974807363,219.78,310.1709424896,175.7584646566,148.2008700975,113.9487325157,461.5823080062,73.7403918347,259.9630375435,656.3907572343
2025-09-29,510.3771335566,243.4139700401,222.17,309.807836596,177.6264668128,149.2018333513,111.0324537446,467.3798357069,74.0903791921,263.5684923711,658.2354987176
2025-09-30,513.6996430735,242.466445879,219.57,309.5526811032,181.3429108932,149.3184504294,109.6034771467,472.8701439909,73.3904044773,265.7512542127,660.7149899586
2025-10-01,515.4452003122,244.2617548159,220.63,304.920627542,181.9590582013,148.8617002068,108.8646865247,476.5072254714,76.4819594678,263.5782368436,662.9663680053
2025-10-02,511.5077785862,245.0496959605,222.41,301.8195069375,181.8905973893,147.7635560546,108.1842214782,486.1697716391,76.0055877869,265.4420204313,663.7300513075
2025-10-03,513.1045667421,244.7105820502,219.51,304.2532977917,184.4921082456,147.9773540312,110.0992445378,493.3844727776,77.8332995423,266.2954371267,663.7201333426
2025-10-06,524.2324941391,249.7773428279,220.9,304.8911865236,184.0226626775,146.1697893205,111.0130118861,490.9366277485,79.8262831054,265.7853489869,666.1004449339
2025-10-07,519.680160204,245.1195135303,221.78,303.42185517,184.7366111456,148.2397424569,111.0713374615,482.3443943871,80.8956889198,265.7264926631,663.6308716579
2025-10-08,520.5430208845,243.9824845369,225.22,299.8126251335,185.5190204257,146.441895836,110.8380351598,497.6161724839,81.7026042161,263.460524196,667.5881396785
2025-10-09,518.1131258646,240.9005375284,227.74,301.2918177714,186.8784565499,146.3349968478,109.7590120145,495.8719590218,81.3817824718,257.7024138488,665.6541365105
2025-10-10,506.7670038128,235.9534640131,216.37,296.7161818782,186.5263723738,145.4700868518,107.6398494409,486.8932238137,81.0317951143,252.179728797,647.6629480662
2025-10-13,509.8316469194,243.5137094255,220.07,303.6979711291,186.7024144618,143.3321070865,109.1077097557,500.232492677,81.9553728631,255.8876771977,657.6007489599
2025-10-14,509.3555858543,244.8103214356,216.39,297.8896747042,186.6535138818,144.9550280902,109.1563144018,522.7387925199,82.2859164784,257.0059473503,656.7973937978
2025-10-15,509.2167347103,250.3757791402,215.57,301.4495983195,186.9664775939,143.2640804576,108.4952912137,529.2597723951,83.403931648,252.503438578,659.7132754972
2025-10-16,507.4116698385,250.8046584974,214.47,294.3987800788,187.895588614,145.3826240432,107.5523610778,536.1077922944,82.6845131911,248.3540677487,655.2204373686
2025-10-17,509.3655037932,252.6398631886,213.04,293.432374222,188.9714013741,147.1318802149,109.1077097557,522.3522906732,82.178975897,248.3736865233,658.93967423
2025-10-20,512.5491621661,255.8813932137,216.48,298.1657906633,189.4604071742,147.676093246,109.5548725006,527.9119710835,82.4123008019,249.3644346409,665.79298802
2025-10-21,513.4120228466,249.8072646435,222.03,292.9688938622,187.6608658299,147.3456781914,109.5645934298,521.4221462197,81.6539948609,249.8549040061,665.7830700551
2025-10-22,516.2683892373,251.0340590838,217.95,290.0302311549,188.6975581261,147.9093274023,111.5087792772,510.7482229367,80.5359796913,248.3246395867,662.3217002827
2025-10-23,516.288225115,252.4204365407,221.09,290.4542663777,188.237892674,147.9190454921,112.7433372903,517.2976786569,80.9345764039,250.0707105268,666.2492144084
2025-10-24,519.3131964663,259.2426105013,224.21,296.2724240868,186.2134086618,149.2181597422,112.1698024653,519.5139588171,82.0623134445,250.0510917522,671.6941771735
2025-10-27,527.1582861018,268.5682430351,226.97,299.9309605445,186.1156075018,148.4842518151,112.7044535733,523.8272574249,83.6372565529,250.8848896729,679.6186311796
2025-10-28,537.6217115954,266.7729340981,229.25,301.1241759391,182.8197084094,148.1221905711,111.8198490128,521.2432536507,81.2456762772,249.5802411616,681.423700803
2025-10-29,537.1059787749,273.8544304606,230.3,301.2720952029,182.4969645813,145.5779764237,113.2002209644,581.8878345376,79.4860176191,243.6063242938,681.7509936468
2025-10-30,521.4455533204,280.746421991,222.86,305.1475799142,184.8930930016,146.370596985,111.4893374187,579.5622311407,79.3693551666,239.9964697661,674.2530121341
2025-10-31,513.5607919295,280.4571777734,244.22,306.8042756686,184.7170509136,147.1436466682,111.1685467539,573.7084687444,79.1360302616,237.9659265943,676.4647183211
2025-11-03,512.7871926987,282.9805842237,254.0,305.0588283559,182.1644406373,144.8440684966,110.5852909997,567.0795052158,79.5054613611,234.7974944953,677.7342178364
2025-11-04,510.1093492074,276.8166902067,249.32,304.9602155134,182.7512475974,144.0123061792,110.9546863107,544.2110718135,79.4179645218,236.1806181051,669.7006662158
2025-11-05,502.9981870473,283.5690465975,250.2,307.3565075868,181.9101576213,142.6619155933,110.5075235658,565.6483646639,79.8554487186,233.0318047807,672.0214700173
2025-11-06,493.0207405576,284.0078998932,243.04,309.0723710468,182.8588288734,142.9946205203,111.3046397632,566.2744886554,79.719342524,253.8571340259,664.8111094886
2025-11-07,492.7430382697,278.1033282782,244.41,309.8514125027,182.4676242333,143.8263828377,113.9487325157,559.6355866507,81.5956636346,254.7890258197,665.4656951762
2025-11-10,501.8477061399,289.3439570115,248.4,312.4942366824,184.2671655776,142.3781378615,114.9208254394,567.3379055932,82.4123008019,253.503996083,675.8498044933
2025-11-11,504.5057137535,290.5508035747,249.1,311.2418535823,189.5679884502,145.3529113261,116.4372904003,564.4358705852,83.3747660349,257.2315632583,677.3970070277
2025-11-12,506.9455267122,285.9627918468,244.2,315.9654087394,190.1156749462,144.8342830576,114.823616147,569.4945548971,83.5011503584,256.5645249216,677.7738896963
2025-11-13,499.1599447098,277.8440058762,237.58,305.1870250512,190.9567649223,144.7853558624,115.4749184059,550.1443420183,81.6539948609,258.0163142426,666.5269174273
2025-11-14,505.993404582,275.6896351518,234.69,299.3984511949,191.6218128104,144.5015781306,116.9622205791,550.6213888689,81.5470542794,254.3966503276,666.4178198127
2025-11-17,503.3254790296,284.2771962337,232.87,296.203395097,195.1915551508,142.6912719104,115.3836375032,548.65357061,83.3650441638,248.2657832629,660.2091737454
2025-11-18,489.7379027961,283.5391247819,222.55,295.2567118088,195.6023200229,143.8361682767,116.7072941197,543.5153784897,82.2859164784,247.3535102437,654.6650313306
2025-11-19,483.1226375788,292.0468943555,222.69,299.0631675303,198.0571291392,143.8361682767,115.0600769969,549.7070490719,81.92620725,248.4227334598,657.1941123964
2025-11-20,475.4064811485,288.6956510064,217.14,294.2409995308,198.6048156352,145.0104209601,114.7365164907,542.7699927855,81.9553728631,246.3039058022,647.176967783
2025-11-21,469.1363582547,298.8790422546,220.69,293.8859932977,199.4165652633,147.6818458148,114.7953456736,547.0435374891,81.7089234322,252.4642010288,653.6236450094
2025-11-24,471.0044772785,317.74973397,226.28,293.8662707292,201.5192902036,143.8263828377,113.7070057889,556.1571200315,82.4430117477,251.6892594318,663.2440710243
2025-11-25,473.9755814707,322.5970680999,229.67,298.7969128555,203.3970724758,145.3039841309,112.2754956704,563.123991746,83.0302824001,253.9944654481,669.4824709866
2025-11-26,482.4318010944,319.1161635499,229.16,303.3725487487,204.2729779991,145.0691335943,112.5304221298,570.200186697,83.7252193387,254.0238936101,674.1042426597
2025-11-28,488.9006600545,319.3455641363,233.22,308.7370873822,203.6431133531,144.981064643,113.6579814698,572.2176973362,84.4593076541,256.0740555565,677.7838076613
2025-12-01,483.6639647058,314.0693506492,233.88,304.6347931331,202.0881350084,144.276513033,114.3541268014,564.5650707739,82.8541012043,255.8876771977,674.6894025925
2025-12-02,486.9033625875,314.9869529948,234.42,303.6092195708,202.1668680891,142.7304136665,113.1285188232,578.886414769,82.7855862949,251.8756377906,675.939066178
2025-12-03,474.7109049162,318.7969975166,232.38,307.8002653782,202.0782933733,143.5621759839,115.5012958691,587.8509201705,83.1477365305,255.3873984452,678.2797059094
2025-12-04,477.8012507481,316.7922358703,229.11,311.7151952265,199.2734273716,142.2411417151,114.8541748566,595.4637928286,81.6208328344,256.6331906328,678.7756041576
2025-12-05,480.1065891179,320.432723437,229.53,310.6698990957,198.7321374415,140.3721228607,114.265883027,599.4590602026,81.366348885,255.7209176135,680.0649396029
2025-12-08,487.916916526,313.1118525495,226.89,310.837540928,198.4270467536,135.3717635172,113.7168106528,592.830096674,78.8410850799,231.5505872979,678.0218388204
2025-12-09,488.9105968578,316.4653391763,227.92,296.3414530766,196.7933353281,136.6340851519,115.9425147412,590.7032627983,77.9503912571,226.3614214143,677.4366788875
2025-12-10,475.5356595916,319.589271659,231.78,305.8082859591,203.2691312196,136.8200084934,117.2073421748,611.5641240375,79.5458098627,232.1980068599,681.9295170161
2025-12-11,480.4146300208,311.8243532195,230.28,312.9774396108,206.684178597,137.7398397621,117.2073421748,621.7610004698,79.4870827975,239.0841967469,683.5163914103
2025-12-12,475.5058491816,308.6904401219,226.19,314.1016260156,208.2293153067,139.77521108,116.5013919793,594.2115448456,79.9177479425,238.3681114737,676.1671793722
2025-12-15,471.8192951506,307.6225143211,222.54,315.5808186535,210.7782987959,142.0160766174,115.4620764138,586.131563813,79.9177479425,240.3397983217,675.1456289809
2025-12-16,473.3793732716,305.9757128525,222.56,311.1728245926,205.9854225054,142.0943601297,112.4421783554,585.3066703005,79.5947490837,237.632407426,673.3008874976
2025-12-17,473.111079582,296.1448071162,221.27,310.6107313902,206.99911092,144.638574277,115.1189061799,558.433031048,78.5866011305,241.6836843823,665.8921676697
2025-12-18,480.92140699,301.8736801036,226.76,308.6581971081,205.0111006311,142.3977087395,114.265883027,562.3487906137,79.134720406,239.1038155215,670.9205759063
2025-12-19,482.8491468337,306.5645691352,227.35,312.8097977785,203.101823423,141.3604522025,114.4129559844,572.6748672347,77.852512815,235.3860577335,676.9837928698
2025-12-22,481.8554665019,309.1794902549,228.43,318.6082329191,204.0367787569,139.6284294945,115.844466103,578.8267839127,78.3419050254,240.1141824138,681.2013266005
2025-12-23,483.7732695423,313.740631292,232.14,321.4088376468,202.5211669525,140.1079160069,117.0896838089,578.8367223887,78.0972089202,240.1043730265,684.3147418309
2025-12-24,484.9358755305,313.481135303,232.38,324.6038937447,204.4894939712,141.3898085196,116.8935865323,580.1684781801,78.7432066378,241.1539774679,686.7219191017
2025-12-26,484.6278346277,312.9022596353,232.52,323.3613719289,204.3418694448,141.6344444953,116.7857330303,579.4131539999,78.704055261,242.7038606619,686.6522900071
2025-12-29,484.0216896253,312.9521627101,232.07,319.2590776798,204.2729779991,141.4680920318,118.1780236935,575.0501630118,78.5670254421,243.1256643159,684.2053246822
2025-12-30,484.3992881514,313.241600544,232.53,318.9336552994,203.633271718,140.9592492024,118.6290474295,573.8376689331,78.8215093914,244.0771748844,683.3697755469
2025-12-31,480.5636820706,312.3932482723,230.82,317.7503011891,203.6726382584,140.2351267143,117.9917312808,569.3454777563,78.5768132863,242.3114851697,678.3067456674
